name,class,length,status,checked_at
aaaa,4-repeated,4,taken,2026-09-21T19:03:58.300Z
bbbb,4-repeated,4,taken,2026-09-21T19:03:58.300Z
cccc,4-repeated,4,taken,2026-09-21T19:03:58.300Z
dddd,4-repeated,4,taken,2026-09-21T19:03:58.300Z
eeee,4-repeated,4,taken,2026-09-21T19:03:58.300Z
ffff,4-repeated,4,taken,2026-09-21T19:03:58.300Z
gggg,4-repeated,4,taken,2026-09-21T19:03:58.300Z
hhhh,4-repeated,4,taken,2026-09-21T19:03:58.300Z
iiii,4-repeated,4,taken,2026-09-21T19:03:58.300Z
jjjj,4-repeated,4,taken,2026-09-21T19:03:58.300Z
kkkk,4-repeated,4,taken,2026-09-21T19:03:58.300Z
llll,4-repeated,4,taken,2026-09-21T19:03:58.300Z
mmmm,4-repeated,4,taken,2026-09-21T19:03:58.300Z
nnnn,4-repeated,4,taken,2026-09-21T19:03:58.300Z
oooo,4-repeated,4,taken,2026-09-21T19:03:58.300Z
pppp,4-repeated,4,taken,2026-09-21T19:03:58.300Z
qqqq,4-repeated,4,taken,2026-09-21T19:03:58.300Z
rrrr,4-repeated,4,taken,2026-09-21T19:03:58.300Z
ssss,4-repeated,4,taken,2026-09-21T19:03:58.300Z
tttt,4-repeated,4,taken,2026-09-21T19:03:58.300Z
uuuu,4-repeated,4,taken,2026-09-21T19:03:58.300Z
vvvv,4-repeated,4,taken,2026-09-21T19:03:58.300Z
wwww,4-repeated,4,taken,2026-09-21T19:03:58.300Z
xxxx,4-repeated,4,taken,2026-09-21T19:03:58.300Z
yyyy,4-repeated,4,taken,2026-09-21T19:03:58.300Z
zzzz,4-repeated,4,taken,2026-09-21T19:03:58.300Z
0000,4-repeated,4,taken,2026-09-21T19:03:58.300Z
1111,4-repeated,4,taken,2026-09-21T19:03:58.300Z
2222,4-repeated,4,taken,2026-09-21T19:03:58.300Z
3333,4-repeated,4,taken,2026-09-21T19:03:58.300Z
4444,4-repeated,4,taken,2026-09-21T19:03:58.300Z
5555,4-repeated,4,taken,2026-09-21T19:03:58.300Z
6666,4-repeated,4,taken,2026-09-21T19:03:58.300Z
7777,4-repeated,4,taken,2026-09-21T19:03:58.300Z
8888,4-repeated,4,taken,2026-09-21T19:03:58.300Z
9999,4-repeated,4,taken,2026-09-21T19:03:58.300Z
dork,4-words,4,taken,2026-09-21T19:03:58.300Z
yams,4-words,4,taken,2026-09-21T19:03:58.300Z
sons,4-words,4,taken,2026-09-21T19:03:58.300Z
alto,4-words,4,taken,2026-09-21T19:03:58.300Z
yard,4-words,4,taken,2026-09-21T19:03:58.300Z
neve,4-words,4,taken,2026-09-21T19:03:58.300Z
lynx,4-words,4,taken,2026-09-21T19:03:58.300Z
lied,4-words,4,taken,2026-09-21T19:03:58.300Z
logo,4-words,4,taken,2026-09-21T19:03:58.300Z
,4-words,4,blocked,2026-09-21T20:39:21.545Z
uses,4-words,4,taken,2026-09-21T19:03:58.300Z
arty,4-words,4,taken,2026-09-21T19:03:58.300Z
tram,4-words,4,taken,2026-09-21T19:03:58.300Z
cops,4-words,4,taken,2026-09-21T19:03:58.300Z
vote,4-words,4,taken,2026-09-21T19:03:58.300Z
days,4-words,4,taken,2026-09-21T19:03:58.300Z
tied,4-words,4,taken,2026-09-21T19:03:58.300Z
army,4-words,4,taken,2026-09-21T19:03:58.300Z
limb,4-words,4,taken,2026-09-21T19:03:58.300Z
term,4-words,4,taken,2026-09-21T19:03:58.300Z
bike,4-words,4,taken,2026-09-21T19:03:58.300Z
olds,4-words,4,taken,2026-09-21T19:03:58.300Z
mush,4-words,4,taken,2026-09-21T19:03:58.300Z
yank,4-words,4,taken,2026-09-21T19:03:58.300Z
scan,4-words,4,taken,2026-09-21T19:03:58.300Z
slim,4-words,4,taken,2026-09-21T19:03:58.300Z
haze,4-words,4,taken,2026-09-21T19:03:58.300Z
crab,4-words,4,taken,2026-09-21T19:03:58.300Z
real,4-words,4,taken,2026-09-21T19:03:58.300Z
nail,4-words,4,taken,2026-09-21T19:03:58.300Z
nada,4-words,4,taken,2026-09-21T19:03:58.300Z
mags,4-words,4,taken,2026-09-21T19:03:58.300Z
echo,4-words,4,taken,2026-09-21T19:03:58.300Z
went,4-words,4,taken,2026-09-21T19:03:58.300Z
desk,4-words,4,taken,2026-09-21T19:03:58.300Z
calm,4-words,4,taken,2026-09-21T19:03:58.300Z
gill,4-words,4,taken,2026-09-21T19:03:58.300Z
tact,4-words,4,taken,2026-09-21T19:03:58.300Z
amen,4-words,4,taken,2026-09-21T19:03:58.300Z
ford,4-words,4,taken,2026-09-21T19:03:58.300Z
keys,4-words,4,taken,2026-09-21T19:03:58.300Z
chit,4-words,4,taken,2026-09-21T19:03:58.300Z
pled,4-words,4,taken,2026-09-21T19:03:58.300Z
loan,4-words,4,taken,2026-09-21T19:03:58.300Z
defy,4-words,4,taken,2026-09-21T19:03:58.300Z
flop,4-words,4,taken,2026-09-21T19:03:58.300Z
pier,4-words,4,taken,2026-09-21T19:03:58.300Z
knob,4-words,4,taken,2026-09-21T19:03:58.300Z
ware,4-words,4,taken,2026-09-21T19:03:58.300Z
laid,4-words,4,taken,2026-09-21T19:03:58.300Z
want,4-words,4,taken,2026-09-21T19:03:58.300Z
scow,4-words,4,taken,2026-09-21T19:03:58.300Z
link,4-words,4,taken,2026-09-21T19:03:58.300Z
king,4-words,4,taken,2026-09-21T19:03:58.300Z
tart,4-words,4,taken,2026-09-21T19:03:58.300Z
dump,4-words,4,taken,2026-09-21T19:03:58.300Z
rich,4-words,4,taken,2026-09-21T19:03:58.300Z
come,4-words,4,taken,2026-09-21T19:03:58.300Z
beam,4-words,4,taken,2026-09-21T19:03:58.300Z
node,4-words,4,taken,2026-09-21T19:03:58.300Z
kins,4-words,4,taken,2026-09-21T19:03:58.300Z
dewy,4-words,4,taken,2026-09-21T19:03:58.300Z
pooh,4-words,4,taken,2026-09-21T19:03:58.300Z
sulk,4-words,4,taken,2026-09-21T19:03:58.300Z
seat,4-words,4,taken,2026-09-21T19:04:23.488Z
,4-words,4,blocked,2026-09-21T20:39:23.024Z
,4-words,4,blocked,2026-09-21T20:39:24.499Z
ooze,4-words,4,taken,2026-09-21T19:04:23.488Z
haha,4-words,4,taken,2026-09-21T19:04:23.488Z
love,4-words,4,taken,2026-09-21T19:04:23.488Z
rite,4-words,4,taken,2026-09-21T19:04:23.488Z
roam,4-words,4,taken,2026-09-21T19:04:23.488Z
pail,4-words,4,taken,2026-09-21T19:04:23.488Z
died,4-words,4,taken,2026-09-21T19:04:23.488Z
dink,4-words,4,taken,2026-09-21T19:04:23.488Z
narc,4-words,4,taken,2026-09-21T19:04:23.488Z
pump,4-words,4,taken,2026-09-21T19:04:23.488Z
punk,4-words,4,taken,2026-09-21T19:04:23.488Z
deck,4-words,4,taken,2026-09-21T19:04:23.488Z
hunk,4-words,4,taken,2026-09-21T19:04:23.488Z
whip,4-words,4,taken,2026-09-21T19:04:23.488Z
clad,4-words,4,taken,2026-09-21T19:04:23.488Z
sway,4-words,4,taken,2026-09-21T19:04:23.488Z
rook,4-words,4,taken,2026-09-21T19:04:23.488Z
balm,4-words,4,taken,2026-09-21T19:04:23.488Z
copy,4-words,4,taken,2026-09-21T19:04:23.488Z
what,4-words,4,taken,2026-09-21T19:04:23.488Z
crap,4-words,4,taken,2026-09-21T19:04:23.488Z
hall,4-words,4,taken,2026-09-21T19:04:23.488Z
bomb,4-words,4,taken,2026-09-21T19:04:23.488Z
mold,4-words,4,taken,2026-09-21T19:04:23.488Z
memo,4-words,4,taken,2026-09-21T19:04:23.488Z
iffy,4-words,4,taken,2026-09-21T19:04:23.488Z
warm,4-words,4,taken,2026-09-21T19:04:23.488Z
lark,4-words,4,taken,2026-09-21T19:04:23.488Z
okra,4-words,4,taken,2026-09-21T19:04:23.488Z
math,4-words,4,taken,2026-09-21T19:04:23.488Z
snub,4-words,4,taken,2026-09-21T19:04:23.488Z
wits,4-words,4,taken,2026-09-21T19:04:23.488Z
,4-words,4,blocked,2026-09-21T20:39:25.980Z
hugs,4-words,4,taken,2026-09-21T19:04:23.488Z
mutt,4-words,4,taken,2026-09-21T19:04:23.488Z
skin,4-words,4,taken,2026-09-21T19:04:23.488Z
conk,4-words,4,taken,2026-09-21T19:04:23.488Z
coax,4-words,4,taken,2026-09-21T19:04:23.488Z
moms,4-words,4,taken,2026-09-21T19:04:23.488Z
kane,4-words,4,taken,2026-09-21T19:04:23.488Z
jabs,4-words,4,taken,2026-09-21T19:04:23.488Z
wind,4-words,4,taken,2026-09-21T19:04:23.488Z
wide,4-words,4,taken,2026-09-21T19:04:23.488Z
null,4-words,4,taken,2026-09-21T19:04:23.488Z
cafe,4-words,4,taken,2026-09-21T19:04:23.488Z
hurl,4-words,4,taken,2026-09-21T19:04:23.488Z
duff,4-words,4,taken,2026-09-21T19:04:23.488Z
chic,4-words,4,taken,2026-09-21T19:04:23.488Z
also,4-words,4,taken,2026-09-21T19:04:23.488Z
toll,4-words,4,taken,2026-09-21T19:04:23.488Z
mick,4-words,4,taken,2026-09-21T19:04:23.488Z
cove,4-words,4,taken,2026-09-21T19:04:23.488Z
rear,4-words,4,taken,2026-09-21T19:04:23.488Z
cost,4-words,4,taken,2026-09-21T19:04:23.488Z
duel,4-words,4,taken,2026-09-21T19:04:23.488Z
idol,4-words,4,taken,2026-09-21T19:04:23.488Z
fair,4-words,4,taken,2026-09-21T19:04:23.488Z
film,4-words,4,taken,2026-09-21T19:04:23.488Z
line,4-words,4,taken,2026-09-21T19:04:23.488Z
hind,4-words,4,taken,2026-09-21T19:04:23.488Z
rave,4-words,4,taken,2026-09-21T19:04:23.488Z
fury,4-words,4,taken,2026-09-21T19:04:23.488Z
rang,4-words,4,taken,2026-09-21T19:04:23.488Z
crop,4-words,4,taken,2026-09-21T19:04:23.488Z
mash,4-words,4,taken,2026-09-21T19:04:23.488Z
bura,4-words,4,taken,2026-09-21T19:04:23.488Z
ball,4-words,4,taken,2026-09-21T19:04:23.488Z
cabs,4-words,4,taken,2026-09-21T19:04:23.488Z
frat,4-words,4,taken,2026-09-21T19:04:23.488Z
vent,4-words,4,taken,2026-09-21T19:04:23.488Z
acme,4-words,4,taken,2026-09-21T19:04:23.488Z
scot,4-words,4,taken,2026-09-21T19:04:23.488Z
clay,4-words,4,taken,2026-09-21T19:04:23.488Z
duty,4-words,4,taken,2026-09-21T19:04:23.488Z
dolt,4-words,4,taken,2026-09-21T19:04:23.488Z
carb,4-words,4,taken,2026-09-21T19:04:23.488Z
ripe,4-words,4,taken,2026-09-21T19:04:23.488Z
alec,4-words,4,taken,2026-09-21T19:04:23.488Z
glue,4-words,4,taken,2026-09-21T19:04:23.488Z
pool,4-words,4,taken,2026-09-21T19:04:23.488Z
newt,4-words,4,taken,2026-09-21T19:04:23.488Z
bags,4-words,4,taken,2026-09-21T19:04:23.488Z
gong,4-words,4,taken,2026-09-21T19:04:23.488Z
gels,4-words,4,taken,2026-09-21T19:04:23.488Z
whee,4-words,4,taken,2026-09-21T19:04:23.488Z
suss,4-words,4,taken,2026-09-21T19:04:23.488Z
slot,4-words,4,taken,2026-09-21T19:04:23.488Z
cons,4-words,4,taken,2026-09-21T19:04:23.488Z
land,4-words,4,taken,2026-09-21T19:04:23.488Z
lame,4-words,4,taken,2026-09-21T19:04:23.488Z
rods,4-words,4,taken,2026-09-21T19:04:23.488Z
lair,4-words,4,taken,2026-09-21T19:04:23.488Z
tear,4-words,4,taken,2026-09-21T19:04:23.488Z
teal,4-words,4,taken,2026-09-21T19:04:23.488Z
bold,4-words,4,taken,2026-09-21T19:04:23.488Z
oyez,4-words,4,taken,2026-09-21T19:04:23.488Z
jock,4-words,4,taken,2026-09-21T19:04:23.488Z
peep,4-words,4,taken,2026-09-21T19:04:54.750Z
whim,4-words,4,taken,2026-09-21T19:04:54.750Z
gems,4-words,4,taken,2026-09-21T19:04:54.750Z
sook,4-words,4,taken,2026-09-21T19:04:54.750Z
jiff,4-words,4,taken,2026-09-21T19:04:54.750Z
anon,4-words,4,taken,2026-09-21T19:04:54.750Z
oral,4-words,4,taken,2026-09-21T19:04:54.750Z
palm,4-words,4,taken,2026-09-21T19:04:54.750Z
dyke,4-words,4,taken,2026-09-21T19:04:54.750Z
scud,4-words,4,taken,2026-09-21T19:04:54.750Z
safe,4-words,4,taken,2026-09-21T19:04:54.750Z
anti,4-words,4,taken,2026-09-21T19:04:54.750Z
fold,4-words,4,taken,2026-09-21T19:04:54.750Z
moly,4-words,4,taken,2026-09-21T19:04:54.750Z
flog,4-words,4,taken,2026-09-21T19:04:54.750Z
lama,4-words,4,taken,2026-09-21T19:04:54.750Z
bent,4-words,4,taken,2026-09-21T19:04:54.750Z
soul,4-words,4,taken,2026-09-21T19:04:54.750Z
monk,4-words,4,taken,2026-09-21T19:04:54.750Z
wire,4-words,4,taken,2026-09-21T19:04:54.750Z
cube,4-words,4,taken,2026-09-21T19:04:54.750Z
lick,4-words,4,taken,2026-09-21T19:04:54.750Z
kill,4-words,4,taken,2026-09-21T19:04:54.750Z
gave,4-words,4,taken,2026-09-21T19:04:54.750Z
mach,4-words,4,taken,2026-09-21T19:04:54.750Z
hang,4-words,4,taken,2026-09-21T19:04:54.750Z
shay,4-words,4,taken,2026-09-21T19:04:54.750Z
twit,4-words,4,taken,2026-09-21T19:04:54.750Z
lobe,4-words,4,taken,2026-09-21T19:04:54.750Z
burp,4-words,4,taken,2026-09-21T19:04:54.750Z
punt,4-words,4,taken,2026-09-21T19:04:54.750Z
hand,4-words,4,taken,2026-09-21T19:04:54.750Z
aura,4-words,4,taken,2026-09-21T19:04:54.750Z
scum,4-words,4,taken,2026-09-21T19:04:54.750Z
loos,4-words,4,taken,2026-09-21T19:04:54.750Z
gift,4-words,4,taken,2026-09-21T19:04:54.750Z
slow,4-words,4,taken,2026-09-21T19:04:54.750Z
quid,4-words,4,taken,2026-09-21T19:04:54.750Z
your,4-words,4,taken,2026-09-21T19:04:54.750Z
ones,4-words,4,taken,2026-09-21T19:04:54.750Z
lulu,4-words,4,taken,2026-09-21T19:04:54.750Z
guru,4-words,4,taken,2026-09-21T19:04:54.750Z
reps,4-words,4,taken,2026-09-21T19:04:54.750Z
hire,4-words,4,taken,2026-09-21T19:04:54.750Z
else,4-words,4,taken,2026-09-21T19:04:54.750Z
wise,4-words,4,taken,2026-09-21T19:04:54.750Z
abba,4-words,4,taken,2026-09-21T19:04:54.750Z
whiz,4-words,4,taken,2026-09-21T19:04:54.750Z
cave,4-words,4,taken,2026-09-21T19:04:54.750Z
ship,4-words,4,taken,2026-09-21T19:04:54.750Z
told,4-words,4,taken,2026-09-21T19:04:54.750Z
bane,4-words,4,taken,2026-09-21T19:04:54.750Z
nary,4-words,4,taken,2026-09-21T19:04:54.750Z
mate,4-words,4,taken,2026-09-21T19:04:54.750Z
game,4-words,4,taken,2026-09-21T19:04:54.750Z
carp,4-words,4,taken,2026-09-21T19:04:54.750Z
most,4-words,4,taken,2026-09-21T19:04:54.750Z
pros,4-words,4,taken,2026-09-21T19:04:54.750Z
afar,4-words,4,taken,2026-09-21T19:04:54.750Z
laws,4-words,4,taken,2026-09-21T19:04:54.750Z
iron,4-words,4,taken,2026-09-21T19:04:54.750Z
fads,4-words,4,taken,2026-09-21T19:04:54.750Z
deli,4-words,4,taken,2026-09-21T19:04:54.750Z
menu,4-words,4,taken,2026-09-21T19:04:54.750Z
tubs,4-words,4,taken,2026-09-21T19:04:54.750Z
glee,4-words,4,taken,2026-09-21T19:04:54.750Z
begs,4-words,4,taken,2026-09-21T19:04:54.750Z
wool,4-words,4,taken,2026-09-21T19:04:54.750Z
lung,4-words,4,taken,2026-09-21T19:04:54.750Z
plan,4-words,4,taken,2026-09-21T19:04:54.750Z
apex,4-words,4,taken,2026-09-21T19:04:54.750Z
bids,4-words,4,taken,2026-09-21T19:04:54.750Z
wait,4-words,4,taken,2026-09-21T19:04:54.750Z
toed,4-words,4,taken,2026-09-21T19:04:54.750Z
arid,4-words,4,taken,2026-09-21T19:04:54.750Z
walk,4-words,4,taken,2026-09-21T19:04:54.750Z
pelt,4-words,4,taken,2026-09-21T19:04:54.750Z
lids,4-words,4,taken,2026-09-21T19:04:54.750Z
mama,4-words,4,taken,2026-09-21T19:04:54.750Z
lira,4-words,4,taken,2026-09-21T19:04:54.750Z
vive,4-words,4,taken,2026-09-21T19:04:54.750Z
shiv,4-words,4,taken,2026-09-21T19:04:54.750Z
bats,4-words,4,taken,2026-09-21T19:04:54.750Z
book,4-words,4,taken,2026-09-21T19:04:54.750Z
sank,4-words,4,taken,2026-09-21T19:04:54.750Z
keel,4-words,4,taken,2026-09-21T19:04:54.750Z
fuel,4-words,4,taken,2026-09-21T19:04:54.750Z
daze,4-words,4,taken,2026-09-21T19:04:54.750Z
vest,4-words,4,taken,2026-09-21T19:04:54.750Z
rush,4-words,4,taken,2026-09-21T19:04:54.750Z
life,4-words,4,taken,2026-09-21T19:04:54.750Z
poet,4-words,4,taken,2026-09-21T19:04:54.750Z
sunk,4-words,4,taken,2026-09-21T19:04:54.750Z
ciao,4-words,4,taken,2026-09-21T19:04:54.750Z
look,4-words,4,taken,2026-09-21T19:04:54.750Z
thus,4-words,4,taken,2026-09-21T19:04:54.750Z
okay,4-words,4,taken,2026-09-21T19:04:54.750Z
oaks,4-words,4,taken,2026-09-21T19:04:54.750Z
awry,4-words,4,taken,2026-09-21T19:04:54.750Z
tidy,4-words,4,taken,2026-09-21T19:04:54.750Z
weds,4-words,4,taken,2026-09-21T19:05:26.035Z
polo,4-words,4,taken,2026-09-21T19:05:26.035Z
mace,4-words,4,taken,2026-09-21T19:05:26.035Z
bait,4-words,4,taken,2026-09-21T19:05:26.035Z
gale,4-words,4,taken,2026-09-21T19:05:26.035Z
toes,4-words,4,taken,2026-09-21T19:05:26.035Z
ajar,4-words,4,taken,2026-09-21T19:05:26.035Z
ritz,4-words,4,taken,2026-09-21T19:05:26.035Z
coot,4-words,4,taken,2026-09-21T19:05:26.035Z
pose,4-words,4,taken,2026-09-21T19:05:26.035Z
cuff,4-words,4,taken,2026-09-21T19:05:26.035Z
cris,4-words,4,taken,2026-09-21T19:05:26.035Z
chum,4-words,4,taken,2026-09-21T19:05:26.035Z
boon,4-words,4,taken,2026-09-21T19:05:26.035Z
snap,4-words,4,taken,2026-09-21T19:05:26.035Z
exam,4-words,4,taken,2026-09-21T19:05:26.035Z
load,4-words,4,taken,2026-09-21T19:05:26.035Z
claw,4-words,4,taken,2026-09-21T19:05:26.035Z
step,4-words,4,taken,2026-09-21T19:05:26.035Z
jobs,4-words,4,taken,2026-09-21T19:05:26.035Z
stop,4-words,4,taken,2026-09-21T19:05:26.035Z
hams,4-words,4,taken,2026-09-21T19:05:26.035Z
coma,4-words,4,taken,2026-09-21T19:05:26.035Z
sure,4-words,4,taken,2026-09-21T19:05:26.035Z
melt,4-words,4,taken,2026-09-21T19:05:26.035Z
knew,4-words,4,taken,2026-09-21T19:05:26.035Z
juke,4-words,4,taken,2026-09-21T19:05:26.035Z
join,4-words,4,taken,2026-09-21T19:05:26.035Z
woof,4-words,4,taken,2026-09-21T19:05:26.035Z
tool,4-words,4,taken,2026-09-21T19:05:26.035Z
tins,4-words,4,taken,2026-09-21T19:05:26.035Z
gory,4-words,4,taken,2026-09-21T19:05:26.035Z
flee,4-words,4,taken,2026-09-21T19:05:26.035Z
mess,4-words,4,taken,2026-09-21T19:05:26.035Z
down,4-words,4,taken,2026-09-21T19:05:26.035Z
evil,4-words,4,taken,2026-09-21T19:05:26.035Z
cusp,4-words,4,taken,2026-09-21T19:05:26.035Z
dirk,4-words,4,taken,2026-09-21T19:05:26.035Z
gear,4-words,4,taken,2026-09-21T19:05:26.035Z
rise,4-words,4,taken,2026-09-21T19:05:26.035Z
yolk,4-words,4,taken,2026-09-21T19:05:26.035Z
feed,4-words,4,taken,2026-09-21T19:05:26.035Z
nuts,4-words,4,taken,2026-09-21T19:05:26.035Z
lime,4-words,4,taken,2026-09-21T19:05:26.035Z
shag,4-words,4,taken,2026-09-21T19:05:26.035Z
ahem,4-words,4,taken,2026-09-21T19:05:26.035Z
fake,4-words,4,taken,2026-09-21T19:05:26.035Z
deft,4-words,4,taken,2026-09-21T19:05:26.035Z
howl,4-words,4,taken,2026-09-21T19:05:26.035Z
grey,4-words,4,taken,2026-09-21T19:05:26.035Z
goes,4-words,4,taken,2026-09-21T19:05:26.035Z
rely,4-words,4,taken,2026-09-21T19:05:26.035Z
dang,4-words,4,taken,2026-09-21T19:05:26.035Z
pine,4-words,4,taken,2026-09-21T19:05:26.035Z
coat,4-words,4,taken,2026-09-21T19:05:26.035Z
skis,4-words,4,taken,2026-09-21T19:05:26.035Z
were,4-words,4,taken,2026-09-21T19:05:26.035Z
test,4-words,4,taken,2026-09-21T19:05:26.035Z
dean,4-words,4,taken,2026-09-21T19:05:26.035Z
turk,4-words,4,taken,2026-09-21T19:05:26.035Z
bail,4-words,4,taken,2026-09-21T19:05:26.035Z
weep,4-words,4,taken,2026-09-21T19:05:26.035Z
heft,4-words,4,taken,2026-09-21T19:05:26.035Z
torn,4-words,4,taken,2026-09-21T19:05:26.035Z
hick,4-words,4,taken,2026-09-21T19:05:26.035Z
loft,4-words,4,taken,2026-09-21T19:05:26.035Z
vein,4-words,4,taken,2026-09-21T19:05:26.035Z
info,4-words,4,taken,2026-09-21T19:05:26.035Z
aria,4-words,4,taken,2026-09-21T19:05:26.035Z
yuck,4-words,4,taken,2026-09-21T19:05:26.035Z
cant,4-words,4,taken,2026-09-21T19:05:26.035Z
rake,4-words,4,taken,2026-09-21T19:05:26.035Z
hoop,4-words,4,taken,2026-09-21T19:05:26.035Z
fray,4-words,4,taken,2026-09-21T19:05:26.035Z
lean,4-words,4,taken,2026-09-21T19:05:26.035Z
moat,4-words,4,taken,2026-09-21T19:05:26.035Z
tuba,4-words,4,taken,2026-09-21T19:05:26.035Z
ally,4-words,4,taken,2026-09-21T19:05:26.035Z
gaze,4-words,4,taken,2026-09-21T19:05:26.035Z
haps,4-words,4,taken,2026-09-21T19:05:26.035Z
noir,4-words,4,taken,2026-09-21T19:05:26.035Z
shop,4-words,4,taken,2026-09-21T19:05:26.035Z
lays,4-words,4,taken,2026-09-21T19:05:26.035Z
ants,4-words,4,taken,2026-09-21T19:05:26.035Z
tips,4-words,4,taken,2026-09-21T19:05:26.035Z
knee,4-words,4,taken,2026-09-21T19:05:26.035Z
rink,4-words,4,taken,2026-09-21T19:05:26.035Z
stab,4-words,4,taken,2026-09-21T19:05:26.035Z
nosh,4-words,4,taken,2026-09-21T19:05:26.035Z
dong,4-words,4,taken,2026-09-21T19:05:26.035Z
fame,4-words,4,taken,2026-09-21T19:05:26.035Z
this,4-words,4,taken,2026-09-21T19:05:26.035Z
mild,4-words,4,taken,2026-09-21T19:05:26.035Z
pits,4-words,4,taken,2026-09-21T19:05:26.035Z
peel,4-words,4,taken,2026-09-21T19:05:26.035Z
back,4-words,4,taken,2026-09-21T19:05:26.035Z
rung,4-words,4,taken,2026-09-21T19:05:26.035Z
twin,4-words,4,taken,2026-09-21T19:05:26.035Z
hoof,4-words,4,taken,2026-09-21T19:05:26.035Z
trap,4-words,4,taken,2026-09-21T19:05:26.035Z
sent,4-words,4,taken,2026-09-21T19:05:57.295Z
foxy,4-words,4,taken,2026-09-21T19:05:57.295Z
typo,4-words,4,taken,2026-09-21T19:05:57.295Z
foul,4-words,4,taken,2026-09-21T19:05:57.295Z
head,4-words,4,taken,2026-09-21T19:05:57.295Z
fall,4-words,4,taken,2026-09-21T19:05:57.295Z
luau,4-words,4,taken,2026-09-21T19:05:57.295Z
,4-words,4,blocked,2026-09-21T20:39:27.455Z
furs,4-words,4,taken,2026-09-21T19:05:57.295Z
jean,4-words,4,taken,2026-09-21T19:05:57.295Z
deco,4-words,4,taken,2026-09-21T19:05:57.295Z
tier,4-words,4,taken,2026-09-21T19:05:57.295Z
tore,4-words,4,taken,2026-09-21T19:05:57.295Z
toga,4-words,4,taken,2026-09-21T19:05:57.295Z
arms,4-words,4,taken,2026-09-21T19:05:57.295Z
maid,4-words,4,taken,2026-09-21T19:05:57.295Z
tote,4-words,4,taken,2026-09-21T19:05:57.295Z
half,4-words,4,taken,2026-09-21T19:05:57.295Z
lien,4-words,4,taken,2026-09-21T19:05:57.295Z
golf,4-words,4,taken,2026-09-21T19:05:57.295Z
kiss,4-words,4,taken,2026-09-21T19:05:57.295Z
feta,4-words,4,taken,2026-09-21T19:05:57.295Z
gals,4-words,4,taken,2026-09-21T19:05:57.295Z
ammo,4-words,4,taken,2026-09-21T19:05:57.295Z
hymn,4-words,4,taken,2026-09-21T19:05:57.295Z
used,4-words,4,taken,2026-09-21T19:05:57.295Z
scat,4-words,4,taken,2026-09-21T19:05:57.295Z
dill,4-words,4,taken,2026-09-21T19:05:57.295Z
lion,4-words,4,taken,2026-09-21T19:05:57.295Z
wink,4-words,4,taken,2026-09-21T19:05:57.295Z
wore,4-words,4,taken,2026-09-21T19:05:57.295Z
shin,4-words,4,taken,2026-09-21T19:05:57.295Z
tuck,4-words,4,taken,2026-09-21T19:05:57.295Z
dato,4-words,4,taken,2026-09-21T19:05:57.295Z
hoot,4-words,4,taken,2026-09-21T19:05:57.295Z
seem,4-words,4,taken,2026-09-21T19:05:57.295Z
jury,4-words,4,taken,2026-09-21T19:05:57.295Z
here,4-words,4,taken,2026-09-21T19:05:57.295Z
feds,4-words,4,taken,2026-09-21T19:05:57.295Z
stow,4-words,4,taken,2026-09-21T19:05:57.295Z
saul,4-words,4,taken,2026-09-21T19:05:57.295Z
psst,4-words,4,taken,2026-09-21T19:05:57.295Z
arts,4-words,4,taken,2026-09-21T19:05:57.295Z
only,4-words,4,taken,2026-09-21T19:05:57.295Z
firm,4-words,4,taken,2026-09-21T19:05:57.295Z
bank,4-words,4,taken,2026-09-21T19:05:57.295Z
five,4-words,4,taken,2026-09-21T19:05:57.295Z
kilo,4-words,4,taken,2026-09-21T19:05:57.295Z
redo,4-words,4,taken,2026-09-21T19:05:57.295Z
chug,4-words,4,taken,2026-09-21T19:05:57.295Z
slew,4-words,4,taken,2026-09-21T19:05:57.295Z
just,4-words,4,taken,2026-09-21T19:05:57.295Z
mint,4-words,4,taken,2026-09-21T19:05:57.295Z
sung,4-words,4,taken,2026-09-21T19:05:57.295Z
gang,4-words,4,taken,2026-09-21T19:05:57.295Z
hora,4-words,4,taken,2026-09-21T19:05:57.295Z
take,4-words,4,taken,2026-09-21T19:05:57.295Z
kilt,4-words,4,taken,2026-09-21T19:05:57.295Z
seed,4-words,4,taken,2026-09-21T19:05:57.295Z
cold,4-words,4,taken,2026-09-21T19:05:57.295Z
home,4-words,4,taken,2026-09-21T19:05:57.295Z
hots,4-words,4,taken,2026-09-21T19:05:57.295Z
they,4-words,4,taken,2026-09-21T19:05:57.295Z
role,4-words,4,taken,2026-09-21T19:05:57.295Z
docs,4-words,4,taken,2026-09-21T19:05:57.295Z
brew,4-words,4,taken,2026-09-21T19:05:57.295Z
urge,4-words,4,taken,2026-09-21T19:05:57.295Z
tots,4-words,4,taken,2026-09-21T19:05:57.295Z
heel,4-words,4,taken,2026-09-21T19:05:57.295Z
dish,4-words,4,taken,2026-09-21T19:05:57.295Z
taco,4-words,4,taken,2026-09-21T19:05:57.295Z
opal,4-words,4,taken,2026-09-21T19:05:57.295Z
oval,4-words,4,taken,2026-09-21T19:05:57.295Z
piss,4-words,4,taken,2026-09-21T19:05:57.295Z
brad,4-words,4,taken,2026-09-21T19:05:57.295Z
sous,4-words,4,taken,2026-09-21T19:05:57.295Z
tell,4-words,4,taken,2026-09-21T19:05:57.295Z
word,4-words,4,taken,2026-09-21T19:05:57.295Z
jeez,4-words,4,taken,2026-09-21T19:05:57.295Z
crib,4-words,4,taken,2026-09-21T19:05:57.295Z
kiln,4-words,4,taken,2026-09-21T19:05:57.295Z
shun,4-words,4,taken,2026-09-21T19:05:57.295Z
idea,4-words,4,taken,2026-09-21T19:05:57.295Z
teed,4-words,4,taken,2026-09-21T19:05:57.295Z
noun,4-words,4,taken,2026-09-21T19:05:57.295Z
goal,4-words,4,taken,2026-09-21T19:05:57.295Z
racy,4-words,4,taken,2026-09-21T19:05:57.295Z
rose,4-words,4,taken,2026-09-21T19:05:57.295Z
mend,4-words,4,taken,2026-09-21T19:05:57.295Z
robe,4-words,4,taken,2026-09-21T19:05:57.295Z
wily,4-words,4,taken,2026-09-21T19:05:57.295Z
vase,4-words,4,taken,2026-09-21T19:05:57.295Z
damp,4-words,4,taken,2026-09-21T19:05:57.295Z
slaw,4-words,4,taken,2026-09-21T19:05:57.295Z
host,4-words,4,taken,2026-09-21T19:05:57.295Z
bolt,4-words,4,taken,2026-09-21T19:05:57.295Z
duck,4-words,4,taken,2026-09-21T19:05:57.295Z
semi,4-words,4,taken,2026-09-21T19:05:57.295Z
ogre,4-words,4,taken,2026-09-21T19:05:57.295Z
muck,4-words,4,taken,2026-09-21T19:05:57.295Z
lord,4-words,4,taken,2026-09-21T19:06:28.585Z
reek,4-words,4,taken,2026-09-21T19:06:28.585Z
dyer,4-words,4,taken,2026-09-21T19:06:28.585Z
mine,4-words,4,taken,2026-09-21T19:06:28.585Z
fate,4-words,4,taken,2026-09-21T19:06:28.585Z
hair,4-words,4,taken,2026-09-21T19:06:28.585Z
left,4-words,4,taken,2026-09-21T19:06:28.585Z
zone,4-words,4,taken,2026-09-21T19:06:28.585Z
ness,4-words,4,taken,2026-09-21T19:06:28.585Z
dose,4-words,4,taken,2026-09-21T19:06:28.585Z
foam,4-words,4,taken,2026-09-21T19:06:28.585Z
jams,4-words,4,taken,2026-09-21T19:06:28.585Z
buzz,4-words,4,taken,2026-09-21T19:06:28.585Z
nice,4-words,4,taken,2026-09-21T19:06:28.585Z
form,4-words,4,taken,2026-09-21T19:06:28.585Z
soft,4-words,4,taken,2026-09-21T19:06:28.585Z
cubs,4-words,4,taken,2026-09-21T19:06:28.585Z
fill,4-words,4,taken,2026-09-21T19:06:28.585Z
stub,4-words,4,taken,2026-09-21T19:06:28.585Z
writ,4-words,4,taken,2026-09-21T19:06:28.585Z
eros,4-words,4,taken,2026-09-21T19:06:28.585Z
tach,4-words,4,taken,2026-09-21T19:06:28.585Z
clip,4-words,4,taken,2026-09-21T19:06:28.585Z
tutu,4-words,4,taken,2026-09-21T19:06:28.585Z
amah,4-words,4,taken,2026-09-21T19:06:28.585Z
sage,4-words,4,taken,2026-09-21T19:06:28.585Z
swam,4-words,4,taken,2026-09-21T19:06:28.585Z
stem,4-words,4,taken,2026-09-21T19:06:28.585Z
baby,4-words,4,taken,2026-09-21T19:06:28.585Z
huck,4-words,4,taken,2026-09-21T19:06:28.585Z
duke,4-words,4,taken,2026-09-21T19:06:28.585Z
rope,4-words,4,taken,2026-09-21T19:06:28.585Z
acne,4-words,4,taken,2026-09-21T19:06:28.585Z
swan,4-words,4,taken,2026-09-21T19:06:28.585Z
tons,4-words,4,taken,2026-09-21T19:06:28.585Z
saga,4-words,4,taken,2026-09-21T19:06:28.585Z
keno,4-words,4,taken,2026-09-21T19:06:28.585Z
sail,4-words,4,taken,2026-09-21T19:06:28.585Z
stat,4-words,4,taken,2026-09-21T19:06:28.585Z
hast,4-words,4,taken,2026-09-21T19:06:28.585Z
dahl,4-words,4,taken,2026-09-21T19:06:28.585Z
suds,4-words,4,taken,2026-09-21T19:06:28.585Z
tale,4-words,4,taken,2026-09-21T19:06:28.585Z
skim,4-words,4,taken,2026-09-21T19:06:28.585Z
scry,4-words,4,taken,2026-09-21T19:06:28.585Z
bake,4-words,4,taken,2026-09-21T19:06:28.585Z
root,4-words,4,taken,2026-09-21T19:06:28.585Z
tall,4-words,4,taken,2026-09-21T19:06:28.585Z
chip,4-words,4,taken,2026-09-21T19:06:28.585Z
sick,4-words,4,taken,2026-09-21T19:06:28.585Z
sums,4-words,4,taken,2026-09-21T19:06:28.585Z
mind,4-words,4,taken,2026-09-21T19:06:28.585Z
epic,4-words,4,taken,2026-09-21T19:06:28.585Z
fuss,4-words,4,taken,2026-09-21T19:06:28.585Z
jeep,4-words,4,taken,2026-09-21T19:06:28.585Z
rent,4-words,4,taken,2026-09-21T19:06:28.585Z
hive,4-words,4,taken,2026-09-21T19:06:28.585Z
helo,4-words,4,taken,2026-09-21T19:06:28.585Z
mice,4-words,4,taken,2026-09-21T19:06:28.585Z
call,4-words,4,taken,2026-09-21T19:06:28.585Z
bowl,4-words,4,taken,2026-09-21T19:06:28.585Z
know,4-words,4,taken,2026-09-21T19:06:28.585Z
toys,4-words,4,taken,2026-09-21T19:06:28.585Z
sirs,4-words,4,taken,2026-09-21T19:06:28.585Z
flew,4-words,4,taken,2026-09-21T19:06:28.585Z
item,4-words,4,taken,2026-09-21T19:06:28.585Z
site,4-words,4,taken,2026-09-21T19:06:28.585Z
gams,4-words,4,taken,2026-09-21T19:06:28.585Z
bogs,4-words,4,taken,2026-09-21T19:06:28.585Z
moil,4-words,4,taken,2026-09-21T19:06:28.585Z
pore,4-words,4,taken,2026-09-21T19:06:28.585Z
tilt,4-words,4,taken,2026-09-21T19:06:28.585Z
dorm,4-words,4,taken,2026-09-21T19:06:28.585Z
toro,4-words,4,taken,2026-09-21T19:06:28.585Z
bees,4-words,4,taken,2026-09-21T19:06:28.585Z
band,4-words,4,taken,2026-09-21T19:06:28.585Z
pimp,4-words,4,taken,2026-09-21T19:06:28.585Z
puke,4-words,4,taken,2026-09-21T19:06:28.585Z
deem,4-words,4,taken,2026-09-21T19:06:28.585Z
doth,4-words,4,taken,2026-09-21T19:06:28.585Z
tend,4-words,4,taken,2026-09-21T19:06:28.585Z
must,4-words,4,taken,2026-09-21T19:06:28.585Z
peed,4-words,4,taken,2026-09-21T19:06:28.585Z
bros,4-words,4,taken,2026-09-21T19:06:28.585Z
cobb,4-words,4,taken,2026-09-21T19:06:28.585Z
meat,4-words,4,taken,2026-09-21T19:06:28.585Z
snot,4-words,4,taken,2026-09-21T19:06:28.585Z
rick,4-words,4,taken,2026-09-21T19:06:28.585Z
puce,4-words,4,taken,2026-09-21T19:06:28.585Z
such,4-words,4,taken,2026-09-21T19:06:28.585Z
meta,4-words,4,taken,2026-09-21T19:06:28.585Z
oars,4-words,4,taken,2026-09-21T19:06:28.585Z
wept,4-words,4,taken,2026-09-21T19:06:28.585Z
soda,4-words,4,taken,2026-09-21T19:06:28.585Z
poof,4-words,4,taken,2026-09-21T19:06:28.585Z
lies,4-words,4,taken,2026-09-21T19:06:28.585Z
para,4-words,4,taken,2026-09-21T19:06:28.585Z
puss,4-words,4,taken,2026-09-21T19:06:28.585Z
pony,4-words,4,taken,2026-09-21T19:06:28.585Z
visa,4-words,4,taken,2026-09-21T19:06:28.585Z
gags,4-words,4,taken,2026-09-21T19:06:59.811Z
cups,4-words,4,taken,2026-09-21T19:06:59.811Z
byes,4-words,4,taken,2026-09-21T19:06:59.811Z
fern,4-words,4,taken,2026-09-21T19:06:59.811Z
wand,4-words,4,taken,2026-09-21T19:06:59.811Z
balk,4-words,4,taken,2026-09-21T19:06:59.811Z
nosy,4-words,4,taken,2026-09-21T19:06:59.811Z
hype,4-words,4,taken,2026-09-21T19:06:59.811Z
,4-words,4,blocked,2026-09-21T20:39:28.941Z
koss,4-words,4,taken,2026-09-21T19:06:59.811Z
hats,4-words,4,taken,2026-09-21T19:06:59.811Z
curt,4-words,4,taken,2026-09-21T19:06:59.811Z
hale,4-words,4,taken,2026-09-21T19:06:59.811Z
flow,4-words,4,taken,2026-09-21T19:06:59.811Z
sear,4-words,4,taken,2026-09-21T19:06:59.811Z
said,4-words,4,taken,2026-09-21T19:06:59.811Z
drip,4-words,4,taken,2026-09-21T19:06:59.811Z
push,4-words,4,taken,2026-09-21T19:06:59.811Z
tree,4-words,4,taken,2026-09-21T19:06:59.811Z
lump,4-words,4,taken,2026-09-21T19:06:59.811Z
cuss,4-words,4,taken,2026-09-21T19:06:59.811Z
jade,4-words,4,taken,2026-09-21T19:06:59.811Z
ills,4-words,4,taken,2026-09-21T19:06:59.811Z
pain,4-words,4,taken,2026-09-21T19:06:59.811Z
bora,4-words,4,taken,2026-09-21T19:06:59.811Z
spit,4-words,4,taken,2026-09-21T19:06:59.811Z
sing,4-words,4,taken,2026-09-21T19:06:59.811Z
feet,4-words,4,taken,2026-09-21T19:06:59.811Z
spry,4-words,4,taken,2026-09-21T19:06:59.811Z
mask,4-words,4,taken,2026-09-21T19:06:59.811Z
lone,4-words,4,taken,2026-09-21T19:06:59.811Z
that,4-words,4,taken,2026-09-21T19:06:59.811Z
firs,4-words,4,taken,2026-09-21T19:06:59.811Z
eggs,4-words,4,taken,2026-09-21T19:06:59.811Z
pick,4-words,4,taken,2026-09-21T19:06:59.811Z
sack,4-words,4,taken,2026-09-21T19:06:59.811Z
levy,4-words,4,taken,2026-09-21T19:06:59.811Z
coon,4-words,4,taken,2026-09-21T19:06:59.811Z
corn,4-words,4,taken,2026-09-21T19:06:59.811Z
jane,4-words,4,taken,2026-09-21T19:06:59.811Z
quit,4-words,4,taken,2026-09-21T19:06:59.811Z
fore,4-words,4,taken,2026-09-21T19:06:59.811Z
avid,4-words,4,taken,2026-09-21T19:06:59.811Z
sees,4-words,4,taken,2026-09-21T19:06:59.811Z
sumo,4-words,4,taken,2026-09-21T19:06:59.811Z
baba,4-words,4,taken,2026-09-21T19:06:59.811Z
type,4-words,4,taken,2026-09-21T19:06:59.811Z
zest,4-words,4,taken,2026-09-21T19:06:59.811Z
auld,4-words,4,taken,2026-09-21T19:06:59.811Z
ruin,4-words,4,taken,2026-09-21T19:06:59.811Z
glad,4-words,4,taken,2026-09-21T19:06:59.811Z
dibs,4-words,4,taken,2026-09-21T19:06:59.811Z
beep,4-words,4,taken,2026-09-21T19:06:59.811Z
aloe,4-words,4,taken,2026-09-21T19:06:59.811Z
same,4-words,4,taken,2026-09-21T19:06:59.811Z
daft,4-words,4,taken,2026-09-21T19:06:59.811Z
dial,4-words,4,taken,2026-09-21T19:06:59.811Z
foot,4-words,4,taken,2026-09-21T19:06:59.811Z
shot,4-words,4,taken,2026-09-21T19:06:59.811Z
helm,4-words,4,taken,2026-09-21T19:06:59.811Z
nude,4-words,4,taken,2026-09-21T19:06:59.811Z
nova,4-words,4,taken,2026-09-21T19:06:59.811Z
floe,4-words,4,taken,2026-09-21T19:06:59.811Z
veil,4-words,4,taken,2026-09-21T19:06:59.811Z
pole,4-words,4,taken,2026-09-21T19:06:59.811Z
ever,4-words,4,taken,2026-09-21T19:06:59.811Z
like,4-words,4,taken,2026-09-21T19:06:59.811Z
rolf,4-words,4,taken,2026-09-21T19:06:59.811Z
mini,4-words,4,taken,2026-09-21T19:06:59.811Z
high,4-words,4,taken,2026-09-21T19:06:59.811Z
song,4-words,4,taken,2026-09-21T19:06:59.811Z
jell,4-words,4,taken,2026-09-21T19:06:59.811Z
yoke,4-words,4,taken,2026-09-21T19:06:59.811Z
bene,4-words,4,taken,2026-09-21T19:06:59.811Z
jugs,4-words,4,taken,2026-09-21T19:06:59.811Z
pfft,4-words,4,taken,2026-09-21T19:06:59.811Z
gene,4-words,4,taken,2026-09-21T19:06:59.811Z
barn,4-words,4,taken,2026-09-21T19:06:59.811Z
soil,4-words,4,taken,2026-09-21T19:06:59.811Z
dues,4-words,4,taken,2026-09-21T19:06:59.811Z
taxi,4-words,4,taken,2026-09-21T19:06:59.811Z
held,4-words,4,taken,2026-09-21T19:06:59.811Z
fool,4-words,4,taken,2026-09-21T19:06:59.811Z
bald,4-words,4,taken,2026-09-21T19:06:59.811Z
tony,4-words,4,taken,2026-09-21T19:06:59.811Z
deny,4-words,4,taken,2026-09-21T19:06:59.811Z
milt,4-words,4,taken,2026-09-21T19:06:59.811Z
egos,4-words,4,taken,2026-09-21T19:06:59.811Z
thin,4-words,4,taken,2026-09-21T19:06:59.811Z
gage,4-words,4,taken,2026-09-21T19:06:59.811Z
bays,4-words,4,taken,2026-09-21T19:06:59.811Z
felt,4-words,4,taken,2026-09-21T19:06:59.811Z
meet,4-words,4,taken,2026-09-21T19:06:59.811Z
with,4-words,4,taken,2026-09-21T19:06:59.811Z
obey,4-words,4,taken,2026-09-21T19:06:59.811Z
iris,4-words,4,taken,2026-09-21T19:06:59.811Z
babe,4-words,4,taken,2026-09-21T19:06:59.811Z
lots,4-words,4,taken,2026-09-21T19:06:59.811Z
woke,4-words,4,taken,2026-09-21T19:06:59.811Z
dell,4-words,4,taken,2026-09-21T19:06:59.811Z
ease,4-words,4,taken,2026-09-21T19:07:31.157Z
peas,4-words,4,taken,2026-09-21T19:07:31.157Z
kite,4-words,4,taken,2026-09-21T19:07:31.157Z
heal,4-words,4,taken,2026-09-21T19:07:31.157Z
reef,4-words,4,taken,2026-09-21T19:07:31.157Z
agin,4-words,4,taken,2026-09-21T19:07:31.157Z
nana,4-words,4,taken,2026-09-21T19:07:31.157Z
chap,4-words,4,taken,2026-09-21T19:07:31.157Z
dust,4-words,4,taken,2026-09-21T19:07:31.157Z
trim,4-words,4,taken,2026-09-21T19:07:31.157Z
cent,4-words,4,taken,2026-09-21T19:07:31.157Z
ring,4-words,4,taken,2026-09-21T19:07:31.157Z
edge,4-words,4,taken,2026-09-21T19:07:31.157Z
smog,4-words,4,taken,2026-09-21T19:07:31.157Z
dock,4-words,4,taken,2026-09-21T19:07:31.157Z
kind,4-words,4,taken,2026-09-21T19:07:31.157Z
buys,4-words,4,taken,2026-09-21T19:07:31.157Z
pair,4-words,4,taken,2026-09-21T19:07:31.157Z
flat,4-words,4,taken,2026-09-21T19:07:31.157Z
haul,4-words,4,taken,2026-09-21T19:07:31.157Z
mark,4-words,4,taken,2026-09-21T19:07:31.157Z
coco,4-words,4,taken,2026-09-21T19:07:31.157Z
wasp,4-words,4,taken,2026-09-21T19:07:31.157Z
shoo,4-words,4,taken,2026-09-21T19:07:31.157Z
boys,4-words,4,taken,2026-09-21T19:07:31.157Z
grim,4-words,4,taken,2026-09-21T19:07:31.157Z
dumb,4-words,4,taken,2026-09-21T19:07:31.157Z
last,4-words,4,taken,2026-09-21T19:07:31.157Z
lush,4-words,4,taken,2026-09-21T19:07:31.157Z
peon,4-words,4,taken,2026-09-21T19:07:31.157Z
riff,4-words,4,taken,2026-09-21T19:07:31.157Z
talk,4-words,4,taken,2026-09-21T19:07:31.157Z
wets,4-words,4,taken,2026-09-21T19:07:31.157Z
opus,4-words,4,taken,2026-09-21T19:07:31.157Z
thaw,4-words,4,taken,2026-09-21T19:07:31.157Z
seep,4-words,4,taken,2026-09-21T19:07:31.157Z
guns,4-words,4,taken,2026-09-21T19:07:31.157Z
emit,4-words,4,taken,2026-09-21T19:07:31.157Z
whet,4-words,4,taken,2026-09-21T19:07:31.157Z
bars,4-words,4,taken,2026-09-21T19:07:31.157Z
part,4-words,4,taken,2026-09-21T19:07:31.157Z
jars,4-words,4,taken,2026-09-21T19:07:31.157Z
,4-words,4,blocked,2026-09-21T20:39:30.416Z
caps,4-words,4,taken,2026-09-21T19:07:31.157Z
bulk,4-words,4,taken,2026-09-21T19:07:31.157Z
pace,4-words,4,taken,2026-09-21T19:07:31.157Z
lest,4-words,4,taken,2026-09-21T19:07:31.157Z
made,4-words,4,taken,2026-09-21T19:07:31.157Z
warp,4-words,4,taken,2026-09-21T19:07:31.157Z
awed,4-words,4,taken,2026-09-21T19:07:31.157Z
bong,4-words,4,taken,2026-09-21T19:07:31.157Z
pale,4-words,4,taken,2026-09-21T19:07:31.157Z
poke,4-words,4,taken,2026-09-21T19:07:31.157Z
,4-words,4,blocked,2026-09-21T20:39:31.893Z
lacy,4-words,4,taken,2026-09-21T19:07:31.157Z
gain,4-words,4,taken,2026-09-21T19:07:31.157Z
wigs,4-words,4,taken,2026-09-21T19:07:31.157Z
cane,4-words,4,taken,2026-09-21T19:07:31.157Z
cash,4-words,4,taken,2026-09-21T19:07:31.157Z
smug,4-words,4,taken,2026-09-21T19:07:31.157Z
hint,4-words,4,taken,2026-09-21T19:07:31.157Z
conn,4-words,4,taken,2026-09-21T19:07:31.157Z
more,4-words,4,taken,2026-09-21T19:07:31.157Z
dunk,4-words,4,taken,2026-09-21T19:07:31.157Z
rags,4-words,4,taken,2026-09-21T19:07:31.157Z
full,4-words,4,taken,2026-09-21T19:07:31.157Z
bawl,4-words,4,taken,2026-09-21T19:07:31.157Z
beak,4-words,4,taken,2026-09-21T19:07:31.157Z
vice,4-words,4,taken,2026-09-21T19:07:31.157Z
worm,4-words,4,taken,2026-09-21T19:07:31.157Z
past,4-words,4,taken,2026-09-21T19:07:31.157Z
says,4-words,4,taken,2026-09-21T19:07:31.157Z
unit,4-words,4,taken,2026-09-21T19:07:31.157Z
pear,4-words,4,taken,2026-09-21T19:07:31.157Z
cord,4-words,4,taken,2026-09-21T19:07:31.157Z
jerk,4-words,4,taken,2026-09-21T19:07:31.157Z
toad,4-words,4,taken,2026-09-21T19:07:31.157Z
pele,4-words,4,taken,2026-09-21T19:07:31.157Z
case,4-words,4,taken,2026-09-21T19:07:31.157Z
ante,4-words,4,taken,2026-09-21T19:07:31.157Z
elks,4-words,4,taken,2026-09-21T19:07:31.157Z
lech,4-words,4,taken,2026-09-21T19:07:31.157Z
ting,4-words,4,taken,2026-09-21T19:07:31.157Z
lint,4-words,4,taken,2026-09-21T19:07:31.157Z
prof,4-words,4,taken,2026-09-21T19:07:31.157Z
legs,4-words,4,taken,2026-09-21T19:07:31.157Z
peak,4-words,4,taken,2026-09-21T19:07:31.157Z
bare,4-words,4,taken,2026-09-21T19:07:31.157Z
cell,4-words,4,taken,2026-09-21T19:07:31.157Z
earl,4-words,4,taken,2026-09-21T19:07:31.157Z
tome,4-words,4,taken,2026-09-21T19:07:31.157Z
cunt,4-words,4,taken,2026-09-21T19:07:31.157Z
size,4-words,4,taken,2026-09-21T19:07:31.157Z
time,4-words,4,taken,2026-09-21T19:07:31.157Z
owes,4-words,4,taken,2026-09-21T19:07:31.157Z
race,4-words,4,taken,2026-09-21T19:07:31.157Z
shea,4-words,4,taken,2026-09-21T19:07:31.157Z
java,4-words,4,taken,2026-09-21T19:07:31.157Z
hula,4-words,4,taken,2026-09-21T19:07:31.157Z
view,4-words,4,taken,2026-09-21T19:07:31.157Z
geez,4-words,4,taken,2026-09-21T19:08:02.510Z
club,4-words,4,taken,2026-09-21T19:08:02.510Z
lard,4-words,4,taken,2026-09-21T19:08:02.510Z
vera,4-words,4,taken,2026-09-21T19:08:02.510Z
maul,4-words,4,taken,2026-09-21T19:08:02.510Z
sane,4-words,4,taken,2026-09-21T19:08:02.510Z
doer,4-words,4,taken,2026-09-21T19:08:02.510Z
dime,4-words,4,taken,2026-09-21T19:08:02.510Z
wrap,4-words,4,taken,2026-09-21T19:08:02.510Z
cola,4-words,4,taken,2026-09-21T19:08:02.510Z
curb,4-words,4,taken,2026-09-21T19:08:02.510Z
waif,4-words,4,taken,2026-09-21T19:08:02.510Z
hood,4-words,4,taken,2026-09-21T19:08:02.510Z
mayo,4-words,4,taken,2026-09-21T19:08:02.510Z
gums,4-words,4,taken,2026-09-21T19:08:02.510Z
robs,4-words,4,taken,2026-09-21T19:08:02.510Z
troy,4-words,4,taken,2026-09-21T19:08:02.510Z
capo,4-words,4,taken,2026-09-21T19:08:02.510Z
pals,4-words,4,taken,2026-09-21T19:08:02.510Z
sues,4-words,4,taken,2026-09-21T19:08:02.510Z
tung,4-words,4,taken,2026-09-21T19:08:02.510Z
doze,4-words,4,taken,2026-09-21T19:08:02.510Z
dote,4-words,4,taken,2026-09-21T19:08:02.510Z
vets,4-words,4,taken,2026-09-21T19:08:02.510Z
gown,4-words,4,taken,2026-09-21T19:08:02.510Z
leap,4-words,4,taken,2026-09-21T19:08:02.510Z
glop,4-words,4,taken,2026-09-21T19:08:02.510Z
tong,4-words,4,taken,2026-09-21T19:08:02.510Z
mugs,4-words,4,taken,2026-09-21T19:08:02.510Z
came,4-words,4,taken,2026-09-21T19:08:02.510Z
moss,4-words,4,taken,2026-09-21T19:08:02.510Z
joey,4-words,4,taken,2026-09-21T19:08:02.510Z
omen,4-words,4,taken,2026-09-21T19:08:02.510Z
save,4-words,4,taken,2026-09-21T19:08:02.510Z
rots,4-words,4,taken,2026-09-21T19:08:02.510Z
crux,4-words,4,taken,2026-09-21T19:08:02.510Z
yech,4-words,4,taken,2026-09-21T19:08:02.510Z
eels,4-words,4,taken,2026-09-21T19:08:02.510Z
teas,4-words,4,taken,2026-09-21T19:08:02.510Z
weak,4-words,4,taken,2026-09-21T19:08:02.510Z
tiki,4-words,4,taken,2026-09-21T19:08:02.510Z
jinx,4-words,4,taken,2026-09-21T19:08:02.510Z
bran,4-words,4,taken,2026-09-21T19:08:02.510Z
hunt,4-words,4,taken,2026-09-21T19:08:02.510Z
dies,4-words,4,taken,2026-09-21T19:08:02.510Z
blue,4-words,4,taken,2026-09-21T19:08:02.510Z
sell,4-words,4,taken,2026-09-21T19:08:02.510Z
brit,4-words,4,taken,2026-09-21T19:08:02.510Z
cute,4-words,4,taken,2026-09-21T19:08:02.510Z
whit,4-words,4,taken,2026-09-21T19:08:02.510Z
each,4-words,4,taken,2026-09-21T19:08:02.510Z
flay,4-words,4,taken,2026-09-21T19:08:02.510Z
curd,4-words,4,taken,2026-09-21T19:08:02.510Z
code,4-words,4,taken,2026-09-21T19:08:02.510Z
grow,4-words,4,taken,2026-09-21T19:08:02.510Z
warn,4-words,4,taken,2026-09-21T19:08:02.510Z
have,4-words,4,taken,2026-09-21T19:08:02.510Z
kink,4-words,4,taken,2026-09-21T19:08:02.510Z
chow,4-words,4,taken,2026-09-21T19:08:02.510Z
seen,4-words,4,taken,2026-09-21T19:08:02.510Z
rest,4-words,4,taken,2026-09-21T19:08:02.510Z
sark,4-words,4,taken,2026-09-21T19:08:02.510Z
wade,4-words,4,taken,2026-09-21T19:08:02.510Z
thou,4-words,4,taken,2026-09-21T19:08:02.510Z
help,4-words,4,taken,2026-09-21T19:08:02.510Z
mule,4-words,4,taken,2026-09-21T19:08:02.510Z
lear,4-words,4,taken,2026-09-21T19:08:02.510Z
hobo,4-words,4,taken,2026-09-21T19:08:02.510Z
wick,4-words,4,taken,2026-09-21T19:08:02.510Z
oily,4-words,4,taken,2026-09-21T19:08:02.510Z
ploy,4-words,4,taken,2026-09-21T19:08:02.510Z
ends,4-words,4,taken,2026-09-21T19:08:02.510Z
rows,4-words,4,taken,2026-09-21T19:08:02.510Z
beef,4-words,4,taken,2026-09-21T19:08:02.510Z
papa,4-words,4,taken,2026-09-21T19:08:02.510Z
bust,4-words,4,taken,2026-09-21T19:08:02.510Z
ways,4-words,4,taken,2026-09-21T19:08:02.510Z
matt,4-words,4,taken,2026-09-21T19:08:02.510Z
bach,4-words,4,taken,2026-09-21T19:08:02.510Z
gosh,4-words,4,taken,2026-09-21T19:08:02.510Z
foil,4-words,4,taken,2026-09-21T19:08:02.510Z
nods,4-words,4,taken,2026-09-21T19:08:02.510Z
crud,4-words,4,taken,2026-09-21T19:08:02.510Z
jack,4-words,4,taken,2026-09-21T19:08:02.510Z
perk,4-words,4,taken,2026-09-21T19:08:02.510Z
slur,4-words,4,taken,2026-09-21T19:08:02.510Z
casa,4-words,4,taken,2026-09-21T19:08:02.510Z
arch,4-words,4,taken,2026-09-21T19:08:02.510Z
ramp,4-words,4,taken,2026-09-21T19:08:02.510Z
luna,4-words,4,taken,2026-09-21T19:08:02.510Z
mile,4-words,4,taken,2026-09-21T19:08:02.510Z
goof,4-words,4,taken,2026-09-21T19:08:02.510Z
clam,4-words,4,taken,2026-09-21T19:08:02.510Z
beau,4-words,4,taken,2026-09-21T19:08:02.510Z
lake,4-words,4,taken,2026-09-21T19:08:02.510Z
gout,4-words,4,taken,2026-09-21T19:08:02.510Z
snob,4-words,4,taken,2026-09-21T19:08:02.510Z
hail,4-words,4,taken,2026-09-21T19:08:02.510Z
user,4-words,4,taken,2026-09-21T19:08:02.510Z
mode,4-words,4,taken,2026-09-21T19:08:02.510Z
none,4-words,4,taken,2026-09-21T19:08:33.799Z
bark,4-words,4,taken,2026-09-21T19:08:33.799Z
pray,4-words,4,taken,2026-09-21T19:08:33.799Z
shut,4-words,4,taken,2026-09-21T19:08:33.799Z
milo,4-words,4,taken,2026-09-21T19:08:33.799Z
spew,4-words,4,taken,2026-09-21T19:08:33.799Z
fave,4-words,4,taken,2026-09-21T19:08:33.799Z
kept,4-words,4,taken,2026-09-21T19:08:33.799Z
kiwi,4-words,4,taken,2026-09-21T19:08:33.799Z
brat,4-words,4,taken,2026-09-21T19:08:33.799Z
liar,4-words,4,taken,2026-09-21T19:08:33.799Z
pipe,4-words,4,taken,2026-09-21T19:08:33.799Z
brin,4-words,4,taken,2026-09-21T19:08:33.799Z
nome,4-words,4,taken,2026-09-21T19:08:33.799Z
cram,4-words,4,taken,2026-09-21T19:08:33.799Z
owed,4-words,4,taken,2026-09-21T19:08:33.799Z
paid,4-words,4,taken,2026-09-21T19:08:33.799Z
jews,4-words,4,taken,2026-09-21T19:08:33.799Z
gimp,4-words,4,taken,2026-09-21T19:08:33.799Z
gets,4-words,4,taken,2026-09-21T19:08:33.799Z
carr,4-words,4,taken,2026-09-21T19:08:33.799Z
bris,4-words,4,taken,2026-09-21T19:08:33.799Z
wild,4-words,4,taken,2026-09-21T19:08:33.799Z
wipe,4-words,4,taken,2026-09-21T19:08:33.799Z
maya,4-words,4,taken,2026-09-21T19:08:33.799Z
plum,4-words,4,taken,2026-09-21T19:08:33.799Z
dais,4-words,4,taken,2026-09-21T19:08:33.799Z
roto,4-words,4,taken,2026-09-21T19:08:33.799Z
soon,4-words,4,taken,2026-09-21T19:08:33.799Z
limo,4-words,4,taken,2026-09-21T19:08:33.799Z
mite,4-words,4,taken,2026-09-21T19:08:33.799Z
slam,4-words,4,taken,2026-09-21T19:08:33.799Z
bond,4-words,4,taken,2026-09-21T19:08:33.799Z
bite,4-words,4,taken,2026-09-21T19:08:33.799Z
cats,4-words,4,taken,2026-09-21T19:08:33.799Z
brow,4-words,4,taken,2026-09-21T19:08:33.799Z
shes,4-words,4,taken,2026-09-21T19:08:33.799Z
lowe,4-words,4,taken,2026-09-21T19:08:33.799Z
numb,4-words,4,taken,2026-09-21T19:08:33.799Z
vail,4-words,4,taken,2026-09-21T19:08:33.799Z
pity,4-words,4,taken,2026-09-21T19:08:33.799Z
sued,4-words,4,taken,2026-09-21T19:08:33.799Z
drag,4-words,4,taken,2026-09-21T19:08:33.799Z
herd,4-words,4,taken,2026-09-21T19:08:33.799Z
sole,4-words,4,taken,2026-09-21T19:08:33.799Z
hank,4-words,4,taken,2026-09-21T19:08:33.799Z
wave,4-words,4,taken,2026-09-21T19:08:33.799Z
mope,4-words,4,taken,2026-09-21T19:08:33.799Z
ditz,4-words,4,taken,2026-09-21T19:08:33.799Z
hogs,4-words,4,taken,2026-09-21T19:08:33.799Z
dawn,4-words,4,taken,2026-09-21T19:08:33.799Z
near,4-words,4,taken,2026-09-21T19:08:33.799Z
funk,4-words,4,taken,2026-09-21T19:08:33.799Z
fork,4-words,4,taken,2026-09-21T19:08:33.799Z
,4-words,4,blocked,2026-09-21T20:39:33.371Z
lido,4-words,4,taken,2026-09-21T19:08:33.799Z
sold,4-words,4,taken,2026-09-21T19:08:33.799Z
kobo,4-words,4,taken,2026-09-21T19:08:33.799Z
spat,4-words,4,taken,2026-09-21T19:08:33.799Z
,4-words,4,blocked,2026-09-21T20:39:34.851Z
vary,4-words,4,taken,2026-09-21T19:08:33.799Z
beck,4-words,4,taken,2026-09-21T19:08:33.799Z
fist,4-words,4,taken,2026-09-21T19:08:33.799Z
tosh,4-words,4,taken,2026-09-21T19:08:33.799Z
kale,4-words,4,taken,2026-09-21T19:08:33.799Z
mano,4-words,4,taken,2026-09-21T19:08:33.799Z
iced,4-words,4,taken,2026-09-21T19:08:33.799Z
next,4-words,4,taken,2026-09-21T19:08:33.799Z
bred,4-words,4,taken,2026-09-21T19:08:33.799Z
gunk,4-words,4,taken,2026-09-21T19:08:33.799Z
ours,4-words,4,taken,2026-09-21T19:08:33.799Z
lift,4-words,4,taken,2026-09-21T19:08:33.799Z
aced,4-words,4,taken,2026-09-21T19:08:33.799Z
gaps,4-words,4,taken,2026-09-21T19:08:33.799Z
halo,4-words,4,taken,2026-09-21T19:08:33.799Z
comb,4-words,4,taken,2026-09-21T19:08:33.799Z
neon,4-words,4,taken,2026-09-21T19:08:33.799Z
undo,4-words,4,taken,2026-09-21T19:08:33.799Z
hart,4-words,4,taken,2026-09-21T19:08:33.799Z
lace,4-words,4,taken,2026-09-21T19:08:33.799Z
babu,4-words,4,taken,2026-09-21T19:08:33.799Z
wage,4-words,4,taken,2026-09-21T19:08:33.799Z
male,4-words,4,taken,2026-09-21T19:08:33.799Z
nite,4-words,4,taken,2026-09-21T19:08:33.799Z
sale,4-words,4,taken,2026-09-21T19:08:33.799Z
gush,4-words,4,taken,2026-09-21T19:08:33.799Z
mina,4-words,4,taken,2026-09-21T19:08:33.799Z
mock,4-words,4,taken,2026-09-21T19:08:33.799Z
poor,4-words,4,taken,2026-09-21T19:08:33.799Z
spot,4-words,4,taken,2026-09-21T19:08:33.799Z
fell,4-words,4,taken,2026-09-21T19:08:33.799Z
ding,4-words,4,taken,2026-09-21T19:08:33.799Z
thee,4-words,4,taken,2026-09-21T19:08:33.799Z
tush,4-words,4,taken,2026-09-21T19:08:33.799Z
hill,4-words,4,taken,2026-09-21T19:08:33.799Z
gala,4-words,4,taken,2026-09-21T19:08:33.799Z
find,4-words,4,taken,2026-09-21T19:08:33.799Z
elms,4-words,4,taken,2026-09-21T19:08:33.799Z
wish,4-words,4,taken,2026-09-21T19:08:33.799Z
mean,4-words,4,taken,2026-09-21T19:08:33.799Z
tide,4-words,4,taken,2026-09-21T19:09:05.067Z
bets,4-words,4,taken,2026-09-21T19:09:05.067Z
zing,4-words,4,taken,2026-09-21T19:09:05.067Z
yarn,4-words,4,taken,2026-09-21T19:09:05.067Z
eves,4-words,4,taken,2026-09-21T19:09:05.067Z
ping,4-words,4,taken,2026-09-21T19:09:05.067Z
seer,4-words,4,taken,2026-09-21T19:09:05.067Z
pull,4-words,4,taken,2026-09-21T19:09:05.067Z
bull,4-words,4,taken,2026-09-21T19:09:05.067Z
hath,4-words,4,taken,2026-09-21T19:09:05.067Z
seal,4-words,4,taken,2026-09-21T19:09:05.067Z
luge,4-words,4,taken,2026-09-21T19:09:05.067Z
neck,4-words,4,taken,2026-09-21T19:09:05.067Z
prey,4-words,4,taken,2026-09-21T19:09:05.067Z
kaon,4-words,4,taken,2026-09-21T19:09:05.067Z
yeti,4-words,4,taken,2026-09-21T19:09:05.067Z
cory,4-words,4,taken,2026-09-21T19:09:05.067Z
pawn,4-words,4,taken,2026-09-21T19:09:05.067Z
trey,4-words,4,taken,2026-09-21T19:09:05.067Z
lass,4-words,4,taken,2026-09-21T19:09:05.067Z
hawk,4-words,4,taken,2026-09-21T19:09:05.067Z
cain,4-words,4,taken,2026-09-21T19:09:05.067Z
lead,4-words,4,taken,2026-09-21T19:09:05.067Z
glow,4-words,4,taken,2026-09-21T19:09:05.067Z
sown,4-words,4,taken,2026-09-21T19:09:05.067Z
mesa,4-words,4,taken,2026-09-21T19:09:05.067Z
fizz,4-words,4,taken,2026-09-21T19:09:05.067Z
caff,4-words,4,taken,2026-09-21T19:09:05.067Z
malt,4-words,4,taken,2026-09-21T19:09:05.067Z
done,4-words,4,taken,2026-09-21T19:09:05.067Z
work,4-words,4,taken,2026-09-21T19:09:05.067Z
rosy,4-words,4,taken,2026-09-21T19:09:05.067Z
buck,4-words,4,taken,2026-09-21T19:09:05.067Z
chef,4-words,4,taken,2026-09-21T19:09:05.067Z
data,4-words,4,taken,2026-09-21T19:09:05.067Z
oils,4-words,4,taken,2026-09-21T19:09:05.067Z
over,4-words,4,taken,2026-09-21T19:09:05.067Z
bury,4-words,4,taken,2026-09-21T19:09:05.067Z
move,4-words,4,taken,2026-09-21T19:09:05.067Z
upon,4-words,4,taken,2026-09-21T19:09:05.067Z
thru,4-words,4,taken,2026-09-21T19:09:05.067Z
dash,4-words,4,taken,2026-09-21T19:09:05.067Z
fees,4-words,4,taken,2026-09-21T19:09:05.067Z
mood,4-words,4,taken,2026-09-21T19:09:05.067Z
acre,4-words,4,taken,2026-09-21T19:09:05.067Z
toot,4-words,4,taken,2026-09-21T19:09:05.067Z
puff,4-words,4,taken,2026-09-21T19:09:05.067Z
wack,4-words,4,taken,2026-09-21T19:09:05.067Z
fear,4-words,4,taken,2026-09-21T19:09:05.067Z
dots,4-words,4,taken,2026-09-21T19:09:05.067Z
oxen,4-words,4,taken,2026-09-21T19:09:05.067Z
exit,4-words,4,taken,2026-09-21T19:09:05.067Z
fret,4-words,4,taken,2026-09-21T19:09:05.067Z
flan,4-words,4,taken,2026-09-21T19:09:05.067Z
rock,4-words,4,taken,2026-09-21T19:09:05.067Z
dare,4-words,4,taken,2026-09-21T19:09:05.067Z
limp,4-words,4,taken,2026-09-21T19:09:05.067Z
skip,4-words,4,taken,2026-09-21T19:09:05.067Z
whom,4-words,4,taken,2026-09-21T19:09:05.067Z
trio,4-words,4,taken,2026-09-21T19:09:05.067Z
watt,4-words,4,taken,2026-09-21T19:09:05.067Z
some,4-words,4,taken,2026-09-21T19:09:05.067Z
gasp,4-words,4,taken,2026-09-21T19:09:05.067Z
mats,4-words,4,taken,2026-09-21T19:09:05.067Z
jolt,4-words,4,taken,2026-09-21T19:09:05.067Z
pest,4-words,4,taken,2026-09-21T19:09:05.067Z
lamb,4-words,4,taken,2026-09-21T19:09:05.067Z
clap,4-words,4,taken,2026-09-21T19:09:05.067Z
gulf,4-words,4,taken,2026-09-21T19:09:05.067Z
mist,4-words,4,taken,2026-09-21T19:09:05.067Z
moth,4-words,4,taken,2026-09-21T19:09:05.067Z
away,4-words,4,taken,2026-09-21T19:09:05.067Z
plop,4-words,4,taken,2026-09-21T19:09:05.067Z
pint,4-words,4,taken,2026-09-21T19:09:05.067Z
dike,4-words,4,taken,2026-09-21T19:09:05.067Z
swig,4-words,4,taken,2026-09-21T19:09:05.067Z
vino,4-words,4,taken,2026-09-21T19:09:05.067Z
puck,4-words,4,taken,2026-09-21T19:09:05.067Z
edgy,4-words,4,taken,2026-09-21T19:09:05.067Z
vile,4-words,4,taken,2026-09-21T19:09:05.067Z
palp,4-words,4,taken,2026-09-21T19:09:05.067Z
junk,4-words,4,taken,2026-09-21T19:09:05.067Z
lock,4-words,4,taken,2026-09-21T19:09:05.067Z
good,4-words,4,taken,2026-09-21T19:09:05.067Z
cozy,4-words,4,taken,2026-09-21T19:09:05.067Z
eyed,4-words,4,taken,2026-09-21T19:09:05.067Z
sand,4-words,4,taken,2026-09-21T19:09:05.067Z
hock,4-words,4,taken,2026-09-21T19:09:05.067Z
vial,4-words,4,taken,2026-09-21T19:09:05.067Z
hung,4-words,4,taken,2026-09-21T19:09:05.067Z
boat,4-words,4,taken,2026-09-21T19:09:05.067Z
dory,4-words,4,taken,2026-09-21T19:09:05.067Z
maps,4-words,4,taken,2026-09-21T19:09:05.067Z
card,4-words,4,taken,2026-09-21T19:09:05.067Z
loon,4-words,4,taken,2026-09-21T19:09:05.067Z
grub,4-words,4,taken,2026-09-21T19:09:05.067Z
cool,4-words,4,taken,2026-09-21T19:09:05.067Z
idly,4-words,4,taken,2026-09-21T19:09:05.067Z
horn,4-words,4,taken,2026-09-21T19:09:05.067Z
clue,4-words,4,taken,2026-09-21T19:09:05.067Z
pack,4-words,4,taken,2026-09-21T19:09:36.313Z
meal,4-words,4,taken,2026-09-21T19:09:36.313Z
loop,4-words,4,taken,2026-09-21T19:09:36.313Z
oats,4-words,4,taken,2026-09-21T19:09:36.313Z
boil,4-words,4,taken,2026-09-21T19:09:36.313Z
silk,4-words,4,taken,2026-09-21T19:09:36.313Z
star,4-words,4,taken,2026-09-21T19:09:36.313Z
best,4-words,4,taken,2026-09-21T19:09:36.313Z
risk,4-words,4,taken,2026-09-21T19:09:36.313Z
tate,4-words,4,taken,2026-09-21T19:09:36.313Z
lows,4-words,4,taken,2026-09-21T19:09:36.313Z
lash,4-words,4,taken,2026-09-21T19:09:36.313Z
dour,4-words,4,taken,2026-09-21T19:09:36.313Z
lube,4-words,4,taken,2026-09-21T19:09:36.313Z
dent,4-words,4,taken,2026-09-21T19:09:36.313Z
roar,4-words,4,taken,2026-09-21T19:09:36.313Z
fits,4-words,4,taken,2026-09-21T19:09:36.313Z
mack,4-words,4,taken,2026-09-21T19:09:36.313Z
stir,4-words,4,taken,2026-09-21T19:09:36.313Z
odor,4-words,4,taken,2026-09-21T19:09:36.313Z
lars,4-words,4,taken,2026-09-21T19:09:36.313Z
heap,4-words,4,taken,2026-09-21T19:09:36.313Z
pens,4-words,4,taken,2026-09-21T19:09:36.313Z
whys,4-words,4,taken,2026-09-21T19:09:36.313Z
gran,4-words,4,taken,2026-09-21T19:09:36.313Z
base,4-words,4,taken,2026-09-21T19:09:36.313Z
hoax,4-words,4,taken,2026-09-21T19:09:36.313Z
mono,4-words,4,taken,2026-09-21T19:09:36.313Z
wilt,4-words,4,taken,2026-09-21T19:09:36.313Z
buff,4-words,4,taken,2026-09-21T19:09:36.313Z
dull,4-words,4,taken,2026-09-21T19:09:36.313Z
sham,4-words,4,taken,2026-09-21T19:09:36.313Z
tail,4-words,4,taken,2026-09-21T19:09:36.313Z
flag,4-words,4,taken,2026-09-21T19:09:36.313Z
lend,4-words,4,taken,2026-09-21T19:09:36.313Z
trip,4-words,4,taken,2026-09-21T19:09:36.313Z
6049,4-digits,4,taken,2026-09-21T19:09:36.313Z
2266,4-digits,4,taken,2026-09-21T19:09:36.313Z
3612,4-digits,4,taken,2026-09-21T19:09:36.313Z
0594,4-digits,4,taken,2026-09-21T19:09:36.313Z
2133,4-digits,4,taken,2026-09-21T19:09:36.313Z
3188,4-digits,4,taken,2026-09-21T19:09:36.313Z
2079,4-digits,4,taken,2026-09-21T19:09:36.313Z
4275,4-digits,4,taken,2026-09-21T19:09:36.313Z
6388,4-digits,4,taken,2026-09-21T19:09:36.313Z
4397,4-digits,4,taken,2026-09-21T19:09:36.313Z
8245,4-digits,4,taken,2026-09-21T19:09:36.313Z
3975,4-digits,4,taken,2026-09-21T19:09:36.313Z
7269,4-digits,4,taken,2026-09-21T19:09:36.313Z
3914,4-digits,4,taken,2026-09-21T19:09:36.313Z
6120,4-digits,4,taken,2026-09-21T19:09:36.313Z
5726,4-digits,4,taken,2026-09-21T19:09:36.313Z
5700,4-digits,4,taken,2026-09-21T19:09:36.313Z
8796,4-digits,4,taken,2026-09-21T19:09:36.313Z
6962,4-digits,4,taken,2026-09-21T19:09:36.313Z
1700,4-digits,4,taken,2026-09-21T19:09:36.313Z
6791,4-digits,4,taken,2026-09-21T19:09:36.313Z
8832,4-digits,4,taken,2026-09-21T19:09:36.313Z
9810,4-digits,4,taken,2026-09-21T19:09:36.313Z
1446,4-digits,4,taken,2026-09-21T19:09:36.313Z
3919,4-digits,4,taken,2026-09-21T19:09:36.313Z
0004,4-digits,4,taken,2026-09-21T19:09:36.313Z
8479,4-digits,4,taken,2026-09-21T19:09:36.313Z
4335,4-digits,4,taken,2026-09-21T19:09:36.313Z
6780,4-digits,4,taken,2026-09-21T19:09:36.313Z
5391,4-digits,4,taken,2026-09-21T19:09:36.313Z
0212,4-digits,4,taken,2026-09-21T19:09:36.313Z
0794,4-digits,4,taken,2026-09-21T19:09:36.313Z
0989,4-digits,4,taken,2026-09-21T19:09:36.313Z
5325,4-digits,4,taken,2026-09-21T19:09:36.313Z
3137,4-digits,4,taken,2026-09-21T19:09:36.313Z
7075,4-digits,4,taken,2026-09-21T19:09:36.313Z
2337,4-digits,4,taken,2026-09-21T19:09:36.313Z
4322,4-digits,4,taken,2026-09-21T19:09:36.313Z
9219,4-digits,4,taken,2026-09-21T19:09:36.313Z
7584,4-digits,4,taken,2026-09-21T19:09:36.313Z
8823,4-digits,4,taken,2026-09-21T19:09:36.313Z
4366,4-digits,4,taken,2026-09-21T19:09:36.313Z
5057,4-digits,4,taken,2026-09-21T19:09:36.313Z
6423,4-digits,4,taken,2026-09-21T19:09:36.313Z
8282,4-digits,4,taken,2026-09-21T19:09:36.313Z
4781,4-digits,4,taken,2026-09-21T19:09:36.313Z
8981,4-digits,4,taken,2026-09-21T19:09:36.313Z
3496,4-digits,4,taken,2026-09-21T19:09:36.313Z
9409,4-digits,4,taken,2026-09-21T19:09:36.313Z
2138,4-digits,4,taken,2026-09-21T19:09:36.313Z
2781,4-digits,4,taken,2026-09-21T19:09:36.313Z
0701,4-digits,4,taken,2026-09-21T19:09:36.313Z
6797,4-digits,4,taken,2026-09-21T19:09:36.313Z
3014,4-digits,4,taken,2026-09-21T19:09:36.313Z
8753,4-digits,4,taken,2026-09-21T19:09:36.313Z
4294,4-digits,4,taken,2026-09-21T19:09:36.313Z
3583,4-digits,4,taken,2026-09-21T19:09:36.313Z
2363,4-digits,4,taken,2026-09-21T19:09:36.313Z
8563,4-digits,4,taken,2026-09-21T19:09:36.313Z
6173,4-digits,4,taken,2026-09-21T19:09:36.313Z
8145,4-digits,4,taken,2026-09-21T19:09:36.313Z
9178,4-digits,4,taken,2026-09-21T19:09:36.313Z
1384,4-digits,4,taken,2026-09-21T19:09:36.313Z
1907,4-digits,4,taken,2026-09-21T19:09:36.313Z
8660,4-digits,4,taken,2026-09-21T19:10:07.563Z
8030,4-digits,4,taken,2026-09-21T19:10:07.563Z
9966,4-digits,4,taken,2026-09-21T19:10:07.563Z
9423,4-digits,4,taken,2026-09-21T19:10:07.563Z
6741,4-digits,4,taken,2026-09-21T19:10:07.563Z
3120,4-digits,4,taken,2026-09-21T19:10:07.563Z
0714,4-digits,4,taken,2026-09-21T19:10:07.563Z
3790,4-digits,4,taken,2026-09-21T19:10:07.563Z
3320,4-digits,4,taken,2026-09-21T19:10:07.563Z
2676,4-digits,4,taken,2026-09-21T19:10:07.563Z
0408,4-digits,4,taken,2026-09-21T19:10:07.563Z
7767,4-digits,4,taken,2026-09-21T19:10:07.563Z
1592,4-digits,4,taken,2026-09-21T19:10:07.563Z
6077,4-digits,4,taken,2026-09-21T19:10:07.563Z
2925,4-digits,4,taken,2026-09-21T19:10:07.563Z
5247,4-digits,4,taken,2026-09-21T19:10:07.563Z
4268,4-digits,4,taken,2026-09-21T19:10:07.563Z
8246,4-digits,4,taken,2026-09-21T19:10:07.563Z
8854,4-digits,4,taken,2026-09-21T19:10:07.563Z
4759,4-digits,4,taken,2026-09-21T19:10:07.563Z
2324,4-digits,4,taken,2026-09-21T19:10:07.563Z
4927,4-digits,4,taken,2026-09-21T19:10:07.563Z
1161,4-digits,4,taken,2026-09-21T19:10:07.563Z
9464,4-digits,4,taken,2026-09-21T19:10:07.563Z
3186,4-digits,4,taken,2026-09-21T19:10:07.563Z
3597,4-digits,4,taken,2026-09-21T19:10:07.563Z
3085,4-digits,4,taken,2026-09-21T19:10:07.563Z
5452,4-digits,4,taken,2026-09-21T19:10:07.563Z
7731,4-digits,4,taken,2026-09-21T19:10:07.563Z
5481,4-digits,4,taken,2026-09-21T19:10:07.563Z
7502,4-digits,4,taken,2026-09-21T19:10:07.563Z
2900,4-digits,4,taken,2026-09-21T19:10:07.563Z
1524,4-digits,4,taken,2026-09-21T19:10:07.563Z
5662,4-digits,4,taken,2026-09-21T19:10:07.563Z
3768,4-digits,4,taken,2026-09-21T19:10:07.563Z
3647,4-digits,4,taken,2026-09-21T19:10:07.563Z
3510,4-digits,4,taken,2026-09-21T19:10:07.563Z
3661,4-digits,4,taken,2026-09-21T19:10:07.563Z
3948,4-digits,4,taken,2026-09-21T19:10:07.563Z
3817,4-digits,4,taken,2026-09-21T19:10:07.563Z
8036,4-digits,4,taken,2026-09-21T19:10:07.563Z
3595,4-digits,4,taken,2026-09-21T19:10:07.563Z
7856,4-digits,4,taken,2026-09-21T19:10:07.563Z
4943,4-digits,4,taken,2026-09-21T19:10:07.563Z
8679,4-digits,4,taken,2026-09-21T19:10:07.563Z
7007,4-digits,4,taken,2026-09-21T19:10:07.563Z
8328,4-digits,4,taken,2026-09-21T19:10:07.563Z
0012,4-digits,4,taken,2026-09-21T19:10:07.563Z
0225,4-digits,4,taken,2026-09-21T19:10:07.563Z
1552,4-digits,4,taken,2026-09-21T19:10:07.563Z
5195,4-digits,4,taken,2026-09-21T19:10:07.563Z
9108,4-digits,4,taken,2026-09-21T19:10:07.563Z
8165,4-digits,4,taken,2026-09-21T19:10:07.563Z
9171,4-digits,4,taken,2026-09-21T19:10:07.563Z
5894,4-digits,4,taken,2026-09-21T19:10:07.563Z
3967,4-digits,4,taken,2026-09-21T19:10:07.563Z
1711,4-digits,4,taken,2026-09-21T19:10:07.563Z
1504,4-digits,4,taken,2026-09-21T19:10:07.563Z
8475,4-digits,4,taken,2026-09-21T19:10:07.563Z
9987,4-digits,4,taken,2026-09-21T19:10:07.563Z
9404,4-digits,4,taken,2026-09-21T19:10:07.563Z
6348,4-digits,4,taken,2026-09-21T19:10:07.563Z
2581,4-digits,4,taken,2026-09-21T19:10:07.563Z
6705,4-digits,4,taken,2026-09-21T19:10:07.563Z
7373,4-digits,4,taken,2026-09-21T19:10:07.563Z
4745,4-digits,4,taken,2026-09-21T19:10:07.563Z
7357,4-digits,4,taken,2026-09-21T19:10:07.563Z
5963,4-digits,4,taken,2026-09-21T19:10:07.563Z
9509,4-digits,4,taken,2026-09-21T19:10:07.563Z
5012,4-digits,4,taken,2026-09-21T19:10:07.563Z
7898,4-digits,4,taken,2026-09-21T19:10:07.563Z
9013,4-digits,4,taken,2026-09-21T19:10:07.563Z
1333,4-digits,4,taken,2026-09-21T19:10:07.563Z
4690,4-digits,4,taken,2026-09-21T19:10:07.563Z
6505,4-digits,4,taken,2026-09-21T19:10:07.563Z
1806,4-digits,4,taken,2026-09-21T19:10:07.563Z
5596,4-digits,4,taken,2026-09-21T19:10:07.563Z
7137,4-digits,4,taken,2026-09-21T19:10:07.563Z
9983,4-digits,4,taken,2026-09-21T19:10:07.563Z
1752,4-digits,4,taken,2026-09-21T19:10:07.563Z
5430,4-digits,4,taken,2026-09-21T19:10:07.563Z
0220,4-digits,4,taken,2026-09-21T19:10:07.563Z
3905,4-digits,4,taken,2026-09-21T19:10:07.563Z
7817,4-digits,4,taken,2026-09-21T19:10:07.563Z
4818,4-digits,4,taken,2026-09-21T19:10:07.563Z
4654,4-digits,4,taken,2026-09-21T19:10:07.563Z
1238,4-digits,4,taken,2026-09-21T19:10:07.563Z
9878,4-digits,4,taken,2026-09-21T19:10:07.563Z
4439,4-digits,4,taken,2026-09-21T19:10:07.563Z
3507,4-digits,4,taken,2026-09-21T19:10:07.563Z
4319,4-digits,4,taken,2026-09-21T19:10:07.563Z
9440,4-digits,4,taken,2026-09-21T19:10:07.563Z
0644,4-digits,4,taken,2026-09-21T19:10:07.563Z
5999,4-digits,4,taken,2026-09-21T19:10:07.563Z
5354,4-digits,4,taken,2026-09-21T19:10:07.563Z
4799,4-digits,4,taken,2026-09-21T19:10:07.563Z
5094,4-digits,4,taken,2026-09-21T19:10:07.563Z
7176,4-digits,4,taken,2026-09-21T19:10:07.563Z
1198,4-digits,4,taken,2026-09-21T19:10:07.563Z
3933,4-digits,4,taken,2026-09-21T19:10:07.563Z
5393,4-digits,4,taken,2026-09-21T19:10:38.817Z
1305,4-digits,4,taken,2026-09-21T19:10:38.817Z
0747,4-digits,4,taken,2026-09-21T19:10:38.817Z
7211,4-digits,4,taken,2026-09-21T19:10:38.817Z
0092,4-digits,4,taken,2026-09-21T19:10:38.817Z
5858,4-digits,4,taken,2026-09-21T19:10:38.817Z
7437,4-digits,4,taken,2026-09-21T19:10:38.817Z
5073,4-digits,4,taken,2026-09-21T19:10:38.817Z
0371,4-digits,4,taken,2026-09-21T19:10:38.817Z
9603,4-digits,4,taken,2026-09-21T19:10:38.817Z
1659,4-digits,4,taken,2026-09-21T19:10:38.817Z
5838,4-digits,4,taken,2026-09-21T19:10:38.817Z
9083,4-digits,4,taken,2026-09-21T19:10:38.817Z
2746,4-digits,4,taken,2026-09-21T19:10:38.817Z
8128,4-digits,4,taken,2026-09-21T19:10:38.817Z
5415,4-digits,4,taken,2026-09-21T19:10:38.817Z
6118,4-digits,4,taken,2026-09-21T19:10:38.817Z
0572,4-digits,4,taken,2026-09-21T19:10:38.817Z
8056,4-digits,4,taken,2026-09-21T19:10:38.817Z
7797,4-digits,4,taken,2026-09-21T19:10:38.817Z
2859,4-digits,4,taken,2026-09-21T19:10:38.817Z
6510,4-digits,4,taken,2026-09-21T19:10:38.817Z
6665,4-digits,4,taken,2026-09-21T19:10:38.817Z
3913,4-digits,4,taken,2026-09-21T19:10:38.817Z
7666,4-digits,4,taken,2026-09-21T19:10:38.817Z
9979,4-digits,4,taken,2026-09-21T19:10:38.817Z
0843,4-digits,4,taken,2026-09-21T19:10:38.817Z
7993,4-digits,4,taken,2026-09-21T19:10:38.817Z
7819,4-digits,4,taken,2026-09-21T19:10:38.817Z
4595,4-digits,4,taken,2026-09-21T19:10:38.817Z
2768,4-digits,4,taken,2026-09-21T19:10:38.817Z
6943,4-digits,4,taken,2026-09-21T19:10:38.817Z
3124,4-digits,4,taken,2026-09-21T19:10:38.817Z
6452,4-digits,4,taken,2026-09-21T19:10:38.817Z
4655,4-digits,4,taken,2026-09-21T19:10:38.817Z
7349,4-digits,4,taken,2026-09-21T19:10:38.817Z
1087,4-digits,4,taken,2026-09-21T19:10:38.817Z
1804,4-digits,4,taken,2026-09-21T19:10:38.817Z
8550,4-digits,4,taken,2026-09-21T19:10:38.817Z
7687,4-digits,4,taken,2026-09-21T19:10:38.817Z
1692,4-digits,4,taken,2026-09-21T19:10:38.817Z
7842,4-digits,4,taken,2026-09-21T19:10:38.817Z
2938,4-digits,4,taken,2026-09-21T19:10:38.817Z
4086,4-digits,4,taken,2026-09-21T19:10:38.817Z
2970,4-digits,4,taken,2026-09-21T19:10:38.817Z
1805,4-digits,4,taken,2026-09-21T19:10:38.817Z
2887,4-digits,4,taken,2026-09-21T19:10:38.817Z
4047,4-digits,4,taken,2026-09-21T19:10:38.817Z
1283,4-digits,4,taken,2026-09-21T19:10:38.817Z
6105,4-digits,4,taken,2026-09-21T19:10:38.817Z
9842,4-digits,4,taken,2026-09-21T19:10:38.817Z
5948,4-digits,4,taken,2026-09-21T19:10:38.817Z
6149,4-digits,4,taken,2026-09-21T19:10:38.817Z
1346,4-digits,4,taken,2026-09-21T19:10:38.817Z
6013,4-digits,4,taken,2026-09-21T19:10:38.817Z
1139,4-digits,4,taken,2026-09-21T19:10:38.817Z
8093,4-digits,4,taken,2026-09-21T19:10:38.817Z
2223,4-digits,4,taken,2026-09-21T19:10:38.817Z
7104,4-digits,4,taken,2026-09-21T19:10:38.817Z
9326,4-digits,4,taken,2026-09-21T19:10:38.817Z
7310,4-digits,4,taken,2026-09-21T19:10:38.817Z
4118,4-digits,4,taken,2026-09-21T19:10:38.817Z
2126,4-digits,4,taken,2026-09-21T19:10:38.817Z
1906,4-digits,4,taken,2026-09-21T19:10:38.817Z
8826,4-digits,4,taken,2026-09-21T19:10:38.817Z
1705,4-digits,4,taken,2026-09-21T19:10:38.817Z
2121,4-digits,4,taken,2026-09-21T19:10:38.817Z
7603,4-digits,4,taken,2026-09-21T19:10:38.817Z
8460,4-digits,4,taken,2026-09-21T19:10:38.817Z
8317,4-digits,4,taken,2026-09-21T19:10:38.817Z
1976,4-digits,4,taken,2026-09-21T19:10:38.817Z
3026,4-digits,4,taken,2026-09-21T19:10:38.817Z
4926,4-digits,4,taken,2026-09-21T19:10:38.817Z
8266,4-digits,4,taken,2026-09-21T19:10:38.817Z
0781,4-digits,4,taken,2026-09-21T19:10:38.817Z
4857,4-digits,4,taken,2026-09-21T19:10:38.817Z
6251,4-digits,4,taken,2026-09-21T19:10:38.817Z
8153,4-digits,4,taken,2026-09-21T19:10:38.817Z
9533,4-digits,4,taken,2026-09-21T19:10:38.817Z
0907,4-digits,4,taken,2026-09-21T19:10:38.817Z
9512,4-digits,4,taken,2026-09-21T19:10:38.817Z
3250,4-digits,4,taken,2026-09-21T19:10:38.817Z
7587,4-digits,4,taken,2026-09-21T19:10:38.817Z
4285,4-digits,4,taken,2026-09-21T19:10:38.817Z
8046,4-digits,4,taken,2026-09-21T19:10:38.817Z
7541,4-digits,4,taken,2026-09-21T19:10:38.817Z
7919,4-digits,4,taken,2026-09-21T19:10:38.817Z
0665,4-digits,4,taken,2026-09-21T19:10:38.817Z
7226,4-digits,4,taken,2026-09-21T19:10:38.817Z
7014,4-digits,4,taken,2026-09-21T19:10:38.817Z
1879,4-digits,4,taken,2026-09-21T19:10:38.817Z
4548,4-digits,4,taken,2026-09-21T19:10:38.817Z
8850,4-digits,4,taken,2026-09-21T19:10:38.817Z
6915,4-digits,4,taken,2026-09-21T19:10:38.817Z
7911,4-digits,4,taken,2026-09-21T19:10:38.817Z
8506,4-digits,4,taken,2026-09-21T19:10:38.817Z
7206,4-digits,4,taken,2026-09-21T19:10:38.817Z
9870,4-digits,4,taken,2026-09-21T19:10:38.817Z
1248,4-digits,4,taken,2026-09-21T19:10:38.817Z
1533,4-digits,4,taken,2026-09-21T19:10:38.817Z
5799,4-digits,4,taken,2026-09-21T19:11:10.301Z
3336,4-digits,4,taken,2026-09-21T19:11:10.301Z
8562,4-digits,4,taken,2026-09-21T19:11:10.301Z
8082,4-digits,4,taken,2026-09-21T19:11:10.301Z
2487,4-digits,4,taken,2026-09-21T19:11:10.301Z
0542,4-digits,4,taken,2026-09-21T19:11:10.301Z
6409,4-digits,4,taken,2026-09-21T19:11:10.301Z
9240,4-digits,4,taken,2026-09-21T19:11:10.301Z
1619,4-digits,4,taken,2026-09-21T19:11:10.301Z
9881,4-digits,4,taken,2026-09-21T19:11:10.301Z
9189,4-digits,4,taken,2026-09-21T19:11:10.301Z
8295,4-digits,4,taken,2026-09-21T19:11:10.301Z
9227,4-digits,4,taken,2026-09-21T19:11:10.301Z
9367,4-digits,4,taken,2026-09-21T19:11:10.301Z
6215,4-digits,4,taken,2026-09-21T19:11:10.301Z
5722,4-digits,4,taken,2026-09-21T19:11:10.301Z
9362,4-digits,4,taken,2026-09-21T19:11:10.301Z
9293,4-digits,4,taken,2026-09-21T19:11:10.301Z
9340,4-digits,4,taken,2026-09-21T19:11:10.301Z
8976,4-digits,4,taken,2026-09-21T19:11:10.301Z
5698,4-digits,4,taken,2026-09-21T19:11:10.301Z
2364,4-digits,4,taken,2026-09-21T19:11:10.301Z
6531,4-digits,4,taken,2026-09-21T19:11:10.301Z
4569,4-digits,4,taken,2026-09-21T19:11:10.301Z
9075,4-digits,4,taken,2026-09-21T19:11:10.301Z
1507,4-digits,4,taken,2026-09-21T19:11:10.301Z
3762,4-digits,4,taken,2026-09-21T19:11:10.301Z
4188,4-digits,4,taken,2026-09-21T19:11:10.301Z
7433,4-digits,4,taken,2026-09-21T19:11:10.301Z
4504,4-digits,4,taken,2026-09-21T19:11:10.301Z
0566,4-digits,4,taken,2026-09-21T19:11:10.301Z
0490,4-digits,4,taken,2026-09-21T19:11:10.301Z
6349,4-digits,4,taken,2026-09-21T19:11:10.301Z
6420,4-digits,4,taken,2026-09-21T19:11:10.301Z
7877,4-digits,4,taken,2026-09-21T19:11:10.301Z
5507,4-digits,4,taken,2026-09-21T19:11:10.301Z
5323,4-digits,4,taken,2026-09-21T19:11:10.301Z
8825,4-digits,4,taken,2026-09-21T19:11:10.301Z
2285,4-digits,4,taken,2026-09-21T19:11:10.301Z
0587,4-digits,4,taken,2026-09-21T19:11:10.301Z
6429,4-digits,4,taken,2026-09-21T19:11:10.301Z
2252,4-digits,4,taken,2026-09-21T19:11:10.301Z
4404,4-digits,4,taken,2026-09-21T19:11:10.301Z
2856,4-digits,4,taken,2026-09-21T19:11:10.301Z
2783,4-digits,4,taken,2026-09-21T19:11:10.301Z
3230,4-digits,4,taken,2026-09-21T19:11:10.301Z
2767,4-digits,4,taken,2026-09-21T19:11:10.301Z
6307,4-digits,4,taken,2026-09-21T19:11:10.301Z
0728,4-digits,4,taken,2026-09-21T19:11:10.301Z
4345,4-digits,4,taken,2026-09-21T19:11:10.301Z
2497,4-digits,4,taken,2026-09-21T19:11:10.301Z
8123,4-digits,4,taken,2026-09-21T19:11:10.301Z
3995,4-digits,4,taken,2026-09-21T19:11:10.301Z
1817,4-digits,4,taken,2026-09-21T19:11:10.301Z
6657,4-digits,4,taken,2026-09-21T19:11:10.301Z
8008,4-digits,4,taken,2026-09-21T19:11:10.301Z
3564,4-digits,4,taken,2026-09-21T19:11:10.301Z
9874,4-digits,4,taken,2026-09-21T19:11:10.301Z
2945,4-digits,4,taken,2026-09-21T19:11:10.301Z
3748,4-digits,4,taken,2026-09-21T19:11:10.301Z
9523,4-digits,4,taken,2026-09-21T19:11:10.301Z
1624,4-digits,4,taken,2026-09-21T19:11:10.301Z
0104,4-digits,4,taken,2026-09-21T19:11:10.301Z
3447,4-digits,4,taken,2026-09-21T19:11:10.301Z
3115,4-digits,4,taken,2026-09-21T19:11:10.301Z
5307,4-digits,4,taken,2026-09-21T19:11:10.301Z
9855,4-digits,4,taken,2026-09-21T19:11:10.301Z
0277,4-digits,4,taken,2026-09-21T19:11:10.301Z
7397,4-digits,4,taken,2026-09-21T19:11:10.301Z
0906,4-digits,4,taken,2026-09-21T19:11:10.301Z
7045,4-digits,4,taken,2026-09-21T19:11:10.301Z
6532,4-digits,4,taken,2026-09-21T19:11:10.301Z
8939,4-digits,4,taken,2026-09-21T19:11:10.301Z
9892,4-digits,4,taken,2026-09-21T19:11:10.301Z
0688,4-digits,4,taken,2026-09-21T19:11:10.301Z
4061,4-digits,4,taken,2026-09-21T19:11:10.301Z
7181,4-digits,4,taken,2026-09-21T19:11:10.301Z
4940,4-digits,4,taken,2026-09-21T19:11:10.301Z
6415,4-digits,4,taken,2026-09-21T19:11:10.301Z
0118,4-digits,4,taken,2026-09-21T19:11:10.301Z
5915,4-digits,4,taken,2026-09-21T19:11:10.301Z
6308,4-digits,4,taken,2026-09-21T19:11:10.301Z
9858,4-digits,4,taken,2026-09-21T19:11:10.301Z
8089,4-digits,4,taken,2026-09-21T19:11:10.301Z
3383,4-digits,4,taken,2026-09-21T19:11:10.301Z
3631,4-digits,4,taken,2026-09-21T19:11:10.301Z
1098,4-digits,4,taken,2026-09-21T19:11:10.301Z
8845,4-digits,4,taken,2026-09-21T19:11:10.301Z
0365,4-digits,4,taken,2026-09-21T19:11:10.301Z
3881,4-digits,4,taken,2026-09-21T19:11:10.301Z
6770,4-digits,4,taken,2026-09-21T19:11:10.301Z
0082,4-digits,4,taken,2026-09-21T19:11:10.301Z
8861,4-digits,4,taken,2026-09-21T19:11:10.301Z
5947,4-digits,4,taken,2026-09-21T19:11:10.301Z
0145,4-digits,4,taken,2026-09-21T19:11:10.301Z
2278,4-digits,4,taken,2026-09-21T19:11:10.301Z
7642,4-digits,4,taken,2026-09-21T19:11:10.301Z
8576,4-digits,4,taken,2026-09-21T19:11:10.301Z
9220,4-digits,4,taken,2026-09-21T19:11:10.301Z
0113,4-digits,4,taken,2026-09-21T19:11:10.301Z
1830,4-digits,4,taken,2026-09-21T19:11:41.551Z
0924,4-digits,4,taken,2026-09-21T19:11:41.551Z
7148,4-digits,4,taken,2026-09-21T19:11:41.551Z
2103,4-digits,4,taken,2026-09-21T19:11:41.551Z
5041,4-digits,4,taken,2026-09-21T19:11:41.551Z
0434,4-digits,4,taken,2026-09-21T19:11:41.551Z
8244,4-digits,4,taken,2026-09-21T19:11:41.551Z
5889,4-digits,4,taken,2026-09-21T19:11:41.551Z
4211,4-digits,4,taken,2026-09-21T19:11:41.551Z
5599,4-digits,4,taken,2026-09-21T19:11:41.551Z
8642,4-digits,4,taken,2026-09-21T19:11:41.551Z
0213,4-digits,4,taken,2026-09-21T19:11:41.551Z
7494,4-digits,4,taken,2026-09-21T19:11:41.551Z
5371,4-digits,4,taken,2026-09-21T19:11:41.551Z
8675,4-digits,4,taken,2026-09-21T19:11:41.551Z
3977,4-digits,4,taken,2026-09-21T19:11:41.551Z
4995,4-digits,4,taken,2026-09-21T19:11:41.551Z
7317,4-digits,4,taken,2026-09-21T19:11:41.551Z
6152,4-digits,4,taken,2026-09-21T19:11:41.551Z
7264,4-digits,4,taken,2026-09-21T19:11:41.551Z
9963,4-digits,4,taken,2026-09-21T19:11:41.551Z
8940,4-digits,4,taken,2026-09-21T19:11:41.551Z
4667,4-digits,4,taken,2026-09-21T19:11:41.551Z
1025,4-digits,4,taken,2026-09-21T19:11:41.551Z
8126,4-digits,4,taken,2026-09-21T19:11:41.551Z
7599,4-digits,4,taken,2026-09-21T19:11:41.551Z
4919,4-digits,4,taken,2026-09-21T19:11:41.551Z
4757,4-digits,4,taken,2026-09-21T19:11:41.551Z
1933,4-digits,4,taken,2026-09-21T19:11:41.551Z
0929,4-digits,4,taken,2026-09-21T19:11:41.551Z
7822,4-digits,4,taken,2026-09-21T19:11:41.551Z
8949,4-digits,4,taken,2026-09-21T19:11:41.551Z
9480,4-digits,4,taken,2026-09-21T19:11:41.551Z
7952,4-digits,4,taken,2026-09-21T19:11:41.551Z
6139,4-digits,4,taken,2026-09-21T19:11:41.551Z
3021,4-digits,4,taken,2026-09-21T19:11:41.551Z
5234,4-digits,4,taken,2026-09-21T19:11:41.551Z
8605,4-digits,4,taken,2026-09-21T19:11:41.551Z
9775,4-digits,4,taken,2026-09-21T19:11:41.551Z
7756,4-digits,4,taken,2026-09-21T19:11:41.551Z
1489,4-digits,4,taken,2026-09-21T19:11:41.551Z
3592,4-digits,4,taken,2026-09-21T19:11:41.551Z
4618,4-digits,4,taken,2026-09-21T19:11:41.551Z
9852,4-digits,4,taken,2026-09-21T19:11:41.551Z
9106,4-digits,4,taken,2026-09-21T19:11:41.551Z
6260,4-digits,4,taken,2026-09-21T19:11:41.551Z
3190,4-digits,4,taken,2026-09-21T19:11:41.551Z
0687,4-digits,4,taken,2026-09-21T19:11:41.551Z
9028,4-digits,4,taken,2026-09-21T19:11:41.551Z
8909,4-digits,4,taken,2026-09-21T19:11:41.551Z
2667,4-digits,4,taken,2026-09-21T19:11:41.551Z
3478,4-digits,4,taken,2026-09-21T19:11:41.551Z
3997,4-digits,4,taken,2026-09-21T19:11:41.551Z
7123,4-digits,4,taken,2026-09-21T19:11:41.551Z
5850,4-digits,4,taken,2026-09-21T19:11:41.551Z
6942,4-digits,4,taken,2026-09-21T19:11:41.551Z
7273,4-digits,4,taken,2026-09-21T19:11:41.551Z
4149,4-digits,4,taken,2026-09-21T19:11:41.551Z
8682,4-digits,4,taken,2026-09-21T19:11:41.551Z
2830,4-digits,4,taken,2026-09-21T19:11:41.551Z
0638,4-digits,4,taken,2026-09-21T19:11:41.551Z
6680,4-digits,4,taken,2026-09-21T19:11:41.551Z
4804,4-digits,4,taken,2026-09-21T19:11:41.551Z
5996,4-digits,4,taken,2026-09-21T19:11:41.551Z
8640,4-digits,4,taken,2026-09-21T19:11:41.551Z
1836,4-digits,4,taken,2026-09-21T19:11:41.551Z
8218,4-digits,4,taken,2026-09-21T19:11:41.551Z
1787,4-digits,4,taken,2026-09-21T19:11:41.551Z
5063,4-digits,4,taken,2026-09-21T19:11:41.551Z
9290,4-digits,4,taken,2026-09-21T19:11:41.551Z
1181,4-digits,4,taken,2026-09-21T19:11:41.551Z
0669,4-digits,4,taken,2026-09-21T19:11:41.551Z
5711,4-digits,4,taken,2026-09-21T19:11:41.551Z
9415,4-digits,4,taken,2026-09-21T19:11:41.551Z
1952,4-digits,4,taken,2026-09-21T19:11:41.551Z
4357,4-digits,4,taken,2026-09-21T19:11:41.551Z
3979,4-digits,4,taken,2026-09-21T19:11:41.551Z
9933,4-digits,4,taken,2026-09-21T19:11:41.551Z
0021,4-digits,4,taken,2026-09-21T19:11:41.551Z
4980,4-digits,4,taken,2026-09-21T19:11:41.551Z
4036,4-digits,4,taken,2026-09-21T19:11:41.551Z
1209,4-digits,4,taken,2026-09-21T19:11:41.551Z
6742,4-digits,4,taken,2026-09-21T19:11:41.551Z
2721,4-digits,4,taken,2026-09-21T19:11:41.551Z
9425,4-digits,4,taken,2026-09-21T19:11:41.551Z
4561,4-digits,4,taken,2026-09-21T19:11:41.551Z
0816,4-digits,4,taken,2026-09-21T19:11:41.551Z
3699,4-digits,4,taken,2026-09-21T19:11:41.551Z
0341,4-digits,4,taken,2026-09-21T19:11:41.551Z
6048,4-digits,4,taken,2026-09-21T19:11:41.551Z
1223,4-digits,4,taken,2026-09-21T19:11:41.551Z
2875,4-digits,4,taken,2026-09-21T19:11:41.551Z
7303,4-digits,4,taken,2026-09-21T19:11:41.551Z
0788,4-digits,4,taken,2026-09-21T19:11:41.551Z
0528,4-digits,4,taken,2026-09-21T19:11:41.551Z
1739,4-digits,4,taken,2026-09-21T19:11:41.551Z
6792,4-digits,4,taken,2026-09-21T19:11:41.551Z
5661,4-digits,4,taken,2026-09-21T19:11:41.551Z
1056,4-digits,4,taken,2026-09-21T19:11:41.551Z
7146,4-digits,4,taken,2026-09-21T19:11:41.551Z
9444,4-digits,4,taken,2026-09-21T19:12:12.806Z
0474,4-digits,4,taken,2026-09-21T19:12:12.806Z
6241,4-digits,4,taken,2026-09-21T19:12:12.806Z
6114,4-digits,4,taken,2026-09-21T19:12:12.806Z
7012,4-digits,4,taken,2026-09-21T19:12:12.806Z
3054,4-digits,4,taken,2026-09-21T19:12:12.806Z
3425,4-digits,4,taken,2026-09-21T19:12:12.806Z
7739,4-digits,4,taken,2026-09-21T19:12:12.806Z
0736,4-digits,4,taken,2026-09-21T19:12:12.806Z
4724,4-digits,4,taken,2026-09-21T19:12:12.806Z
5314,4-digits,4,taken,2026-09-21T19:12:12.806Z
3217,4-digits,4,taken,2026-09-21T19:12:12.806Z
0338,4-digits,4,taken,2026-09-21T19:12:12.806Z
7421,4-digits,4,taken,2026-09-21T19:12:12.806Z
5550,4-digits,4,taken,2026-09-21T19:12:12.806Z
6083,4-digits,4,taken,2026-09-21T19:12:12.806Z
7631,4-digits,4,taken,2026-09-21T19:12:12.806Z
6974,4-digits,4,taken,2026-09-21T19:12:12.806Z
6857,4-digits,4,taken,2026-09-21T19:12:12.806Z
7006,4-digits,4,taken,2026-09-21T19:12:12.806Z
0283,4-digits,4,taken,2026-09-21T19:12:12.806Z
4418,4-digits,4,taken,2026-09-21T19:12:12.806Z
4668,4-digits,4,taken,2026-09-21T19:12:12.806Z
6935,4-digits,4,taken,2026-09-21T19:12:12.806Z
4622,4-digits,4,taken,2026-09-21T19:12:12.806Z
4476,4-digits,4,taken,2026-09-21T19:12:12.806Z
9234,4-digits,4,taken,2026-09-21T19:12:12.806Z
4181,4-digits,4,taken,2026-09-21T19:12:12.806Z
7151,4-digits,4,taken,2026-09-21T19:12:12.806Z
6710,4-digits,4,taken,2026-09-21T19:12:12.806Z
2235,4-digits,4,taken,2026-09-21T19:12:12.806Z
8199,4-digits,4,taken,2026-09-21T19:12:12.806Z
8863,4-digits,4,taken,2026-09-21T19:12:12.806Z
0839,4-digits,4,taken,2026-09-21T19:12:12.806Z
1298,4-digits,4,taken,2026-09-21T19:12:12.806Z
2737,4-digits,4,taken,2026-09-21T19:12:12.806Z
yafa,4-cvcv,4,taken,2026-09-21T19:12:12.806Z
soli,4-cvcv,4,taken,2026-09-21T19:12:12.806Z
cipi,4-cvcv,4,taken,2026-09-21T19:12:12.806Z
pibu,4-cvcv,4,taken,2026-09-21T19:12:12.806Z
xuha,4-cvcv,4,taken,2026-09-21T19:12:12.806Z
lumi,4-cvcv,4,taken,2026-09-21T19:12:12.806Z
suke,4-cvcv,4,taken,2026-09-21T19:12:12.806Z
miku,4-cvcv,4,taken,2026-09-21T19:12:12.806Z
vina,4-cvcv,4,taken,2026-09-21T19:12:12.806Z
pihu,4-cvcv,4,taken,2026-09-21T19:12:12.806Z
pizo,4-cvcv,4,taken,2026-09-21T19:12:12.806Z
cupi,4-cvcv,4,taken,2026-09-21T19:12:12.806Z
revu,4-cvcv,4,taken,2026-09-21T19:12:12.806Z
tufe,4-cvcv,4,taken,2026-09-21T19:12:12.806Z
tipa,4-cvcv,4,taken,2026-09-21T19:12:12.806Z
bumu,4-cvcv,4,taken,2026-09-21T19:12:12.806Z
doga,4-cvcv,4,taken,2026-09-21T19:12:12.806Z
hosu,4-cvcv,4,taken,2026-09-21T19:12:12.806Z
kiwe,4-cvcv,4,taken,2026-09-21T19:12:12.806Z
luqi,4-cvcv,4,taken,2026-09-21T19:12:12.806Z
vije,4-cvcv,4,taken,2026-09-21T19:12:12.806Z
yeqi,4-cvcv,4,taken,2026-09-21T19:12:12.806Z
sewi,4-cvcv,4,taken,2026-09-21T19:12:12.806Z
basu,4-cvcv,4,taken,2026-09-21T19:12:12.806Z
piko,4-cvcv,4,taken,2026-09-21T19:12:12.806Z
qoqe,4-cvcv,4,taken,2026-09-21T19:12:12.806Z
foge,4-cvcv,4,taken,2026-09-21T19:12:12.806Z
baru,4-cvcv,4,taken,2026-09-21T19:12:12.806Z
rovi,4-cvcv,4,taken,2026-09-21T19:12:12.806Z
zuba,4-cvcv,4,taken,2026-09-21T19:12:12.806Z
zabo,4-cvcv,4,taken,2026-09-21T19:12:12.806Z
bigi,4-cvcv,4,taken,2026-09-21T19:12:12.806Z
hege,4-cvcv,4,taken,2026-09-21T19:12:12.806Z
tesu,4-cvcv,4,taken,2026-09-21T19:12:12.806Z
fisu,4-cvcv,4,taken,2026-09-21T19:12:12.806Z
pule,4-cvcv,4,taken,2026-09-21T19:12:12.806Z
vupo,4-cvcv,4,taken,2026-09-21T19:12:12.806Z
cenu,4-cvcv,4,taken,2026-09-21T19:12:12.806Z
kopo,4-cvcv,4,taken,2026-09-21T19:12:12.806Z
rike,4-cvcv,4,taken,2026-09-21T19:12:12.806Z
qetu,4-cvcv,4,taken,2026-09-21T19:12:12.806Z
buwi,4-cvcv,4,taken,2026-09-21T19:12:12.806Z
dimu,4-cvcv,4,taken,2026-09-21T19:12:12.806Z
fufa,4-cvcv,4,taken,2026-09-21T19:12:12.806Z
ciri,4-cvcv,4,taken,2026-09-21T19:12:12.806Z
yowi,4-cvcv,4,taken,2026-09-21T19:12:12.806Z
giyu,4-cvcv,4,taken,2026-09-21T19:12:12.806Z
lafo,4-cvcv,4,taken,2026-09-21T19:12:12.806Z
gewa,4-cvcv,4,taken,2026-09-21T19:12:12.806Z
hoqa,4-cvcv,4,taken,2026-09-21T19:12:12.806Z
keju,4-cvcv,4,taken,2026-09-21T19:12:12.806Z
jadi,4-cvcv,4,taken,2026-09-21T19:12:12.806Z
daxa,4-cvcv,4,taken,2026-09-21T19:12:12.806Z
qagi,4-cvcv,4,taken,2026-09-21T19:12:12.806Z
yohi,4-cvcv,4,taken,2026-09-21T19:12:12.806Z
loto,4-cvcv,4,taken,2026-09-21T19:12:12.806Z
cepo,4-cvcv,4,taken,2026-09-21T19:12:12.806Z
xohu,4-cvcv,4,taken,2026-09-21T19:12:12.806Z
beho,4-cvcv,4,taken,2026-09-21T19:12:12.806Z
kosu,4-cvcv,4,taken,2026-09-21T19:12:12.806Z
hoya,4-cvcv,4,taken,2026-09-21T19:12:12.806Z
paca,4-cvcv,4,taken,2026-09-21T19:12:12.806Z
cobi,4-cvcv,4,taken,2026-09-21T19:12:12.806Z
fewe,4-cvcv,4,taken,2026-09-21T19:12:12.806Z
risi,4-cvcv,4,taken,2026-09-21T19:12:44.095Z
yuca,4-cvcv,4,taken,2026-09-21T19:12:44.095Z
paze,4-cvcv,4,taken,2026-09-21T19:12:44.095Z
toyo,4-cvcv,4,taken,2026-09-21T19:12:44.095Z
guwi,4-cvcv,4,taken,2026-09-21T19:12:44.095Z
qedi,4-cvcv,4,taken,2026-09-21T19:12:44.095Z
wona,4-cvcv,4,taken,2026-09-21T19:12:44.095Z
golu,4-cvcv,4,taken,2026-09-21T19:12:44.095Z
johi,4-cvcv,4,taken,2026-09-21T19:12:44.095Z
sepu,4-cvcv,4,taken,2026-09-21T19:12:44.095Z
vota,4-cvcv,4,taken,2026-09-21T19:12:44.095Z
wuke,4-cvcv,4,taken,2026-09-21T19:12:44.095Z
doje,4-cvcv,4,taken,2026-09-21T19:12:44.095Z
lego,4-cvcv,4,taken,2026-09-21T19:12:44.095Z
deha,4-cvcv,4,taken,2026-09-21T19:12:44.095Z
qowi,4-cvcv,4,taken,2026-09-21T19:12:44.095Z
zehu,4-cvcv,4,taken,2026-09-21T19:12:44.095Z
lenu,4-cvcv,4,taken,2026-09-21T19:12:44.095Z
xavi,4-cvcv,4,taken,2026-09-21T19:12:44.095Z
weze,4-cvcv,4,taken,2026-09-21T19:12:44.095Z
pami,4-cvcv,4,taken,2026-09-21T19:12:44.095Z
nepe,4-cvcv,4,taken,2026-09-21T19:12:44.095Z
xali,4-cvcv,4,taken,2026-09-21T19:12:44.095Z
kozi,4-cvcv,4,taken,2026-09-21T19:12:44.095Z
fugo,4-cvcv,4,taken,2026-09-21T19:12:44.095Z
tepu,4-cvcv,4,taken,2026-09-21T19:12:44.095Z
nizi,4-cvcv,4,taken,2026-09-21T19:12:44.095Z
lela,4-cvcv,4,taken,2026-09-21T19:12:44.095Z
xovo,4-cvcv,4,taken,2026-09-21T19:12:44.095Z
pamu,4-cvcv,4,taken,2026-09-21T19:12:44.095Z
vini,4-cvcv,4,taken,2026-09-21T19:12:44.095Z
zaqi,4-cvcv,4,taken,2026-09-21T19:12:44.095Z
zohe,4-cvcv,4,taken,2026-09-21T19:12:44.095Z
yali,4-cvcv,4,taken,2026-09-21T19:12:44.095Z
hibe,4-cvcv,4,taken,2026-09-21T19:12:44.095Z
hunu,4-cvcv,4,taken,2026-09-21T19:12:44.095Z
gefi,4-cvcv,4,taken,2026-09-21T19:12:44.095Z
wugu,4-cvcv,4,taken,2026-09-21T19:12:44.095Z
deno,4-cvcv,4,taken,2026-09-21T19:12:44.095Z
bodi,4-cvcv,4,taken,2026-09-21T19:12:44.095Z
sawi,4-cvcv,4,taken,2026-09-21T19:12:44.095Z
yeri,4-cvcv,4,taken,2026-09-21T19:12:44.095Z
kifa,4-cvcv,4,taken,2026-09-21T19:12:44.095Z
zimo,4-cvcv,4,taken,2026-09-21T19:12:44.095Z
mafe,4-cvcv,4,taken,2026-09-21T19:12:44.095Z
yiho,4-cvcv,4,taken,2026-09-21T19:12:44.095Z
vuhe,4-cvcv,4,taken,2026-09-21T19:12:44.095Z
loba,4-cvcv,4,taken,2026-09-21T19:12:44.095Z
hihe,4-cvcv,4,taken,2026-09-21T19:12:44.095Z
kewu,4-cvcv,4,taken,2026-09-21T19:12:44.095Z
keco,4-cvcv,4,taken,2026-09-21T19:12:44.095Z
sadi,4-cvcv,4,taken,2026-09-21T19:12:44.095Z
pimo,4-cvcv,4,taken,2026-09-21T19:12:44.095Z
fiju,4-cvcv,4,taken,2026-09-21T19:12:44.095Z
jozu,4-cvcv,4,taken,2026-09-21T19:12:44.095Z
kura,4-cvcv,4,taken,2026-09-21T19:12:44.095Z
riba,4-cvcv,4,taken,2026-09-21T19:12:44.095Z
tica,4-cvcv,4,taken,2026-09-21T19:12:44.095Z
pena,4-cvcv,4,taken,2026-09-21T19:12:44.095Z
hehu,4-cvcv,4,taken,2026-09-21T19:12:44.095Z
luxo,4-cvcv,4,taken,2026-09-21T19:12:44.095Z
dubo,4-cvcv,4,taken,2026-09-21T19:12:44.095Z
baqo,4-cvcv,4,taken,2026-09-21T19:12:44.095Z
mubo,4-cvcv,4,taken,2026-09-21T19:12:44.095Z
zogu,4-cvcv,4,taken,2026-09-21T19:12:44.095Z
jepi,4-cvcv,4,taken,2026-09-21T19:12:44.095Z
nevu,4-cvcv,4,taken,2026-09-21T19:12:44.095Z
wupo,4-cvcv,4,taken,2026-09-21T19:12:44.095Z
vaju,4-cvcv,4,taken,2026-09-21T19:12:44.095Z
begi,4-cvcv,4,taken,2026-09-21T19:12:44.095Z
juze,4-cvcv,4,taken,2026-09-21T19:12:44.095Z
ciya,4-cvcv,4,taken,2026-09-21T19:12:44.095Z
yogo,4-cvcv,4,taken,2026-09-21T19:12:44.095Z
duxa,4-cvcv,4,taken,2026-09-21T19:12:44.095Z
neci,4-cvcv,4,taken,2026-09-21T19:12:44.095Z
yayu,4-cvcv,4,taken,2026-09-21T19:12:44.095Z
woxo,4-cvcv,4,taken,2026-09-21T19:12:44.095Z
xemu,4-cvcv,4,taken,2026-09-21T19:12:44.095Z
funo,4-cvcv,4,taken,2026-09-21T19:12:44.095Z
fogo,4-cvcv,4,taken,2026-09-21T19:12:44.095Z
cune,4-cvcv,4,taken,2026-09-21T19:12:44.095Z
jaci,4-cvcv,4,taken,2026-09-21T19:12:44.095Z
qavo,4-cvcv,4,taken,2026-09-21T19:12:44.095Z
cofo,4-cvcv,4,taken,2026-09-21T19:12:44.095Z
suyu,4-cvcv,4,taken,2026-09-21T19:12:44.095Z
bine,4-cvcv,4,taken,2026-09-21T19:12:44.095Z
befe,4-cvcv,4,taken,2026-09-21T19:12:44.095Z
duxi,4-cvcv,4,taken,2026-09-21T19:12:44.095Z
zaje,4-cvcv,4,taken,2026-09-21T19:12:44.095Z
lowo,4-cvcv,4,taken,2026-09-21T19:12:44.095Z
face,4-cvcv,4,taken,2026-09-21T19:12:44.095Z
yesu,4-cvcv,4,taken,2026-09-21T19:12:44.095Z
seje,4-cvcv,4,taken,2026-09-21T19:12:44.095Z
mica,4-cvcv,4,taken,2026-09-21T19:12:44.095Z
juje,4-cvcv,4,taken,2026-09-21T19:12:44.095Z
yaxu,4-cvcv,4,taken,2026-09-21T19:12:44.095Z
ruki,4-cvcv,4,taken,2026-09-21T19:12:44.095Z
quro,4-cvcv,4,taken,2026-09-21T19:12:44.095Z
yuqi,4-cvcv,4,taken,2026-09-21T19:12:44.095Z
gike,4-cvcv,4,taken,2026-09-21T19:12:44.095Z
nefo,4-cvcv,4,taken,2026-09-21T19:13:15.343Z
wute,4-cvcv,4,taken,2026-09-21T19:13:15.343Z
xuhe,4-cvcv,4,taken,2026-09-21T19:13:15.343Z
ziso,4-cvcv,4,taken,2026-09-21T19:13:15.343Z
yepe,4-cvcv,4,taken,2026-09-21T19:13:15.343Z
lofo,4-cvcv,4,taken,2026-09-21T19:13:15.343Z
vaso,4-cvcv,4,taken,2026-09-21T19:13:15.343Z
zoyi,4-cvcv,4,taken,2026-09-21T19:13:15.343Z
loma,4-cvcv,4,taken,2026-09-21T19:13:15.343Z
zote,4-cvcv,4,taken,2026-09-21T19:13:15.343Z
zomi,4-cvcv,4,taken,2026-09-21T19:13:15.343Z
qeni,4-cvcv,4,taken,2026-09-21T19:13:15.343Z
yuna,4-cvcv,4,taken,2026-09-21T19:13:15.343Z
wosu,4-cvcv,4,taken,2026-09-21T19:13:15.343Z
kaka,4-cvcv,4,taken,2026-09-21T19:13:15.343Z
mivu,4-cvcv,4,taken,2026-09-21T19:13:15.343Z
muve,4-cvcv,4,taken,2026-09-21T19:13:15.343Z
xiya,4-cvcv,4,taken,2026-09-21T19:13:15.343Z
tege,4-cvcv,4,taken,2026-09-21T19:13:15.343Z
xola,4-cvcv,4,taken,2026-09-21T19:13:15.343Z
xodi,4-cvcv,4,taken,2026-09-21T19:13:15.343Z
migu,4-cvcv,4,taken,2026-09-21T19:13:15.343Z
fela,4-cvcv,4,taken,2026-09-21T19:13:15.343Z
xisu,4-cvcv,4,taken,2026-09-21T19:13:15.343Z
muqa,4-cvcv,4,taken,2026-09-21T19:13:15.343Z
jeba,4-cvcv,4,taken,2026-09-21T19:13:15.343Z
qota,4-cvcv,4,taken,2026-09-21T19:13:15.343Z
tivu,4-cvcv,4,taken,2026-09-21T19:13:15.343Z
hucu,4-cvcv,4,taken,2026-09-21T19:13:15.343Z
raga,4-cvcv,4,taken,2026-09-21T19:13:15.343Z
toku,4-cvcv,4,taken,2026-09-21T19:13:15.343Z
sika,4-cvcv,4,taken,2026-09-21T19:13:15.343Z
yewu,4-cvcv,4,taken,2026-09-21T19:13:15.343Z
lufi,4-cvcv,4,taken,2026-09-21T19:13:15.343Z
woqu,4-cvcv,4,taken,2026-09-21T19:13:15.343Z
sivi,4-cvcv,4,taken,2026-09-21T19:13:15.343Z
vece,4-cvcv,4,taken,2026-09-21T19:13:15.343Z
hugo,4-cvcv,4,taken,2026-09-21T19:13:15.343Z
pamo,4-cvcv,4,taken,2026-09-21T19:13:15.343Z
pusi,4-cvcv,4,taken,2026-09-21T19:13:15.343Z
sosi,4-cvcv,4,taken,2026-09-21T19:13:15.343Z
wibu,4-cvcv,4,taken,2026-09-21T19:13:15.343Z
naki,4-cvcv,4,taken,2026-09-21T19:13:15.343Z
dore,4-cvcv,4,taken,2026-09-21T19:13:15.343Z
loki,4-cvcv,4,taken,2026-09-21T19:13:15.343Z
quhe,4-cvcv,4,taken,2026-09-21T19:13:15.343Z
tisa,4-cvcv,4,taken,2026-09-21T19:13:15.343Z
cuwu,4-cvcv,4,taken,2026-09-21T19:13:15.343Z
resu,4-cvcv,4,taken,2026-09-21T19:13:15.343Z
vuqa,4-cvcv,4,taken,2026-09-21T19:13:15.343Z
wumo,4-cvcv,4,taken,2026-09-21T19:13:15.343Z
qiye,4-cvcv,4,taken,2026-09-21T19:13:15.343Z
nari,4-cvcv,4,taken,2026-09-21T19:13:15.343Z
fehu,4-cvcv,4,taken,2026-09-21T19:13:15.343Z
puki,4-cvcv,4,taken,2026-09-21T19:13:15.343Z
gulu,4-cvcv,4,taken,2026-09-21T19:13:15.343Z
bova,4-cvcv,4,taken,2026-09-21T19:13:15.343Z
zuda,4-cvcv,4,taken,2026-09-21T19:13:15.343Z
cexu,4-cvcv,4,taken,2026-09-21T19:13:15.343Z
naja,4-cvcv,4,taken,2026-09-21T19:13:15.343Z
niyu,4-cvcv,4,taken,2026-09-21T19:13:15.343Z
qere,4-cvcv,4,taken,2026-09-21T19:13:15.343Z
faze,4-cvcv,4,taken,2026-09-21T19:13:15.343Z
daza,4-cvcv,4,taken,2026-09-21T19:13:15.343Z
jifo,4-cvcv,4,taken,2026-09-21T19:13:15.343Z
cumi,4-cvcv,4,taken,2026-09-21T19:13:15.343Z
rewi,4-cvcv,4,taken,2026-09-21T19:13:15.343Z
huce,4-cvcv,4,taken,2026-09-21T19:13:15.343Z
gedo,4-cvcv,4,taken,2026-09-21T19:13:15.343Z
caja,4-cvcv,4,taken,2026-09-21T19:13:15.343Z
qiqe,4-cvcv,4,taken,2026-09-21T19:13:15.343Z
doke,4-cvcv,4,taken,2026-09-21T19:13:15.343Z
maqo,4-cvcv,4,taken,2026-09-21T19:13:15.343Z
pudo,4-cvcv,4,taken,2026-09-21T19:13:15.343Z
kavo,4-cvcv,4,taken,2026-09-21T19:13:15.343Z
laku,4-cvcv,4,taken,2026-09-21T19:13:15.343Z
mupi,4-cvcv,4,taken,2026-09-21T19:13:15.343Z
zuwi,4-cvcv,4,taken,2026-09-21T19:13:15.343Z
yeko,4-cvcv,4,taken,2026-09-21T19:13:15.343Z
bune,4-cvcv,4,taken,2026-09-21T19:13:15.343Z
bate,4-cvcv,4,taken,2026-09-21T19:13:15.343Z
fapa,4-cvcv,4,taken,2026-09-21T19:13:15.343Z
yobu,4-cvcv,4,taken,2026-09-21T19:13:15.343Z
fawi,4-cvcv,4,taken,2026-09-21T19:13:15.343Z
wesa,4-cvcv,4,taken,2026-09-21T19:13:15.343Z
nedu,4-cvcv,4,taken,2026-09-21T19:13:15.343Z
lito,4-cvcv,4,taken,2026-09-21T19:13:15.343Z
geda,4-cvcv,4,taken,2026-09-21T19:13:15.343Z
lega,4-cvcv,4,taken,2026-09-21T19:13:15.343Z
foqi,4-cvcv,4,taken,2026-09-21T19:13:15.343Z
nudo,4-cvcv,4,taken,2026-09-21T19:13:15.343Z
yeli,4-cvcv,4,taken,2026-09-21T19:13:15.343Z
xari,4-cvcv,4,taken,2026-09-21T19:13:15.343Z
haba,4-cvcv,4,taken,2026-09-21T19:13:15.343Z
veso,4-cvcv,4,taken,2026-09-21T19:13:15.343Z
faji,4-cvcv,4,taken,2026-09-21T19:13:15.343Z
sawa,4-cvcv,4,taken,2026-09-21T19:13:15.343Z
coze,4-cvcv,4,taken,2026-09-21T19:13:15.343Z
dipo,4-cvcv,4,taken,2026-09-21T19:13:15.343Z
geqe,4-cvcv,4,taken,2026-09-21T19:13:15.343Z
jeto,4-cvcv,4,taken,2026-09-21T19:13:46.580Z
hibi,4-cvcv,4,taken,2026-09-21T19:13:46.580Z
jujo,4-cvcv,4,taken,2026-09-21T19:13:46.580Z
suju,4-cvcv,4,taken,2026-09-21T19:13:46.580Z
bedu,4-cvcv,4,taken,2026-09-21T19:13:46.580Z
lavo,4-cvcv,4,taken,2026-09-21T19:13:46.580Z
vigo,4-cvcv,4,taken,2026-09-21T19:13:46.580Z
poxu,4-cvcv,4,taken,2026-09-21T19:13:46.580Z
domi,4-cvcv,4,taken,2026-09-21T19:13:46.580Z
zife,4-cvcv,4,taken,2026-09-21T19:13:46.580Z
qiqa,4-cvcv,4,taken,2026-09-21T19:13:46.580Z
lise,4-cvcv,4,taken,2026-09-21T19:13:46.580Z
jahi,4-cvcv,4,taken,2026-09-21T19:13:46.580Z
kari,4-cvcv,4,taken,2026-09-21T19:13:46.580Z
jaza,4-cvcv,4,taken,2026-09-21T19:13:46.580Z
bipi,4-cvcv,4,taken,2026-09-21T19:13:46.580Z
yabo,4-cvcv,4,taken,2026-09-21T19:13:46.580Z
zedi,4-cvcv,4,taken,2026-09-21T19:13:46.580Z
muqe,4-cvcv,4,taken,2026-09-21T19:13:46.580Z
wowe,4-cvcv,4,taken,2026-09-21T19:13:46.580Z
niqa,4-cvcv,4,taken,2026-09-21T19:13:46.580Z
cebo,4-cvcv,4,taken,2026-09-21T19:13:46.580Z
lica,4-cvcv,4,taken,2026-09-21T19:13:46.580Z
kepu,4-cvcv,4,taken,2026-09-21T19:13:46.580Z
gafa,4-cvcv,4,taken,2026-09-21T19:13:46.580Z
pori,4-cvcv,4,taken,2026-09-21T19:13:46.580Z
lume,4-cvcv,4,taken,2026-09-21T19:13:46.580Z
rede,4-cvcv,4,taken,2026-09-21T19:13:46.580Z
boce,4-cvcv,4,taken,2026-09-21T19:13:46.580Z
sipu,4-cvcv,4,taken,2026-09-21T19:13:46.580Z
jani,4-cvcv,4,taken,2026-09-21T19:13:46.580Z
vipu,4-cvcv,4,taken,2026-09-21T19:13:46.580Z
fefe,4-cvcv,4,taken,2026-09-21T19:13:46.580Z
puka,4-cvcv,4,taken,2026-09-21T19:13:46.580Z
jayu,4-cvcv,4,taken,2026-09-21T19:13:46.580Z
veli,4-cvcv,4,taken,2026-09-21T19:13:46.580Z
xeja,4-cvcv,4,taken,2026-09-21T19:13:46.580Z
heti,4-cvcv,4,taken,2026-09-21T19:13:46.580Z
cise,4-cvcv,4,taken,2026-09-21T19:13:46.580Z
jesu,4-cvcv,4,taken,2026-09-21T19:13:46.580Z
dero,4-cvcv,4,taken,2026-09-21T19:13:46.580Z
cici,4-cvcv,4,taken,2026-09-21T19:13:46.580Z
vimo,4-cvcv,4,taken,2026-09-21T19:13:46.580Z
rika,4-cvcv,4,taken,2026-09-21T19:13:46.580Z
wude,4-cvcv,4,taken,2026-09-21T19:13:46.580Z
cufa,4-cvcv,4,taken,2026-09-21T19:13:46.580Z
juqe,4-cvcv,4,taken,2026-09-21T19:13:46.580Z
fojo,4-cvcv,4,taken,2026-09-21T19:13:46.580Z
sada,4-cvcv,4,taken,2026-09-21T19:13:46.580Z
gede,4-cvcv,4,taken,2026-09-21T19:13:46.580Z
gevu,4-cvcv,4,taken,2026-09-21T19:13:46.580Z
neti,4-cvcv,4,taken,2026-09-21T19:13:46.580Z
ruti,4-cvcv,4,taken,2026-09-21T19:13:46.580Z
taqi,4-cvcv,4,taken,2026-09-21T19:13:46.580Z
wofa,4-cvcv,4,taken,2026-09-21T19:13:46.580Z
lovu,4-cvcv,4,taken,2026-09-21T19:13:46.580Z
zoto,4-cvcv,4,taken,2026-09-21T19:13:46.580Z
zebu,4-cvcv,4,taken,2026-09-21T19:13:46.580Z
xolu,4-cvcv,4,taken,2026-09-21T19:13:46.580Z
yase,4-cvcv,4,taken,2026-09-21T19:13:46.580Z
goxe,4-cvcv,4,taken,2026-09-21T19:13:46.580Z
xebi,4-cvcv,4,taken,2026-09-21T19:13:46.580Z
xome,4-cvcv,4,taken,2026-09-21T19:13:46.580Z
qusi,4-cvcv,4,taken,2026-09-21T19:13:46.580Z
fupi,4-cvcv,4,taken,2026-09-21T19:13:46.580Z
gona,4-cvcv,4,taken,2026-09-21T19:13:46.580Z
falu,4-cvcv,4,taken,2026-09-21T19:13:46.580Z
toko,4-cvcv,4,taken,2026-09-21T19:13:46.580Z
kuga,4-cvcv,4,taken,2026-09-21T19:13:46.580Z
fawe,4-cvcv,4,taken,2026-09-21T19:13:46.580Z
guge,4-cvcv,4,taken,2026-09-21T19:13:46.580Z
zosi,4-cvcv,4,taken,2026-09-21T19:13:46.580Z
qizo,4-cvcv,4,taken,2026-09-21T19:13:46.580Z
diye,4-cvcv,4,taken,2026-09-21T19:13:46.580Z
tumu,4-cvcv,4,taken,2026-09-21T19:13:46.580Z
zoxa,4-cvcv,4,taken,2026-09-21T19:13:46.580Z
neni,4-cvcv,4,taken,2026-09-21T19:13:46.580Z
tazu,4-cvcv,4,taken,2026-09-21T19:13:46.580Z
huti,4-cvcv,4,taken,2026-09-21T19:13:46.580Z
sutu,4-cvcv,4,taken,2026-09-21T19:13:46.580Z
mimo,4-cvcv,4,taken,2026-09-21T19:13:46.580Z
xeri,4-cvcv,4,taken,2026-09-21T19:13:46.580Z
huqa,4-cvcv,4,taken,2026-09-21T19:13:46.580Z
kege,4-cvcv,4,taken,2026-09-21T19:13:46.580Z
jave,4-cvcv,4,taken,2026-09-21T19:13:46.580Z
noni,4-cvcv,4,taken,2026-09-21T19:13:46.580Z
loqa,4-cvcv,4,taken,2026-09-21T19:13:46.580Z
kupu,4-cvcv,4,taken,2026-09-21T19:13:46.580Z
mohe,4-cvcv,4,taken,2026-09-21T19:13:46.580Z
numi,4-cvcv,4,taken,2026-09-21T19:13:46.580Z
gare,4-cvcv,4,taken,2026-09-21T19:13:46.580Z
kanu,4-cvcv,4,taken,2026-09-21T19:13:46.580Z
xihi,4-cvcv,4,taken,2026-09-21T19:13:46.580Z
xeha,4-cvcv,4,taken,2026-09-21T19:13:46.580Z
bumo,4-cvcv,4,taken,2026-09-21T19:13:46.580Z
ruju,4-cvcv,4,taken,2026-09-21T19:13:46.580Z
moba,4-cvcv,4,taken,2026-09-21T19:13:46.580Z
buge,4-cvcv,4,taken,2026-09-21T19:13:46.580Z
cadu,4-cvcv,4,taken,2026-09-21T19:13:46.580Z
tewi,4-cvcv,4,taken,2026-09-21T19:13:46.580Z
giri,4-cvcv,4,taken,2026-09-21T19:14:17.889Z
nufi,4-cvcv,4,taken,2026-09-21T19:14:17.889Z
curu,4-cvcv,4,taken,2026-09-21T19:14:17.889Z
dito,4-cvcv,4,taken,2026-09-21T19:14:17.889Z
hamu,4-cvcv,4,taken,2026-09-21T19:14:17.889Z
mapo,4-cvcv,4,taken,2026-09-21T19:14:17.889Z
zoga,4-cvcv,4,taken,2026-09-21T19:14:17.889Z
koqa,4-cvcv,4,taken,2026-09-21T19:14:17.889Z
boje,4-cvcv,4,taken,2026-09-21T19:14:17.889Z
zogo,4-cvcv,4,taken,2026-09-21T19:14:17.889Z
fule,4-cvcv,4,taken,2026-09-21T19:14:17.889Z
heto,4-cvcv,4,taken,2026-09-21T19:14:17.889Z
cefu,4-cvcv,4,taken,2026-09-21T19:14:17.889Z
pupi,4-cvcv,4,taken,2026-09-21T19:14:17.889Z
nuwo,4-cvcv,4,taken,2026-09-21T19:14:17.889Z
gugi,4-cvcv,4,taken,2026-09-21T19:14:17.889Z
guyu,4-cvcv,4,taken,2026-09-21T19:14:17.889Z
siqo,4-cvcv,4,taken,2026-09-21T19:14:17.889Z
homo,4-cvcv,4,taken,2026-09-21T19:14:17.889Z
lahu,4-cvcv,4,taken,2026-09-21T19:14:17.889Z
botu,4-cvcv,4,taken,2026-09-21T19:14:17.889Z
mofi,4-cvcv,4,taken,2026-09-21T19:14:17.889Z
qiru,4-cvcv,4,taken,2026-09-21T19:14:17.889Z
zobu,4-cvcv,4,taken,2026-09-21T19:14:17.889Z
hana,4-cvcv,4,taken,2026-09-21T19:14:17.889Z
jega,4-cvcv,4,taken,2026-09-21T19:14:17.889Z
tife,4-cvcv,4,taken,2026-09-21T19:14:17.889Z
wusa,4-cvcv,4,taken,2026-09-21T19:14:17.889Z
wefi,4-cvcv,4,taken,2026-09-21T19:14:17.889Z
repe,4-cvcv,4,taken,2026-09-21T19:14:17.889Z
nate,4-cvcv,4,taken,2026-09-21T19:14:17.889Z
yeki,4-cvcv,4,taken,2026-09-21T19:14:17.889Z
wife,4-cvcv,4,taken,2026-09-21T19:14:17.889Z
tewu,4-cvcv,4,taken,2026-09-21T19:14:17.889Z
fopo,4-cvcv,4,taken,2026-09-21T19:14:17.889Z
pigu,4-cvcv,4,taken,2026-09-21T19:14:17.889Z
liqe,4-cvcv,4,taken,2026-09-21T19:14:17.889Z
yoha,4-cvcv,4,taken,2026-09-21T19:14:17.889Z
pavu,4-cvcv,4,taken,2026-09-21T19:14:17.889Z
sose,4-cvcv,4,taken,2026-09-21T19:14:17.889Z
xuko,4-cvcv,4,taken,2026-09-21T19:14:17.889Z
bapi,4-cvcv,4,taken,2026-09-21T19:14:17.889Z
veba,4-cvcv,4,taken,2026-09-21T19:14:17.889Z
moxa,4-cvcv,4,taken,2026-09-21T19:14:17.889Z
huxa,4-cvcv,4,taken,2026-09-21T19:14:17.889Z
xesa,4-cvcv,4,taken,2026-09-21T19:14:17.889Z
yebu,4-cvcv,4,taken,2026-09-21T19:14:17.889Z
luca,4-cvcv,4,taken,2026-09-21T19:14:17.889Z
vati,4-cvcv,4,taken,2026-09-21T19:14:17.889Z
haga,4-cvcv,4,taken,2026-09-21T19:14:17.889Z
tonu,4-cvcv,4,taken,2026-09-21T19:14:17.889Z
holu,4-cvcv,4,taken,2026-09-21T19:14:17.889Z
fuqo,4-cvcv,4,taken,2026-09-21T19:14:17.889Z
woja,4-cvcv,4,taken,2026-09-21T19:14:17.889Z
dewa,4-cvcv,4,taken,2026-09-21T19:14:17.889Z
pahu,4-cvcv,4,taken,2026-09-21T19:14:17.889Z
siba,4-cvcv,4,taken,2026-09-21T19:14:17.889Z
coqi,4-cvcv,4,taken,2026-09-21T19:14:17.889Z
dafi,4-cvcv,4,taken,2026-09-21T19:14:17.889Z
laju,4-cvcv,4,taken,2026-09-21T19:14:17.889Z
jizo,4-cvcv,4,taken,2026-09-21T19:14:17.889Z
deba,4-cvcv,4,taken,2026-09-21T19:14:17.889Z
tali,4-cvcv,4,taken,2026-09-21T19:14:17.889Z
wazu,4-cvcv,4,taken,2026-09-21T19:14:17.889Z
hoko,4-cvcv,4,taken,2026-09-21T19:14:17.889Z
jape,4-cvcv,4,taken,2026-09-21T19:14:17.889Z
hoba,4-cvcv,4,taken,2026-09-21T19:14:17.889Z
javu,4-cvcv,4,taken,2026-09-21T19:14:17.889Z
wike,4-cvcv,4,taken,2026-09-21T19:14:17.889Z
moyi,4-cvcv,4,taken,2026-09-21T19:14:17.889Z
gofe,4-cvcv,4,taken,2026-09-21T19:14:17.889Z
nuvo,4-cvcv,4,taken,2026-09-21T19:14:17.889Z
quca,4-cvcv,4,taken,2026-09-21T19:14:17.889Z
civi,4-cvcv,4,taken,2026-09-21T19:14:17.889Z
qoxa,4-cvcv,4,taken,2026-09-21T19:14:17.889Z
tuma,4-cvcv,4,taken,2026-09-21T19:14:17.889Z
lipi,4-cvcv,4,taken,2026-09-21T19:14:17.889Z
xuka,4-cvcv,4,taken,2026-09-21T19:14:17.889Z
nuhi,4-cvcv,4,taken,2026-09-21T19:14:17.889Z
ruma,4-cvcv,4,taken,2026-09-21T19:14:17.889Z
rori,4-cvcv,4,taken,2026-09-21T19:14:17.889Z
julu,4-cvcv,4,taken,2026-09-21T19:14:17.889Z
qefa,4-cvcv,4,taken,2026-09-21T19:14:17.889Z
rebu,4-cvcv,4,taken,2026-09-21T19:14:17.889Z
jegu,4-cvcv,4,taken,2026-09-21T19:14:17.889Z
bise,4-cvcv,4,taken,2026-09-21T19:14:17.889Z
feno,4-cvcv,4,taken,2026-09-21T19:14:17.889Z
mawo,4-cvcv,4,taken,2026-09-21T19:14:17.889Z
pino,4-cvcv,4,taken,2026-09-21T19:14:17.889Z
xipu,4-cvcv,4,taken,2026-09-21T19:14:17.889Z
vowi,4-cvcv,4,taken,2026-09-21T19:14:17.889Z
zomu,4-cvcv,4,taken,2026-09-21T19:14:17.889Z
yefo,4-cvcv,4,taken,2026-09-21T19:14:17.889Z
gisu,4-cvcv,4,taken,2026-09-21T19:14:17.889Z
kovu,4-cvcv,4,taken,2026-09-21T19:14:17.889Z
dowe,4-cvcv,4,taken,2026-09-21T19:14:17.889Z
vohu,4-cvcv,4,taken,2026-09-21T19:14:17.889Z
jiso,4-cvcv,4,taken,2026-09-21T19:14:17.889Z
sura,4-cvcv,4,taken,2026-09-21T19:14:17.889Z
cofa,4-cvcv,4,taken,2026-09-21T19:14:17.889Z
joyu,4-cvcv,4,taken,2026-09-21T19:14:49.144Z
hadu,4-cvcv,4,taken,2026-09-21T19:14:49.144Z
beno,4-cvcv,4,taken,2026-09-21T19:14:49.144Z
quwi,4-cvcv,4,taken,2026-09-21T19:14:49.144Z
deya,4-cvcv,4,taken,2026-09-21T19:14:49.144Z
nuko,4-cvcv,4,taken,2026-09-21T19:14:49.144Z
cima,4-cvcv,4,taken,2026-09-21T19:14:49.144Z
xumi,4-cvcv,4,taken,2026-09-21T19:14:49.144Z
jeku,4-cvcv,4,taken,2026-09-21T19:14:49.144Z
xica,4-cvcv,4,taken,2026-09-21T19:14:49.144Z
ruta,4-cvcv,4,taken,2026-09-21T19:14:49.144Z
fere,4-cvcv,4,taken,2026-09-21T19:14:49.144Z
puzu,4-cvcv,4,taken,2026-09-21T19:14:49.144Z
qasa,4-cvcv,4,taken,2026-09-21T19:14:49.144Z
votu,4-cvcv,4,taken,2026-09-21T19:14:49.144Z
komu,4-cvcv,4,taken,2026-09-21T19:14:49.144Z
zafo,4-cvcv,4,taken,2026-09-21T19:14:49.144Z
seqi,4-cvcv,4,taken,2026-09-21T19:14:49.144Z
kuqa,4-cvcv,4,taken,2026-09-21T19:14:49.144Z
kilu,4-cvcv,4,taken,2026-09-21T19:14:49.144Z
diqu,4-cvcv,4,taken,2026-09-21T19:14:49.144Z
fufe,4-cvcv,4,taken,2026-09-21T19:14:49.144Z
nehu,4-cvcv,4,taken,2026-09-21T19:14:49.144Z
moxo,4-cvcv,4,taken,2026-09-21T19:14:49.144Z
fisa,4-cvcv,4,taken,2026-09-21T19:14:49.144Z
zayo,4-cvcv,4,taken,2026-09-21T19:14:49.144Z
zizu,4-cvcv,4,taken,2026-09-21T19:14:49.144Z
kipo,4-cvcv,4,taken,2026-09-21T19:14:49.144Z
dene,4-cvcv,4,taken,2026-09-21T19:14:49.144Z
piwi,4-cvcv,4,taken,2026-09-21T19:14:49.144Z
bowu,4-cvcv,4,taken,2026-09-21T19:14:49.144Z
noku,4-cvcv,4,taken,2026-09-21T19:14:49.144Z
towi,4-cvcv,4,taken,2026-09-21T19:14:49.144Z
ceqe,4-cvcv,4,taken,2026-09-21T19:14:49.144Z
hado,4-cvcv,4,taken,2026-09-21T19:14:49.144Z
zaka,4-cvcv,4,taken,2026-09-21T19:14:49.144Z
toqa,4-cvcv,4,taken,2026-09-21T19:14:49.144Z
cini,4-cvcv,4,taken,2026-09-21T19:14:49.144Z
bawu,4-cvcv,4,taken,2026-09-21T19:14:49.144Z
fotu,4-cvcv,4,taken,2026-09-21T19:14:49.144Z
xeqo,4-cvcv,4,taken,2026-09-21T19:14:49.144Z
fida,4-cvcv,4,taken,2026-09-21T19:14:49.144Z
wesu,4-cvcv,4,taken,2026-09-21T19:14:49.144Z
zoce,4-cvcv,4,taken,2026-09-21T19:14:49.144Z
meku,4-cvcv,4,taken,2026-09-21T19:14:49.144Z
vevi,4-cvcv,4,taken,2026-09-21T19:14:49.144Z
defe,4-cvcv,4,taken,2026-09-21T19:14:49.144Z
mowo,4-cvcv,4,taken,2026-09-21T19:14:49.144Z
vuco,4-cvcv,4,taken,2026-09-21T19:14:49.144Z
mogu,4-cvcv,4,taken,2026-09-21T19:14:49.144Z
wiyi,4-cvcv,4,taken,2026-09-21T19:14:49.144Z
mife,4-cvcv,4,taken,2026-09-21T19:14:49.144Z
yimi,4-cvcv,4,taken,2026-09-21T19:14:49.144Z
rilu,4-cvcv,4,taken,2026-09-21T19:14:49.144Z
keza,4-cvcv,4,taken,2026-09-21T19:14:49.144Z
jaqu,4-cvcv,4,taken,2026-09-21T19:14:49.144Z
meyo,4-cvcv,4,taken,2026-09-21T19:14:49.144Z
xuzi,4-cvcv,4,taken,2026-09-21T19:14:49.144Z
yaqo,4-cvcv,4,taken,2026-09-21T19:14:49.144Z
besi,4-cvcv,4,taken,2026-09-21T19:14:49.144Z
kiri,4-cvcv,4,taken,2026-09-21T19:14:49.144Z
gati,4-cvcv,4,taken,2026-09-21T19:14:49.144Z
xape,4-cvcv,4,taken,2026-09-21T19:14:49.144Z
mobe,4-cvcv,4,taken,2026-09-21T19:14:49.144Z
soju,4-cvcv,4,taken,2026-09-21T19:14:49.144Z
vube,4-cvcv,4,taken,2026-09-21T19:14:49.144Z
yize,4-cvcv,4,taken,2026-09-21T19:14:49.144Z
ziqi,4-cvcv,4,taken,2026-09-21T19:14:49.144Z
reli,4-cvcv,4,taken,2026-09-21T19:14:49.144Z
masu,4-cvcv,4,taken,2026-09-21T19:14:49.144Z
kika,4-cvcv,4,taken,2026-09-21T19:14:49.144Z
mula,4-cvcv,4,taken,2026-09-21T19:14:49.144Z
jafe,4-cvcv,4,taken,2026-09-21T19:14:49.144Z
viwa,4-cvcv,4,taken,2026-09-21T19:14:49.144Z
royi,4-cvcv,4,taken,2026-09-21T19:14:49.144Z
yuru,4-cvcv,4,taken,2026-09-21T19:14:49.144Z
qaku,4-cvcv,4,taken,2026-09-21T19:14:49.144Z
foce,4-cvcv,4,taken,2026-09-21T19:14:49.144Z
gake,4-cvcv,4,taken,2026-09-21T19:14:49.144Z
jino,4-cvcv,4,taken,2026-09-21T19:14:49.144Z
voho,4-cvcv,4,taken,2026-09-21T19:14:49.144Z
tuco,4-cvcv,4,taken,2026-09-21T19:14:49.144Z
fajo,4-cvcv,4,taken,2026-09-21T19:14:49.144Z
wora,4-cvcv,4,taken,2026-09-21T19:14:49.144Z
relo,4-cvcv,4,taken,2026-09-21T19:14:49.144Z
sexo,4-cvcv,4,taken,2026-09-21T19:14:49.144Z
cisi,4-cvcv,4,taken,2026-09-21T19:14:49.144Z
yigo,4-cvcv,4,taken,2026-09-21T19:14:49.144Z
jupa,4-cvcv,4,taken,2026-09-21T19:14:49.144Z
vuxe,4-cvcv,4,taken,2026-09-21T19:14:49.144Z
rufa,4-cvcv,4,taken,2026-09-21T19:14:49.144Z
hoqi,4-cvcv,4,taken,2026-09-21T19:14:49.144Z
fare,4-cvcv,4,taken,2026-09-21T19:14:49.144Z
yida,4-cvcv,4,taken,2026-09-21T19:14:49.144Z
mepi,4-cvcv,4,taken,2026-09-21T19:14:49.144Z
jeve,4-cvcv,4,taken,2026-09-21T19:14:49.144Z
hizi,4-cvcv,4,taken,2026-09-21T19:14:49.144Z
neru,4-cvcv,4,taken,2026-09-21T19:14:49.144Z
mufe,4-cvcv,4,taken,2026-09-21T19:14:49.144Z
zofi,4-cvcv,4,taken,2026-09-21T19:14:49.144Z
dovu,4-cvcv,4,taken,2026-09-21T19:15:20.497Z
gaku,4-cvcv,4,taken,2026-09-21T19:15:20.497Z
nege,4-cvcv,4,taken,2026-09-21T19:15:20.497Z
qada,4-cvcv,4,taken,2026-09-21T19:15:20.497Z
xeke,4-cvcv,4,taken,2026-09-21T19:15:20.497Z
zeju,4-cvcv,4,taken,2026-09-21T19:15:20.497Z
yoti,4-cvcv,4,taken,2026-09-21T19:15:20.497Z
vesu,4-cvcv,4,taken,2026-09-21T19:15:20.497Z
xubo,4-cvcv,4,taken,2026-09-21T19:15:20.497Z
name,4-cvcv,4,taken,2026-09-21T19:15:20.497Z
feme,4-cvcv,4,taken,2026-09-21T19:15:20.497Z
ququ,4-cvcv,4,taken,2026-09-21T19:15:20.497Z
qihu,4-cvcv,4,taken,2026-09-21T19:15:20.497Z
yawe,4-cvcv,4,taken,2026-09-21T19:15:20.497Z
miwo,4-cvcv,4,taken,2026-09-21T19:15:20.497Z
heca,4-cvcv,4,taken,2026-09-21T19:15:20.497Z
dilu,4-cvcv,4,taken,2026-09-21T19:15:20.497Z
veya,4-cvcv,4,taken,2026-09-21T19:15:20.497Z
ceqi,4-cvcv,4,taken,2026-09-21T19:15:20.497Z
noqo,4-cvcv,4,taken,2026-09-21T19:15:20.497Z
wuto,4-cvcv,4,taken,2026-09-21T19:15:20.497Z
wuju,4-cvcv,4,taken,2026-09-21T19:15:20.497Z
vubo,4-cvcv,4,taken,2026-09-21T19:15:20.497Z
dexo,4-cvcv,4,taken,2026-09-21T19:15:20.497Z
kipa,4-cvcv,4,taken,2026-09-21T19:15:20.497Z
wera,4-cvcv,4,taken,2026-09-21T19:15:20.497Z
pocu,4-cvcv,4,taken,2026-09-21T19:15:20.497Z
hute,4-cvcv,4,taken,2026-09-21T19:15:20.497Z
xuju,4-cvcv,4,taken,2026-09-21T19:15:20.497Z
kixa,4-cvcv,4,taken,2026-09-21T19:15:20.497Z
xaqa,4-cvcv,4,taken,2026-09-21T19:15:20.497Z
quxo,4-cvcv,4,taken,2026-09-21T19:15:20.497Z
xabo,4-cvcv,4,taken,2026-09-21T19:15:20.497Z
bone,4-cvcv,4,taken,2026-09-21T19:15:20.497Z
giro,4-cvcv,4,taken,2026-09-21T19:15:20.497Z
lali,4-cvcv,4,taken,2026-09-21T19:15:20.497Z
7y_l,4-underscore,4,taken,2026-09-21T19:15:20.497Z
3_f9,4-underscore,4,taken,2026-09-21T19:15:20.497Z
76_9,4-underscore,4,taken,2026-09-21T19:15:20.497Z
rl_w,4-underscore,4,taken,2026-09-21T19:15:20.497Z
2d_3,4-underscore,4,taken,2026-09-21T19:15:20.497Z
p_li,4-underscore,4,taken,2026-09-21T19:15:20.497Z
xb_4,4-underscore,4,taken,2026-09-21T19:15:20.497Z
ge_8,4-underscore,4,taken,2026-09-21T19:15:20.497Z
m_be,4-underscore,4,taken,2026-09-21T19:15:20.497Z
v_5f,4-underscore,4,taken,2026-09-21T19:15:20.497Z
h_nm,4-underscore,4,taken,2026-09-21T19:15:20.497Z
q3_b,4-underscore,4,taken,2026-09-21T19:15:20.497Z
ox_u,4-underscore,4,taken,2026-09-21T19:15:20.497Z
4c_t,4-underscore,4,taken,2026-09-21T19:15:20.497Z
q_ml,4-underscore,4,taken,2026-09-21T19:15:20.497Z
en_f,4-underscore,4,taken,2026-09-21T19:15:20.497Z
tk_y,4-underscore,4,taken,2026-09-21T19:15:20.497Z
l7_w,4-underscore,4,taken,2026-09-21T19:15:20.497Z
y_1q,4-underscore,4,taken,2026-09-21T19:15:20.497Z
g_jc,4-underscore,4,taken,2026-09-21T19:15:20.497Z
r_mq,4-underscore,4,taken,2026-09-21T19:15:20.497Z
1x_5,4-underscore,4,taken,2026-09-21T19:15:20.497Z
p_xs,4-underscore,4,taken,2026-09-21T19:15:20.497Z
t_n6,4-underscore,4,taken,2026-09-21T19:15:20.497Z
si_y,4-underscore,4,taken,2026-09-21T19:15:20.497Z
6y_f,4-underscore,4,taken,2026-09-21T19:15:20.497Z
ua_i,4-underscore,4,taken,2026-09-21T19:15:20.497Z
n_ud,4-underscore,4,taken,2026-09-21T19:15:20.497Z
go_q,4-underscore,4,taken,2026-09-21T19:15:20.497Z
v_uq,4-underscore,4,taken,2026-09-21T19:15:20.497Z
9d_g,4-underscore,4,taken,2026-09-21T19:15:20.497Z
gt_b,4-underscore,4,taken,2026-09-21T19:15:20.497Z
sn_h,4-underscore,4,taken,2026-09-21T19:15:20.497Z
y_hf,4-underscore,4,taken,2026-09-21T19:15:20.497Z
6v_y,4-underscore,4,taken,2026-09-21T19:15:20.497Z
w_yi,4-underscore,4,taken,2026-09-21T19:15:20.497Z
w_74,4-underscore,4,taken,2026-09-21T19:15:20.497Z
8_nb,4-underscore,4,taken,2026-09-21T19:15:20.497Z
9k_o,4-underscore,4,taken,2026-09-21T19:15:20.497Z
x_dl,4-underscore,4,taken,2026-09-21T19:15:20.497Z
3_gx,4-underscore,4,taken,2026-09-21T19:15:20.497Z
j_lm,4-underscore,4,taken,2026-09-21T19:15:20.497Z
yl_0,4-underscore,4,taken,2026-09-21T19:15:20.497Z
s_3k,4-underscore,4,taken,2026-09-21T19:15:20.497Z
c_4g,4-underscore,4,taken,2026-09-21T19:15:20.497Z
u3_4,4-underscore,4,taken,2026-09-21T19:15:20.497Z
m_cn,4-underscore,4,taken,2026-09-21T19:15:20.497Z
5e_f,4-underscore,4,taken,2026-09-21T19:15:20.497Z
3_vk,4-underscore,4,taken,2026-09-21T19:15:20.497Z
2o_c,4-underscore,4,taken,2026-09-21T19:15:20.497Z
s_lb,4-underscore,4,taken,2026-09-21T19:15:20.497Z
uh_z,4-underscore,4,taken,2026-09-21T19:15:20.497Z
lk_v,4-underscore,4,taken,2026-09-21T19:15:20.497Z
ub_e,4-underscore,4,taken,2026-09-21T19:15:20.497Z
i6_p,4-underscore,4,taken,2026-09-21T19:15:20.497Z
p_gh,4-underscore,4,taken,2026-09-21T19:15:20.497Z
wb_t,4-underscore,4,taken,2026-09-21T19:15:20.497Z
4_t2,4-underscore,4,taken,2026-09-21T19:15:20.497Z
1_i3,4-underscore,4,taken,2026-09-21T19:15:20.497Z
u_gu,4-underscore,4,taken,2026-09-21T19:15:20.497Z
yj_t,4-underscore,4,taken,2026-09-21T19:15:20.497Z
q_ca,4-underscore,4,taken,2026-09-21T19:15:20.497Z
6l_i,4-underscore,4,taken,2026-09-21T19:15:20.497Z
n_z4,4-underscore,4,taken,2026-09-21T19:15:20.497Z
o_u2,4-underscore,4,taken,2026-09-21T19:15:51.746Z
fp_t,4-underscore,4,taken,2026-09-21T19:15:51.746Z
7z_3,4-underscore,4,taken,2026-09-21T19:15:51.746Z
r_ax,4-underscore,4,taken,2026-09-21T19:15:51.746Z
5l_i,4-underscore,4,taken,2026-09-21T19:15:51.746Z
p_nc,4-underscore,4,taken,2026-09-21T19:15:51.746Z
g_a8,4-underscore,4,taken,2026-09-21T19:15:51.746Z
4_gh,4-underscore,4,taken,2026-09-21T19:15:51.746Z
5_cw,4-underscore,4,taken,2026-09-21T19:15:51.746Z
1_l3,4-underscore,4,taken,2026-09-21T19:15:51.746Z
h_lx,4-underscore,4,taken,2026-09-21T19:15:51.746Z
t_ev,4-underscore,4,taken,2026-09-21T19:15:51.746Z
ww_l,4-underscore,4,taken,2026-09-21T19:15:51.746Z
t9_i,4-underscore,4,taken,2026-09-21T19:15:51.746Z
4_x4,4-underscore,4,taken,2026-09-21T19:15:51.746Z
x_gg,4-underscore,4,taken,2026-09-21T19:15:51.746Z
lf_z,4-underscore,4,taken,2026-09-21T19:15:51.746Z
n_y6,4-underscore,4,taken,2026-09-21T19:15:51.746Z
d_xq,4-underscore,4,taken,2026-09-21T19:15:51.746Z
z_64,4-underscore,4,taken,2026-09-21T19:15:51.746Z
2x_k,4-underscore,4,taken,2026-09-21T19:15:51.746Z
10_j,4-underscore,4,taken,2026-09-21T19:15:51.746Z
a_ed,4-underscore,4,taken,2026-09-21T19:15:51.746Z
ki_9,4-underscore,4,taken,2026-09-21T19:15:51.746Z
0d_h,4-underscore,4,taken,2026-09-21T19:15:51.746Z
zf_q,4-underscore,4,taken,2026-09-21T19:15:51.746Z
ji_u,4-underscore,4,taken,2026-09-21T19:15:51.746Z
42_b,4-underscore,4,taken,2026-09-21T19:15:51.746Z
3_vr,4-underscore,4,taken,2026-09-21T19:15:51.746Z
93_1,4-underscore,4,taken,2026-09-21T19:15:51.746Z
6_0h,4-underscore,4,taken,2026-09-21T19:15:51.746Z
1_86,4-underscore,4,taken,2026-09-21T19:15:51.746Z
b_f7,4-underscore,4,taken,2026-09-21T19:15:51.746Z
s5_5,4-underscore,4,taken,2026-09-21T19:15:51.746Z
o_wu,4-underscore,4,taken,2026-09-21T19:15:51.746Z
vi_d,4-underscore,4,taken,2026-09-21T19:15:51.746Z
j_7c,4-underscore,4,taken,2026-09-21T19:15:51.746Z
nm_4,4-underscore,4,taken,2026-09-21T19:15:51.746Z
5_18,4-underscore,4,taken,2026-09-21T19:15:51.746Z
6u_1,4-underscore,4,taken,2026-09-21T19:15:51.746Z
0n_l,4-underscore,4,taken,2026-09-21T19:15:51.746Z
eu_x,4-underscore,4,taken,2026-09-21T19:15:51.746Z
os_h,4-underscore,4,taken,2026-09-21T19:15:51.746Z
uq_y,4-underscore,4,taken,2026-09-21T19:15:51.746Z
dt_r,4-underscore,4,taken,2026-09-21T19:15:51.746Z
g_y7,4-underscore,4,taken,2026-09-21T19:15:51.746Z
d_ok,4-underscore,4,taken,2026-09-21T19:15:51.746Z
n_g1,4-underscore,4,taken,2026-09-21T19:15:51.746Z
b_5h,4-underscore,4,taken,2026-09-21T19:15:51.746Z
1b_j,4-underscore,4,taken,2026-09-21T19:15:51.746Z
9_x1,4-underscore,4,taken,2026-09-21T19:15:51.746Z
e_0u,4-underscore,4,taken,2026-09-21T19:15:51.746Z
kc_7,4-underscore,4,taken,2026-09-21T19:15:51.746Z
rh_f,4-underscore,4,taken,2026-09-21T19:15:51.746Z
y0_b,4-underscore,4,taken,2026-09-21T19:15:51.746Z
54_g,4-underscore,4,taken,2026-09-21T19:15:51.746Z
t0_l,4-underscore,4,taken,2026-09-21T19:15:51.746Z
z_v9,4-underscore,4,taken,2026-09-21T19:15:51.746Z
l_i8,4-underscore,4,taken,2026-09-21T19:15:51.746Z
9t_f,4-underscore,4,taken,2026-09-21T19:15:51.746Z
6_b2,4-underscore,4,taken,2026-09-21T19:15:51.746Z
wv_w,4-underscore,4,taken,2026-09-21T19:15:51.746Z
1t_2,4-underscore,4,taken,2026-09-21T19:15:51.746Z
n_x4,4-underscore,4,taken,2026-09-21T19:15:51.746Z
t_p8,4-underscore,4,taken,2026-09-21T19:15:51.746Z
wx_7,4-underscore,4,taken,2026-09-21T19:15:51.746Z
3z_v,4-underscore,4,taken,2026-09-21T19:15:51.746Z
m1_9,4-underscore,4,taken,2026-09-21T19:15:51.746Z
o_dq,4-underscore,4,taken,2026-09-21T19:15:51.746Z
6_0k,4-underscore,4,taken,2026-09-21T19:15:51.746Z
x_87,4-underscore,4,taken,2026-09-21T19:15:51.746Z
ij_j,4-underscore,4,taken,2026-09-21T19:15:51.746Z
ie_4,4-underscore,4,taken,2026-09-21T19:15:51.746Z
l_2j,4-underscore,4,taken,2026-09-21T19:15:51.746Z
0_qh,4-underscore,4,taken,2026-09-21T19:15:51.746Z
h4_m,4-underscore,4,taken,2026-09-21T19:15:51.746Z
xp_g,4-underscore,4,taken,2026-09-21T19:15:51.746Z
9_df,4-underscore,4,taken,2026-09-21T19:15:51.746Z
x5_t,4-underscore,4,taken,2026-09-21T19:15:51.746Z
vg_6,4-underscore,4,taken,2026-09-21T19:15:51.746Z
yf_y,4-underscore,4,taken,2026-09-21T19:15:51.746Z
e_fh,4-underscore,4,taken,2026-09-21T19:15:51.746Z
be_4,4-underscore,4,taken,2026-09-21T19:15:51.746Z
3_fb,4-underscore,4,taken,2026-09-21T19:15:51.746Z
e_dd,4-underscore,4,taken,2026-09-21T19:15:51.746Z
d1_9,4-underscore,4,taken,2026-09-21T19:15:51.746Z
d_7d,4-underscore,4,taken,2026-09-21T19:15:51.746Z
fq_x,4-underscore,4,taken,2026-09-21T19:15:51.746Z
61_t,4-underscore,4,taken,2026-09-21T19:15:51.746Z
ox_q,4-underscore,4,taken,2026-09-21T19:15:51.746Z
gb_8,4-underscore,4,taken,2026-09-21T19:15:51.746Z
n_o4,4-underscore,4,taken,2026-09-21T19:15:51.746Z
g5_f,4-underscore,4,taken,2026-09-21T19:15:51.746Z
6g_8,4-underscore,4,taken,2026-09-21T19:15:51.746Z
ue_l,4-underscore,4,taken,2026-09-21T19:15:51.746Z
du_8,4-underscore,4,taken,2026-09-21T19:15:51.746Z
m_6z,4-underscore,4,taken,2026-09-21T19:15:51.746Z
u_zb,4-underscore,4,taken,2026-09-21T19:15:51.746Z
op_v,4-underscore,4,taken,2026-09-21T19:15:51.746Z
b5_s,4-underscore,4,taken,2026-09-21T19:15:51.746Z
2_7f,4-underscore,4,taken,2026-09-21T19:16:23.033Z
4_p4,4-underscore,4,taken,2026-09-21T19:16:23.033Z
o_eb,4-underscore,4,taken,2026-09-21T19:16:23.033Z
f_p8,4-underscore,4,taken,2026-09-21T19:16:23.033Z
h4_v,4-underscore,4,taken,2026-09-21T19:16:23.033Z
u7_q,4-underscore,4,taken,2026-09-21T19:16:23.033Z
s_xz,4-underscore,4,taken,2026-09-21T19:16:23.033Z
4_2e,4-underscore,4,taken,2026-09-21T19:16:23.033Z
9_uf,4-underscore,4,taken,2026-09-21T19:16:23.033Z
l_7f,4-underscore,4,taken,2026-09-21T19:16:23.033Z
p_g6,4-underscore,4,taken,2026-09-21T19:16:23.033Z
8_1c,4-underscore,4,taken,2026-09-21T19:16:23.033Z
f_hr,4-underscore,4,taken,2026-09-21T19:16:23.033Z
jv_r,4-underscore,4,taken,2026-09-21T19:16:23.033Z
d_nw,4-underscore,4,taken,2026-09-21T19:16:23.033Z
h_88,4-underscore,4,taken,2026-09-21T19:16:23.033Z
hl_3,4-underscore,4,taken,2026-09-21T19:16:23.033Z
cp_c,4-underscore,4,taken,2026-09-21T19:16:23.033Z
o_mp,4-underscore,4,taken,2026-09-21T19:16:23.033Z
0b_u,4-underscore,4,taken,2026-09-21T19:16:23.033Z
5r_q,4-underscore,4,taken,2026-09-21T19:16:23.033Z
e_p7,4-underscore,4,taken,2026-09-21T19:16:23.033Z
rk_e,4-underscore,4,taken,2026-09-21T19:16:23.033Z
ca_c,4-underscore,4,taken,2026-09-21T19:16:23.033Z
u_lh,4-underscore,4,taken,2026-09-21T19:16:23.033Z
e7_q,4-underscore,4,taken,2026-09-21T19:16:23.033Z
2_w2,4-underscore,4,taken,2026-09-21T19:16:23.033Z
v_1h,4-underscore,4,taken,2026-09-21T19:16:23.033Z
r_sp,4-underscore,4,taken,2026-09-21T19:16:23.033Z
u_mi,4-underscore,4,taken,2026-09-21T19:16:23.033Z
t_w2,4-underscore,4,taken,2026-09-21T19:16:23.033Z
b_7s,4-underscore,4,taken,2026-09-21T19:16:23.033Z
u_ik,4-underscore,4,taken,2026-09-21T19:16:23.033Z
a_46,4-underscore,4,taken,2026-09-21T19:16:23.033Z
w_a6,4-underscore,4,taken,2026-09-21T19:16:23.033Z
z_87,4-underscore,4,taken,2026-09-21T19:16:23.033Z
y_5y,4-underscore,4,taken,2026-09-21T19:16:23.033Z
9n_o,4-underscore,4,taken,2026-09-21T19:16:23.033Z
hc_d,4-underscore,4,taken,2026-09-21T19:16:23.033Z
09_4,4-underscore,4,taken,2026-09-21T19:16:23.033Z
1_9f,4-underscore,4,taken,2026-09-21T19:16:23.033Z
p1_a,4-underscore,4,taken,2026-09-21T19:16:23.033Z
y_9x,4-underscore,4,taken,2026-09-21T19:16:23.033Z
k_lz,4-underscore,4,taken,2026-09-21T19:16:23.033Z
c_oy,4-underscore,4,taken,2026-09-21T19:16:23.033Z
y_sz,4-underscore,4,taken,2026-09-21T19:16:23.033Z
33_u,4-underscore,4,taken,2026-09-21T19:16:23.033Z
3r_b,4-underscore,4,taken,2026-09-21T19:16:23.033Z
dq_d,4-underscore,4,taken,2026-09-21T19:16:23.033Z
63_w,4-underscore,4,taken,2026-09-21T19:16:23.033Z
jr_a,4-underscore,4,taken,2026-09-21T19:16:23.033Z
xy_h,4-underscore,4,taken,2026-09-21T19:16:23.033Z
ic_k,4-underscore,4,taken,2026-09-21T19:16:23.033Z
r_tq,4-underscore,4,taken,2026-09-21T19:16:23.033Z
k_mg,4-underscore,4,taken,2026-09-21T19:16:23.033Z
y_w3,4-underscore,4,taken,2026-09-21T19:16:23.033Z
km_b,4-underscore,4,taken,2026-09-21T19:16:23.033Z
2_v1,4-underscore,4,taken,2026-09-21T19:16:23.033Z
b_oh,4-underscore,4,taken,2026-09-21T19:16:23.033Z
u_ca,4-underscore,4,taken,2026-09-21T19:16:23.033Z
a9_1,4-underscore,4,taken,2026-09-21T19:16:23.033Z
w6_3,4-underscore,4,taken,2026-09-21T19:16:23.033Z
e_ps,4-underscore,4,taken,2026-09-21T19:16:23.033Z
hb_t,4-underscore,4,taken,2026-09-21T19:16:23.033Z
3_ms,4-underscore,4,taken,2026-09-21T19:16:23.033Z
m_kz,4-underscore,4,taken,2026-09-21T19:16:23.033Z
1h_o,4-underscore,4,taken,2026-09-21T19:16:23.033Z
g8_5,4-underscore,4,taken,2026-09-21T19:16:23.033Z
re_a,4-underscore,4,taken,2026-09-21T19:16:23.033Z
1y_u,4-underscore,4,taken,2026-09-21T19:16:23.033Z
b_zw,4-underscore,4,taken,2026-09-21T19:16:23.033Z
m_37,4-underscore,4,taken,2026-09-21T19:16:23.033Z
75_7,4-underscore,4,taken,2026-09-21T19:16:23.033Z
a0_m,4-underscore,4,taken,2026-09-21T19:16:23.033Z
u_ji,4-underscore,4,taken,2026-09-21T19:16:23.033Z
i8_8,4-underscore,4,taken,2026-09-21T19:16:23.033Z
hk_5,4-underscore,4,taken,2026-09-21T19:16:23.033Z
36_l,4-underscore,4,taken,2026-09-21T19:16:23.033Z
4y_l,4-underscore,4,taken,2026-09-21T19:16:23.033Z
0d_i,4-underscore,4,taken,2026-09-21T19:16:23.033Z
gg_b,4-underscore,4,taken,2026-09-21T19:16:23.033Z
g_t9,4-underscore,4,taken,2026-09-21T19:16:23.033Z
6q_q,4-underscore,4,taken,2026-09-21T19:16:23.033Z
i_o9,4-underscore,4,taken,2026-09-21T19:16:23.033Z
d2_r,4-underscore,4,taken,2026-09-21T19:16:23.033Z
1v_y,4-underscore,4,taken,2026-09-21T19:16:23.033Z
qz_r,4-underscore,4,taken,2026-09-21T19:16:23.033Z
1k_6,4-underscore,4,taken,2026-09-21T19:16:23.033Z
fe_f,4-underscore,4,taken,2026-09-21T19:16:23.033Z
f_8q,4-underscore,4,taken,2026-09-21T19:16:23.033Z
k_sp,4-underscore,4,taken,2026-09-21T19:16:23.033Z
s_hl,4-underscore,4,taken,2026-09-21T19:16:23.033Z
ga_9,4-underscore,4,taken,2026-09-21T19:16:23.033Z
7h_6,4-underscore,4,taken,2026-09-21T19:16:23.033Z
kq_8,4-underscore,4,taken,2026-09-21T19:16:23.033Z
h5_g,4-underscore,4,taken,2026-09-21T19:16:23.033Z
x8_2,4-underscore,4,taken,2026-09-21T19:16:23.033Z
v_ug,4-underscore,4,taken,2026-09-21T19:16:23.033Z
q_df,4-underscore,4,taken,2026-09-21T19:16:23.033Z
r_f7,4-underscore,4,taken,2026-09-21T19:16:23.033Z
n3_7,4-underscore,4,taken,2026-09-21T19:35:29.488Z
yi_v,4-underscore,4,taken,2026-09-21T19:35:29.488Z
8p_u,4-underscore,4,taken,2026-09-21T19:35:29.488Z
c3_3,4-underscore,4,taken,2026-09-21T19:35:29.488Z
k_7x,4-underscore,4,taken,2026-09-21T19:35:29.488Z
n0_v,4-underscore,4,taken,2026-09-21T19:35:29.488Z
e_xm,4-underscore,4,taken,2026-09-21T19:35:29.488Z
yi_w,4-underscore,4,taken,2026-09-21T19:35:29.488Z
dv_k,4-underscore,4,taken,2026-09-21T19:35:29.488Z
oe_v,4-underscore,4,taken,2026-09-21T19:35:29.488Z
3_9x,4-underscore,4,taken,2026-09-21T19:35:29.488Z
29_9,4-underscore,4,taken,2026-09-21T19:35:29.488Z
m_2x,4-underscore,4,taken,2026-09-21T19:35:29.488Z
90_j,4-underscore,4,taken,2026-09-21T19:35:29.488Z
u_hw,4-underscore,4,taken,2026-09-21T19:35:29.488Z
6y_i,4-underscore,4,taken,2026-09-21T19:35:29.488Z
w_7o,4-underscore,4,taken,2026-09-21T19:35:29.488Z
r_z9,4-underscore,4,taken,2026-09-21T19:35:29.488Z
al_d,4-underscore,4,taken,2026-09-21T19:35:29.488Z
5_y4,4-underscore,4,taken,2026-09-21T19:35:29.488Z
m_yd,4-underscore,4,taken,2026-09-21T19:35:29.488Z
2_lk,4-underscore,4,taken,2026-09-21T19:35:29.488Z
6_be,4-underscore,4,taken,2026-09-21T19:35:29.488Z
3q_r,4-underscore,4,taken,2026-09-21T19:35:29.488Z
jn_5,4-underscore,4,taken,2026-09-21T19:35:29.488Z
i_0w,4-underscore,4,taken,2026-09-21T19:35:29.488Z
ln_5,4-underscore,4,taken,2026-09-21T19:35:29.488Z
8x_n,4-underscore,4,taken,2026-09-21T19:35:29.488Z
mc_8,4-underscore,4,taken,2026-09-21T19:35:29.488Z
40_b,4-underscore,4,taken,2026-09-21T19:35:29.488Z
71_x,4-underscore,4,taken,2026-09-21T19:35:29.488Z
y_72,4-underscore,4,taken,2026-09-21T19:35:29.488Z
s_o7,4-underscore,4,taken,2026-09-21T19:35:29.488Z
5m_3,4-underscore,4,taken,2026-09-21T19:35:29.488Z
6s_b,4-underscore,4,taken,2026-09-21T19:35:29.488Z
mumy,4-letters,4,taken,2026-09-21T19:35:29.488Z
vtuo,4-letters,4,taken,2026-09-21T19:35:29.488Z
xlqt,4-letters,4,taken,2026-09-21T19:35:29.488Z
olca,4-letters,4,taken,2026-09-21T19:35:29.488Z
qyfm,4-letters,4,taken,2026-09-21T19:35:29.488Z
ijkd,4-letters,4,taken,2026-09-21T19:35:29.488Z
lvxb,4-letters,4,taken,2026-09-21T19:35:29.488Z
vdlt,4-letters,4,taken,2026-09-21T19:35:29.488Z
clhn,4-letters,4,taken,2026-09-21T19:35:29.488Z
gkrt,4-letters,4,taken,2026-09-21T19:35:29.488Z
oasw,4-letters,4,taken,2026-09-21T19:35:29.488Z
rugw,4-letters,4,taken,2026-09-21T19:35:29.488Z
zmyj,4-letters,4,taken,2026-09-21T19:35:29.488Z
mggn,4-letters,4,taken,2026-09-21T19:35:29.488Z
amdd,4-letters,4,taken,2026-09-21T19:35:29.488Z
rzui,4-letters,4,taken,2026-09-21T19:35:29.488Z
toxf,4-letters,4,taken,2026-09-21T19:35:29.488Z
crmn,4-letters,4,taken,2026-09-21T19:35:29.488Z
jmzv,4-letters,4,taken,2026-09-21T19:35:29.488Z
uunz,4-letters,4,taken,2026-09-21T19:35:29.488Z
jrbx,4-letters,4,taken,2026-09-21T19:35:29.488Z
ieel,4-letters,4,taken,2026-09-21T19:35:29.488Z
qeoz,4-letters,4,taken,2026-09-21T19:35:29.488Z
qzsp,4-letters,4,taken,2026-09-21T19:35:29.488Z
jgip,4-letters,4,taken,2026-09-21T19:35:29.488Z
hydc,4-letters,4,taken,2026-09-21T19:35:29.488Z
bnol,4-letters,4,taken,2026-09-21T19:35:29.488Z
yjau,4-letters,4,taken,2026-09-21T19:35:29.488Z
dvoq,4-letters,4,taken,2026-09-21T19:35:29.488Z
anuy,4-letters,4,taken,2026-09-21T19:35:29.488Z
mkxj,4-letters,4,taken,2026-09-21T19:35:29.488Z
jsxt,4-letters,4,taken,2026-09-21T19:35:29.488Z
vqie,4-letters,4,taken,2026-09-21T19:35:29.488Z
ujoy,4-letters,4,taken,2026-09-21T19:35:29.488Z
xuks,4-letters,4,taken,2026-09-21T19:35:29.488Z
ecgk,4-letters,4,taken,2026-09-21T19:35:29.488Z
kxbd,4-letters,4,taken,2026-09-21T19:35:29.488Z
hpvj,4-letters,4,taken,2026-09-21T19:35:29.488Z
halv,4-letters,4,taken,2026-09-21T19:35:29.488Z
llan,4-letters,4,taken,2026-09-21T19:35:29.488Z
pvuz,4-letters,4,taken,2026-09-21T19:35:29.488Z
ugjq,4-letters,4,taken,2026-09-21T19:35:29.488Z
knha,4-letters,4,taken,2026-09-21T19:35:29.488Z
mlxk,4-letters,4,taken,2026-09-21T19:35:29.488Z
psny,4-letters,4,taken,2026-09-21T19:35:29.488Z
iljf,4-letters,4,taken,2026-09-21T19:35:29.488Z
bzcm,4-letters,4,taken,2026-09-21T19:35:29.488Z
uvhc,4-letters,4,taken,2026-09-21T19:35:29.488Z
pait,4-letters,4,taken,2026-09-21T19:35:29.488Z
rulm,4-letters,4,taken,2026-09-21T19:35:29.488Z
dvgn,4-letters,4,taken,2026-09-21T19:35:29.488Z
qxan,4-letters,4,taken,2026-09-21T19:35:29.488Z
nnwi,4-letters,4,taken,2026-09-21T19:35:29.488Z
ddxo,4-letters,4,taken,2026-09-21T19:35:29.488Z
pten,4-letters,4,taken,2026-09-21T19:35:29.488Z
vqur,4-letters,4,taken,2026-09-21T19:35:29.488Z
bjaa,4-letters,4,taken,2026-09-21T19:35:29.488Z
drrc,4-letters,4,taken,2026-09-21T19:35:29.488Z
tcwy,4-letters,4,taken,2026-09-21T19:35:29.488Z
ruqa,4-letters,4,taken,2026-09-21T19:35:29.488Z
dbed,4-letters,4,taken,2026-09-21T19:35:29.488Z
lmab,4-letters,4,taken,2026-09-21T19:35:29.488Z
uoob,4-letters,4,taken,2026-09-21T19:35:29.488Z
bhlj,4-letters,4,taken,2026-09-21T19:35:29.488Z
ftzf,4-letters,4,taken,2026-09-21T19:36:00.303Z
yyci,4-letters,4,taken,2026-09-21T19:36:00.303Z
tqmt,4-letters,4,taken,2026-09-21T19:36:00.303Z
mthk,4-letters,4,taken,2026-09-21T19:36:00.303Z
mprg,4-letters,4,taken,2026-09-21T19:36:00.303Z
pgua,4-letters,4,taken,2026-09-21T19:36:00.303Z
olqf,4-letters,4,taken,2026-09-21T19:36:00.303Z
naen,4-letters,4,taken,2026-09-21T19:36:00.303Z
fpzv,4-letters,4,taken,2026-09-21T19:36:00.303Z
fzbg,4-letters,4,taken,2026-09-21T19:36:00.303Z
gmds,4-letters,4,taken,2026-09-21T19:36:00.303Z
hvct,4-letters,4,taken,2026-09-21T19:36:00.303Z
yvsk,4-letters,4,taken,2026-09-21T19:36:00.303Z
iowj,4-letters,4,taken,2026-09-21T19:36:00.303Z
gozz,4-letters,4,taken,2026-09-21T19:36:00.303Z
yszy,4-letters,4,taken,2026-09-21T19:36:00.303Z
szyx,4-letters,4,taken,2026-09-21T19:36:00.303Z
nlfx,4-letters,4,taken,2026-09-21T19:36:00.303Z
wrrl,4-letters,4,taken,2026-09-21T19:36:00.303Z
kvxp,4-letters,4,taken,2026-09-21T19:36:00.303Z
lrgl,4-letters,4,taken,2026-09-21T19:36:00.303Z
rtux,4-letters,4,taken,2026-09-21T19:36:00.303Z
utcg,4-letters,4,taken,2026-09-21T19:36:00.303Z
unfz,4-letters,4,taken,2026-09-21T19:36:00.303Z
btro,4-letters,4,taken,2026-09-21T19:36:00.303Z
hxbe,4-letters,4,taken,2026-09-21T19:36:00.303Z
asoi,4-letters,4,taken,2026-09-21T19:36:00.303Z
pjev,4-letters,4,taken,2026-09-21T19:36:00.303Z
npbw,4-letters,4,taken,2026-09-21T19:36:00.303Z
lqik,4-letters,4,taken,2026-09-21T19:36:00.303Z
yzbn,4-letters,4,taken,2026-09-21T19:36:00.303Z
wfqi,4-letters,4,taken,2026-09-21T19:36:00.303Z
ydqs,4-letters,4,taken,2026-09-21T19:36:00.303Z
smgn,4-letters,4,taken,2026-09-21T19:36:00.303Z
osky,4-letters,4,taken,2026-09-21T19:36:00.303Z
aqzn,4-letters,4,taken,2026-09-21T19:36:00.303Z
jjjw,4-letters,4,taken,2026-09-21T19:36:00.303Z
ahej,4-letters,4,taken,2026-09-21T19:36:00.303Z
ogeh,4-letters,4,taken,2026-09-21T19:36:00.303Z
ubal,4-letters,4,taken,2026-09-21T19:36:00.303Z
gpad,4-letters,4,taken,2026-09-21T19:36:00.303Z
xiou,4-letters,4,taken,2026-09-21T19:36:00.303Z
ppys,4-letters,4,taken,2026-09-21T19:36:00.303Z
taqp,4-letters,4,taken,2026-09-21T19:36:00.303Z
wgsc,4-letters,4,taken,2026-09-21T19:36:00.303Z
hbiv,4-letters,4,taken,2026-09-21T19:36:00.303Z
pxnu,4-letters,4,taken,2026-09-21T19:36:00.303Z
gqmd,4-letters,4,taken,2026-09-21T19:36:00.303Z
ofje,4-letters,4,taken,2026-09-21T19:36:00.303Z
bxui,4-letters,4,taken,2026-09-21T19:36:00.303Z
cihj,4-letters,4,taken,2026-09-21T19:36:00.303Z
fzqw,4-letters,4,taken,2026-09-21T19:36:00.303Z
xiob,4-letters,4,taken,2026-09-21T19:36:00.303Z
ofee,4-letters,4,taken,2026-09-21T19:36:00.303Z
eqyk,4-letters,4,taken,2026-09-21T19:36:00.303Z
rcax,4-letters,4,taken,2026-09-21T19:36:00.303Z
uhbn,4-letters,4,taken,2026-09-21T19:36:00.303Z
besc,4-letters,4,taken,2026-09-21T19:36:00.303Z
tybc,4-letters,4,taken,2026-09-21T19:36:00.303Z
ttrj,4-letters,4,taken,2026-09-21T19:36:00.303Z
htfa,4-letters,4,taken,2026-09-21T19:36:00.303Z
jswm,4-letters,4,taken,2026-09-21T19:36:00.303Z
lyyw,4-letters,4,taken,2026-09-21T19:36:00.303Z
jayz,4-letters,4,taken,2026-09-21T19:36:00.303Z
gaxq,4-letters,4,taken,2026-09-21T19:36:00.303Z
avmj,4-letters,4,taken,2026-09-21T19:36:00.303Z
kcbb,4-letters,4,taken,2026-09-21T19:36:00.303Z
mlgu,4-letters,4,taken,2026-09-21T19:36:00.303Z
bpiy,4-letters,4,taken,2026-09-21T19:36:00.303Z
twty,4-letters,4,taken,2026-09-21T19:36:00.303Z
yxfj,4-letters,4,taken,2026-09-21T19:36:00.303Z
tmlt,4-letters,4,taken,2026-09-21T19:36:00.303Z
gjcs,4-letters,4,taken,2026-09-21T19:36:00.303Z
oych,4-letters,4,taken,2026-09-21T19:36:00.303Z
ehgn,4-letters,4,taken,2026-09-21T19:36:00.303Z
uamn,4-letters,4,taken,2026-09-21T19:36:00.303Z
hbwk,4-letters,4,taken,2026-09-21T19:36:00.303Z
yhij,4-letters,4,taken,2026-09-21T19:36:00.303Z
jvad,4-letters,4,taken,2026-09-21T19:36:00.303Z
ubkx,4-letters,4,taken,2026-09-21T19:36:00.303Z
ubmr,4-letters,4,taken,2026-09-21T19:36:00.303Z
qojb,4-letters,4,taken,2026-09-21T19:36:00.303Z
vtfg,4-letters,4,taken,2026-09-21T19:36:00.303Z
gpvu,4-letters,4,taken,2026-09-21T19:36:00.303Z
rqyl,4-letters,4,taken,2026-09-21T19:36:00.303Z
qsyz,4-letters,4,taken,2026-09-21T19:36:00.303Z
scrn,4-letters,4,taken,2026-09-21T19:36:00.303Z
eqpj,4-letters,4,taken,2026-09-21T19:36:00.303Z
xnbh,4-letters,4,taken,2026-09-21T19:36:00.303Z
frha,4-letters,4,taken,2026-09-21T19:36:00.303Z
ssyk,4-letters,4,taken,2026-09-21T19:36:00.303Z
rnhh,4-letters,4,taken,2026-09-21T19:36:00.303Z
shxe,4-letters,4,taken,2026-09-21T19:36:00.303Z
epyk,4-letters,4,taken,2026-09-21T19:36:00.303Z
ppis,4-letters,4,taken,2026-09-21T19:36:00.303Z
iyjx,4-letters,4,taken,2026-09-21T19:36:00.303Z
utys,4-letters,4,taken,2026-09-21T19:36:00.303Z
rfgu,4-letters,4,taken,2026-09-21T19:36:00.303Z
gazt,4-letters,4,taken,2026-09-21T19:36:00.303Z
nsin,4-letters,4,taken,2026-09-21T19:36:00.303Z
vleq,4-letters,4,taken,2026-09-21T19:36:31.102Z
dltb,4-letters,4,taken,2026-09-21T19:36:31.102Z
uasz,4-letters,4,taken,2026-09-21T19:36:31.102Z
xawy,4-letters,4,taken,2026-09-21T19:36:31.102Z
iueb,4-letters,4,taken,2026-09-21T19:36:31.102Z
lsgg,4-letters,4,taken,2026-09-21T19:36:31.102Z
hqny,4-letters,4,taken,2026-09-21T19:36:31.102Z
ljon,4-letters,4,taken,2026-09-21T19:36:31.102Z
vhkd,4-letters,4,taken,2026-09-21T19:36:31.102Z
qfok,4-letters,4,taken,2026-09-21T19:36:31.102Z
ukcu,4-letters,4,taken,2026-09-21T19:36:31.102Z
arod,4-letters,4,taken,2026-09-21T19:36:31.102Z
kahj,4-letters,4,taken,2026-09-21T19:36:31.102Z
svhr,4-letters,4,taken,2026-09-21T19:36:31.102Z
oyfm,4-letters,4,taken,2026-09-21T19:36:31.102Z
vdws,4-letters,4,taken,2026-09-21T19:36:31.102Z
knkb,4-letters,4,taken,2026-09-21T19:36:31.102Z
hlrb,4-letters,4,taken,2026-09-21T19:36:31.102Z
jjyx,4-letters,4,taken,2026-09-21T19:36:31.102Z
iork,4-letters,4,taken,2026-09-21T19:36:31.102Z
qmtz,4-letters,4,taken,2026-09-21T19:36:31.102Z
pzgc,4-letters,4,taken,2026-09-21T19:36:31.102Z
hxej,4-letters,4,taken,2026-09-21T19:36:31.102Z
wtox,4-letters,4,taken,2026-09-21T19:36:31.102Z
jash,4-letters,4,taken,2026-09-21T19:36:31.102Z
iupe,4-letters,4,taken,2026-09-21T19:36:31.102Z
vkmj,4-letters,4,taken,2026-09-21T19:36:31.102Z
wqxk,4-letters,4,taken,2026-09-21T19:36:31.102Z
iwse,4-letters,4,taken,2026-09-21T19:36:31.102Z
nnif,4-letters,4,taken,2026-09-21T19:36:31.102Z
rtjw,4-letters,4,taken,2026-09-21T19:36:31.102Z
hiva,4-letters,4,taken,2026-09-21T19:36:31.102Z
xprt,4-letters,4,taken,2026-09-21T19:36:31.102Z
ksrq,4-letters,4,taken,2026-09-21T19:36:31.102Z
tvlp,4-letters,4,taken,2026-09-21T19:36:31.102Z
kybu,4-letters,4,taken,2026-09-21T19:36:31.102Z
jaqj,4-letters,4,taken,2026-09-21T19:36:31.102Z
dslg,4-letters,4,taken,2026-09-21T19:36:31.102Z
qwop,4-letters,4,taken,2026-09-21T19:36:31.102Z
ybjb,4-letters,4,taken,2026-09-21T19:36:31.102Z
trkj,4-letters,4,taken,2026-09-21T19:36:31.102Z
xrcc,4-letters,4,taken,2026-09-21T19:36:31.102Z
nnjp,4-letters,4,taken,2026-09-21T19:36:31.102Z
ggpd,4-letters,4,taken,2026-09-21T19:36:31.102Z
mtzv,4-letters,4,taken,2026-09-21T19:36:31.102Z
bnui,4-letters,4,taken,2026-09-21T19:36:31.102Z
innb,4-letters,4,taken,2026-09-21T19:36:31.102Z
iwrz,4-letters,4,taken,2026-09-21T19:36:31.102Z
uszm,4-letters,4,taken,2026-09-21T19:36:31.102Z
zfot,4-letters,4,taken,2026-09-21T19:36:31.102Z
ppen,4-letters,4,taken,2026-09-21T19:36:31.102Z
breb,4-letters,4,taken,2026-09-21T19:36:31.102Z
uzwt,4-letters,4,taken,2026-09-21T19:36:31.102Z
ytcm,4-letters,4,taken,2026-09-21T19:36:31.102Z
wicy,4-letters,4,taken,2026-09-21T19:36:31.102Z
pglt,4-letters,4,taken,2026-09-21T19:36:31.102Z
gnjz,4-letters,4,taken,2026-09-21T19:36:31.102Z
ihnx,4-letters,4,taken,2026-09-21T19:36:31.102Z
anhe,4-letters,4,taken,2026-09-21T19:36:31.102Z
jkak,4-letters,4,taken,2026-09-21T19:36:31.102Z
isuw,4-letters,4,taken,2026-09-21T19:36:31.102Z
xhuc,4-letters,4,taken,2026-09-21T19:36:31.102Z
dpdj,4-letters,4,taken,2026-09-21T19:36:31.102Z
imbr,4-letters,4,taken,2026-09-21T19:36:31.102Z
cidd,4-letters,4,taken,2026-09-21T19:36:31.102Z
dxzf,4-letters,4,taken,2026-09-21T19:36:31.102Z
ebhu,4-letters,4,taken,2026-09-21T19:36:31.102Z
dfii,4-letters,4,taken,2026-09-21T19:36:31.102Z
vtdc,4-letters,4,taken,2026-09-21T19:36:31.102Z
fiwz,4-letters,4,taken,2026-09-21T19:36:31.102Z
icky,4-letters,4,taken,2026-09-21T19:36:31.102Z
ayrb,4-letters,4,taken,2026-09-21T19:36:31.102Z
luac,4-letters,4,taken,2026-09-21T19:36:31.102Z
lwhy,4-letters,4,taken,2026-09-21T19:36:31.102Z
jxci,4-letters,4,taken,2026-09-21T19:36:31.102Z
vqoj,4-letters,4,taken,2026-09-21T19:36:31.102Z
gtcr,4-letters,4,taken,2026-09-21T19:36:31.102Z
loiu,4-letters,4,taken,2026-09-21T19:36:31.102Z
fiax,4-letters,4,taken,2026-09-21T19:36:31.102Z
hoqh,4-letters,4,taken,2026-09-21T19:36:31.102Z
baeo,4-letters,4,taken,2026-09-21T19:36:31.102Z
hbmw,4-letters,4,taken,2026-09-21T19:36:31.102Z
sbta,4-letters,4,taken,2026-09-21T19:36:31.102Z
dgrs,4-letters,4,taken,2026-09-21T19:36:31.102Z
zwjo,4-letters,4,taken,2026-09-21T19:36:31.102Z
bwgv,4-letters,4,taken,2026-09-21T19:36:31.102Z
ejgu,4-letters,4,taken,2026-09-21T19:36:31.102Z
jzwy,4-letters,4,taken,2026-09-21T19:36:31.102Z
hlau,4-letters,4,taken,2026-09-21T19:36:31.102Z
whkj,4-letters,4,taken,2026-09-21T19:36:31.102Z
nzcm,4-letters,4,taken,2026-09-21T19:36:31.102Z
ntkt,4-letters,4,taken,2026-09-21T19:36:31.102Z
vxcf,4-letters,4,taken,2026-09-21T19:36:31.102Z
zyqk,4-letters,4,taken,2026-09-21T19:36:31.102Z
cgwp,4-letters,4,taken,2026-09-21T19:36:31.102Z
hbco,4-letters,4,taken,2026-09-21T19:36:31.102Z
dbgi,4-letters,4,taken,2026-09-21T19:36:31.102Z
rfot,4-letters,4,taken,2026-09-21T19:36:31.102Z
qfre,4-letters,4,taken,2026-09-21T19:36:31.102Z
fkwj,4-letters,4,taken,2026-09-21T19:36:31.102Z
zzjg,4-letters,4,taken,2026-09-21T19:37:02.322Z
jlca,4-letters,4,taken,2026-09-21T19:37:02.322Z
rune,4-letters,4,taken,2026-09-21T19:37:02.322Z
ktie,4-letters,4,taken,2026-09-21T19:37:02.322Z
muug,4-letters,4,taken,2026-09-21T19:37:02.322Z
kqkr,4-letters,4,taken,2026-09-21T19:37:02.322Z
wpdb,4-letters,4,taken,2026-09-21T19:37:02.322Z
gslx,4-letters,4,taken,2026-09-21T19:37:02.322Z
jiiv,4-letters,4,taken,2026-09-21T19:37:02.322Z
hmbp,4-letters,4,taken,2026-09-21T19:37:02.322Z
xkei,4-letters,4,taken,2026-09-21T19:37:02.322Z
wypc,4-letters,4,taken,2026-09-21T19:37:02.322Z
syan,4-letters,4,taken,2026-09-21T19:37:02.322Z
hrue,4-letters,4,taken,2026-09-21T19:37:02.322Z
ixja,4-letters,4,taken,2026-09-21T19:37:02.322Z
wqcr,4-letters,4,taken,2026-09-21T19:37:02.322Z
atgg,4-letters,4,taken,2026-09-21T19:37:02.322Z
fqsu,4-letters,4,taken,2026-09-21T19:37:02.322Z
rxuj,4-letters,4,taken,2026-09-21T19:37:02.322Z
lvax,4-letters,4,taken,2026-09-21T19:37:02.322Z
odha,4-letters,4,taken,2026-09-21T19:37:02.322Z
dyiv,4-letters,4,taken,2026-09-21T19:37:02.322Z
kjpo,4-letters,4,taken,2026-09-21T19:37:02.322Z
euse,4-letters,4,taken,2026-09-21T19:37:02.322Z
xufg,4-letters,4,taken,2026-09-21T19:37:02.322Z
cevy,4-letters,4,taken,2026-09-21T19:37:02.322Z
sqtp,4-letters,4,taken,2026-09-21T19:37:02.322Z
cwvm,4-letters,4,taken,2026-09-21T19:37:02.322Z
zyxv,4-letters,4,taken,2026-09-21T19:37:02.322Z
xoyq,4-letters,4,taken,2026-09-21T19:37:02.322Z
esxs,4-letters,4,taken,2026-09-21T19:37:02.322Z
arol,4-letters,4,taken,2026-09-21T19:37:02.322Z
xaoi,4-letters,4,taken,2026-09-21T19:37:02.322Z
gphd,4-letters,4,taken,2026-09-21T19:37:02.322Z
ihwt,4-letters,4,taken,2026-09-21T19:37:02.322Z
oxms,4-letters,4,taken,2026-09-21T19:37:02.322Z
odhi,4-letters,4,taken,2026-09-21T19:37:02.322Z
ozvk,4-letters,4,taken,2026-09-21T19:37:02.322Z
csgq,4-letters,4,taken,2026-09-21T19:37:02.322Z
rjxm,4-letters,4,taken,2026-09-21T19:37:02.322Z
dsbz,4-letters,4,taken,2026-09-21T19:37:02.322Z
ltba,4-letters,4,taken,2026-09-21T19:37:02.322Z
qcrm,4-letters,4,taken,2026-09-21T19:37:02.322Z
fsyl,4-letters,4,taken,2026-09-21T19:37:02.322Z
eegu,4-letters,4,taken,2026-09-21T19:37:02.322Z
ubuu,4-letters,4,taken,2026-09-21T19:37:02.322Z
mlnh,4-letters,4,taken,2026-09-21T19:37:02.322Z
dxsj,4-letters,4,taken,2026-09-21T19:37:02.322Z
ndxk,4-letters,4,taken,2026-09-21T19:37:02.322Z
pbis,4-letters,4,taken,2026-09-21T19:37:02.322Z
ceki,4-letters,4,taken,2026-09-21T19:37:02.322Z
tpfz,4-letters,4,taken,2026-09-21T19:37:02.322Z
abqu,4-letters,4,taken,2026-09-21T19:37:02.322Z
rqqb,4-letters,4,taken,2026-09-21T19:37:02.322Z
lqux,4-letters,4,taken,2026-09-21T19:37:02.322Z
vclp,4-letters,4,taken,2026-09-21T19:37:02.322Z
pnrb,4-letters,4,taken,2026-09-21T19:37:02.322Z
awyb,4-letters,4,taken,2026-09-21T19:37:02.322Z
olxm,4-letters,4,taken,2026-09-21T19:37:02.322Z
fgce,4-letters,4,taken,2026-09-21T19:37:02.322Z
gfjv,4-letters,4,taken,2026-09-21T19:37:02.322Z
uwha,4-letters,4,taken,2026-09-21T19:37:02.322Z
cqpg,4-letters,4,taken,2026-09-21T19:37:02.322Z
cckl,4-letters,4,taken,2026-09-21T19:37:02.322Z
vbpq,4-letters,4,taken,2026-09-21T19:37:02.322Z
azfe,4-letters,4,taken,2026-09-21T19:37:02.322Z
hqde,4-letters,4,taken,2026-09-21T19:37:02.322Z
rlrg,4-letters,4,taken,2026-09-21T19:37:02.322Z
mksh,4-letters,4,taken,2026-09-21T19:37:02.322Z
vvdb,4-letters,4,taken,2026-09-21T19:37:02.322Z
uyjg,4-letters,4,taken,2026-09-21T19:37:02.322Z
chrf,4-letters,4,taken,2026-09-21T19:37:02.322Z
qvqf,4-letters,4,taken,2026-09-21T19:37:02.322Z
cmrx,4-letters,4,taken,2026-09-21T19:37:02.322Z
ksdf,4-letters,4,taken,2026-09-21T19:37:02.322Z
rygp,4-letters,4,taken,2026-09-21T19:37:02.322Z
gadl,4-letters,4,taken,2026-09-21T19:37:02.322Z
suot,4-letters,4,taken,2026-09-21T19:37:02.322Z
utah,4-letters,4,taken,2026-09-21T19:37:02.322Z
epnv,4-letters,4,taken,2026-09-21T19:37:02.322Z
quwy,4-letters,4,taken,2026-09-21T19:37:02.322Z
bbfd,4-letters,4,taken,2026-09-21T19:37:02.322Z
zbzj,4-letters,4,taken,2026-09-21T19:37:02.322Z
cpgp,4-letters,4,taken,2026-09-21T19:37:02.322Z
wlrw,4-letters,4,taken,2026-09-21T19:37:02.322Z
yduz,4-letters,4,taken,2026-09-21T19:37:02.322Z
okdy,4-letters,4,taken,2026-09-21T19:37:02.322Z
mmnp,4-letters,4,taken,2026-09-21T19:37:02.322Z
patb,4-letters,4,taken,2026-09-21T19:37:02.322Z
xhyx,4-letters,4,taken,2026-09-21T19:37:02.322Z
zemh,4-letters,4,taken,2026-09-21T19:37:02.322Z
yedf,4-letters,4,taken,2026-09-21T19:37:02.322Z
iztu,4-letters,4,taken,2026-09-21T19:37:02.322Z
atgs,4-letters,4,taken,2026-09-21T19:37:02.322Z
pgai,4-letters,4,taken,2026-09-21T19:37:02.322Z
yftr,4-letters,4,taken,2026-09-21T19:37:02.322Z
ybny,4-letters,4,taken,2026-09-21T19:37:02.322Z
loxe,4-letters,4,taken,2026-09-21T19:37:02.322Z
xhez,4-letters,4,taken,2026-09-21T19:37:02.322Z
ewsu,4-letters,4,taken,2026-09-21T19:37:02.322Z
kfxx,4-letters,4,taken,2026-09-21T19:37:33.126Z
quye,4-letters,4,taken,2026-09-21T19:37:33.126Z
cetu,4-letters,4,taken,2026-09-21T19:37:33.126Z
bgfz,4-letters,4,taken,2026-09-21T19:37:33.126Z
jfmi,4-letters,4,taken,2026-09-21T19:37:33.126Z
kgzc,4-letters,4,taken,2026-09-21T19:37:33.126Z
lnzy,4-letters,4,taken,2026-09-21T19:37:33.126Z
raft,4-letters,4,taken,2026-09-21T19:37:33.126Z
pymg,4-letters,4,taken,2026-09-21T19:37:33.126Z
wncp,4-letters,4,taken,2026-09-21T19:37:33.126Z
vyqv,4-letters,4,taken,2026-09-21T19:37:33.126Z
hegl,4-letters,4,taken,2026-09-21T19:37:33.126Z
rsos,4-letters,4,taken,2026-09-21T19:37:33.126Z
iwdi,4-letters,4,taken,2026-09-21T19:37:33.126Z
kivo,4-letters,4,taken,2026-09-21T19:37:33.126Z
reib,4-letters,4,taken,2026-09-21T19:37:33.126Z
epkf,4-letters,4,taken,2026-09-21T19:37:33.126Z
xtwp,4-letters,4,taken,2026-09-21T19:37:33.126Z
clxs,4-letters,4,taken,2026-09-21T19:37:33.126Z
fsmy,4-letters,4,taken,2026-09-21T19:37:33.126Z
lddf,4-letters,4,taken,2026-09-21T19:37:33.126Z
oyid,4-letters,4,taken,2026-09-21T19:37:33.126Z
oiog,4-letters,4,taken,2026-09-21T19:37:33.126Z
tqpx,4-letters,4,taken,2026-09-21T19:37:33.126Z
zdsk,4-letters,4,taken,2026-09-21T19:37:33.126Z
zvbd,4-letters,4,taken,2026-09-21T19:37:33.126Z
hwqm,4-letters,4,taken,2026-09-21T19:37:33.126Z
ucgh,4-letters,4,taken,2026-09-21T19:37:33.126Z
jzpo,4-letters,4,taken,2026-09-21T19:37:33.126Z
wgoq,4-letters,4,taken,2026-09-21T19:37:33.126Z
goun,4-letters,4,taken,2026-09-21T19:37:33.126Z
zwrw,4-letters,4,taken,2026-09-21T19:37:33.126Z
aafg,4-letters,4,taken,2026-09-21T19:37:33.126Z
jvhc,4-letters,4,taken,2026-09-21T19:37:33.126Z
htae,4-letters,4,taken,2026-09-21T19:37:33.126Z
xebo,4-letters,4,taken,2026-09-21T19:37:33.126Z
iytt,4-letters,4,taken,2026-09-21T19:37:33.126Z
ekcn,4-letters,4,taken,2026-09-21T19:37:33.126Z
fylm,4-letters,4,taken,2026-09-21T19:37:33.126Z
jhxi,4-letters,4,taken,2026-09-21T19:37:33.126Z
cwsn,4-letters,4,taken,2026-09-21T19:37:33.126Z
psgp,4-letters,4,taken,2026-09-21T19:37:33.126Z
qnak,4-letters,4,taken,2026-09-21T19:37:33.126Z
eowt,4-letters,4,taken,2026-09-21T19:37:33.126Z
upzb,4-letters,4,taken,2026-09-21T19:37:33.126Z
ifun,4-letters,4,taken,2026-09-21T19:37:33.126Z
arfp,4-letters,4,taken,2026-09-21T19:37:33.126Z
orgy,4-letters,4,taken,2026-09-21T19:37:33.126Z
ddjw,4-letters,4,taken,2026-09-21T19:37:33.126Z
hoht,4-letters,4,taken,2026-09-21T19:37:33.126Z
rzxy,4-letters,4,taken,2026-09-21T19:37:33.126Z
wuhj,4-letters,4,taken,2026-09-21T19:37:33.126Z
jbby,4-letters,4,taken,2026-09-21T19:37:33.126Z
ilvt,4-letters,4,taken,2026-09-21T19:37:33.126Z
pjjl,4-letters,4,taken,2026-09-21T19:37:33.126Z
vzzd,4-letters,4,taken,2026-09-21T19:37:33.126Z
uozb,4-letters,4,taken,2026-09-21T19:37:33.126Z
loli,4-letters,4,taken,2026-09-21T19:37:33.126Z
yddl,4-letters,4,taken,2026-09-21T19:37:33.126Z
ijuu,4-letters,4,taken,2026-09-21T19:37:33.126Z
fdun,4-letters,4,taken,2026-09-21T19:37:33.126Z
nese,4-letters,4,taken,2026-09-21T19:37:33.126Z
dxyw,4-letters,4,taken,2026-09-21T19:37:33.126Z
gawe,4-letters,4,taken,2026-09-21T19:37:33.126Z
tpxt,4-letters,4,taken,2026-09-21T19:37:33.126Z
pmrx,4-letters,4,taken,2026-09-21T19:37:33.126Z
mody,4-letters,4,taken,2026-09-21T19:37:33.126Z
zkzu,4-letters,4,taken,2026-09-21T19:37:33.126Z
noou,4-letters,4,taken,2026-09-21T19:37:33.126Z
vjfq,4-letters,4,taken,2026-09-21T19:37:33.126Z
jwwf,4-letters,4,taken,2026-09-21T19:37:33.126Z
ocma,4-letters,4,taken,2026-09-21T19:37:33.126Z
wjbc,4-letters,4,taken,2026-09-21T19:37:33.126Z
iugp,4-letters,4,taken,2026-09-21T19:37:33.126Z
pfrh,4-letters,4,taken,2026-09-21T19:37:33.126Z
dsxv,4-letters,4,taken,2026-09-21T19:37:33.126Z
qdjw,4-letters,4,taken,2026-09-21T19:37:33.126Z
hwpf,4-letters,4,taken,2026-09-21T19:37:33.126Z
oazc,4-letters,4,taken,2026-09-21T19:37:33.126Z
adkg,4-letters,4,taken,2026-09-21T19:37:33.126Z
rzok,4-letters,4,taken,2026-09-21T19:37:33.126Z
upim,4-letters,4,taken,2026-09-21T19:37:33.126Z
pucw,4-letters,4,taken,2026-09-21T19:37:33.126Z
sbbc,4-letters,4,taken,2026-09-21T19:37:33.126Z
fogp,4-letters,4,taken,2026-09-21T19:37:33.126Z
lmvb,4-letters,4,taken,2026-09-21T19:37:33.126Z
lutp,4-letters,4,taken,2026-09-21T19:37:33.126Z
oxwx,4-letters,4,taken,2026-09-21T19:37:33.126Z
zoac,4-letters,4,taken,2026-09-21T19:37:33.126Z
agep,4-letters,4,taken,2026-09-21T19:37:33.126Z
ylhf,4-letters,4,taken,2026-09-21T19:37:33.126Z
ctkg,4-letters,4,taken,2026-09-21T19:37:33.126Z
qzpq,4-letters,4,taken,2026-09-21T19:37:33.126Z
fgdi,4-letters,4,taken,2026-09-21T19:37:33.126Z
fbts,4-letters,4,taken,2026-09-21T19:37:33.126Z
jkdx,4-letters,4,taken,2026-09-21T19:37:33.126Z
ccnz,4-letters,4,taken,2026-09-21T19:37:33.126Z
alrw,4-letters,4,taken,2026-09-21T19:37:33.126Z
cajt,4-letters,4,taken,2026-09-21T19:37:33.126Z
ymug,4-letters,4,taken,2026-09-21T19:37:33.126Z
gjmz,4-letters,4,taken,2026-09-21T19:38:03.994Z
qdgt,4-letters,4,taken,2026-09-21T19:38:03.994Z
yprz,4-letters,4,taken,2026-09-21T19:38:03.994Z
dcgx,4-letters,4,taken,2026-09-21T19:38:03.994Z
umng,4-letters,4,taken,2026-09-21T19:38:03.994Z
peok,4-letters,4,taken,2026-09-21T19:38:03.994Z
bbxk,4-letters,4,taken,2026-09-21T19:38:03.994Z
qvju,4-letters,4,taken,2026-09-21T19:38:03.994Z
lzex,4-letters,4,taken,2026-09-21T19:38:03.994Z
ioiu,4-letters,4,taken,2026-09-21T19:38:03.994Z
xlwz,4-letters,4,taken,2026-09-21T19:38:03.994Z
jxgo,4-letters,4,taken,2026-09-21T19:38:03.994Z
aobv,4-letters,4,taken,2026-09-21T19:38:03.994Z
yhzn,4-letters,4,taken,2026-09-21T19:38:03.994Z
kmjy,4-letters,4,taken,2026-09-21T19:38:03.994Z
luod,4-letters,4,taken,2026-09-21T19:38:03.994Z
fbsj,4-letters,4,taken,2026-09-21T19:38:03.994Z
vcju,4-letters,4,taken,2026-09-21T19:38:03.994Z
qszi,4-letters,4,taken,2026-09-21T19:38:03.994Z
kqwl,4-letters,4,taken,2026-09-21T19:38:03.994Z
uphu,4-letters,4,taken,2026-09-21T19:38:03.994Z
oxwe,4-letters,4,taken,2026-09-21T19:38:03.994Z
kayr,4-letters,4,taken,2026-09-21T19:38:03.994Z
qtcx,4-letters,4,taken,2026-09-21T19:38:03.994Z
fjgp,4-letters,4,taken,2026-09-21T19:38:03.994Z
csvh,4-letters,4,taken,2026-09-21T19:38:03.994Z
vbwn,4-letters,4,taken,2026-09-21T19:38:03.994Z
lnmf,4-letters,4,taken,2026-09-21T19:38:03.994Z
tfvd,4-letters,4,taken,2026-09-21T19:38:03.994Z
biby,4-letters,4,taken,2026-09-21T19:38:03.994Z
homx,4-letters,4,taken,2026-09-21T19:38:03.994Z
gpfc,4-letters,4,taken,2026-09-21T19:38:03.994Z
kxlh,4-letters,4,taken,2026-09-21T19:38:03.994Z
njik,4-letters,4,taken,2026-09-21T19:38:03.994Z
ella,4-letters,4,taken,2026-09-21T19:38:03.994Z
gzxw,4-letters,4,taken,2026-09-21T19:38:03.994Z
qnnw,4-letters,4,taken,2026-09-21T19:38:03.994Z
atwk,4-letters,4,taken,2026-09-21T19:38:03.994Z
pebr,4-letters,4,taken,2026-09-21T19:38:03.994Z
aews,4-letters,4,taken,2026-09-21T19:38:03.994Z
qbah,4-letters,4,taken,2026-09-21T19:38:03.994Z
qzxe,4-letters,4,taken,2026-09-21T19:38:03.994Z
bamc,4-letters,4,taken,2026-09-21T19:38:03.994Z
mjmv,4-letters,4,taken,2026-09-21T19:38:03.994Z
vdyd,4-letters,4,taken,2026-09-21T19:38:03.994Z
hyxm,4-letters,4,taken,2026-09-21T19:38:03.994Z
dzbu,4-letters,4,taken,2026-09-21T19:38:03.994Z
ihlv,4-letters,4,taken,2026-09-21T19:38:03.994Z
vyqe,4-letters,4,taken,2026-09-21T19:38:03.994Z
upjl,4-letters,4,taken,2026-09-21T19:38:03.994Z
xbnz,4-letters,4,taken,2026-09-21T19:38:03.994Z
jwou,4-letters,4,taken,2026-09-21T19:38:03.994Z
tajx,4-letters,4,taken,2026-09-21T19:38:03.994Z
uxxu,4-letters,4,taken,2026-09-21T19:38:03.994Z
ksnt,4-letters,4,taken,2026-09-21T19:38:03.994Z
oajp,4-letters,4,taken,2026-09-21T19:38:03.994Z
etyj,4-letters,4,taken,2026-09-21T19:38:03.994Z
dpli,4-letters,4,taken,2026-09-21T19:38:03.994Z
qdlt,4-letters,4,taken,2026-09-21T19:38:03.994Z
bkiv,4-letters,4,taken,2026-09-21T19:38:03.994Z
zbnh,4-letters,4,taken,2026-09-21T19:38:03.994Z
saok,4-letters,4,taken,2026-09-21T19:38:03.994Z
axkh,4-letters,4,taken,2026-09-21T19:38:03.994Z
ftbr,4-letters,4,taken,2026-09-21T19:38:03.994Z
eogz,4-letters,4,taken,2026-09-21T19:38:03.994Z
zoku,4-letters,4,taken,2026-09-21T19:38:03.994Z
flae,4-letters,4,taken,2026-09-21T19:38:03.994Z
lygy,4-letters,4,taken,2026-09-21T19:38:03.994Z
rgps,4-letters,4,taken,2026-09-21T19:38:03.994Z
nvbi,4-letters,4,taken,2026-09-21T19:38:03.994Z
iefx,4-letters,4,taken,2026-09-21T19:38:03.994Z
miya,4-letters,4,taken,2026-09-21T19:38:03.994Z
lasr,4-letters,4,taken,2026-09-21T19:38:03.994Z
vhww,4-letters,4,taken,2026-09-21T19:38:03.994Z
vaic,4-letters,4,taken,2026-09-21T19:38:03.994Z
ffjj,4-letters,4,taken,2026-09-21T19:38:03.994Z
orwf,4-letters,4,taken,2026-09-21T19:38:03.994Z
sbvd,4-letters,4,taken,2026-09-21T19:38:03.994Z
durs,4-letters,4,taken,2026-09-21T19:38:03.994Z
jrzj,4-letters,4,taken,2026-09-21T19:38:03.994Z
gkrj,4-letters,4,taken,2026-09-21T19:38:03.994Z
zzpn,4-letters,4,taken,2026-09-21T19:38:03.994Z
rpdm,4-letters,4,taken,2026-09-21T19:38:03.994Z
jqch,4-letters,4,taken,2026-09-21T19:38:03.994Z
zhkh,4-letters,4,taken,2026-09-21T19:38:03.994Z
jtvb,4-letters,4,taken,2026-09-21T19:38:03.994Z
ujpw,4-letters,4,taken,2026-09-21T19:38:03.994Z
lmbj,4-letters,4,taken,2026-09-21T19:38:03.994Z
tqtq,4-letters,4,taken,2026-09-21T19:38:03.994Z
pvbb,4-letters,4,taken,2026-09-21T19:38:03.994Z
oihe,4-letters,4,taken,2026-09-21T19:38:03.994Z
udhu,4-letters,4,taken,2026-09-21T19:38:03.994Z
jsqc,4-letters,4,taken,2026-09-21T19:38:03.994Z
dxzk,4-letters,4,taken,2026-09-21T19:38:03.994Z
gmfv,4-letters,4,taken,2026-09-21T19:38:03.994Z
iyki,4-letters,4,taken,2026-09-21T19:38:03.994Z
ryjn,4-letters,4,taken,2026-09-21T19:38:03.994Z
zajj,4-letters,4,taken,2026-09-21T19:38:03.994Z
xpqv,4-letters,4,taken,2026-09-21T19:38:03.994Z
uipk,4-letters,4,taken,2026-09-21T19:38:03.994Z
jcpa,4-letters,4,taken,2026-09-21T19:38:34.712Z
jcvd,4-letters,4,taken,2026-09-21T19:38:34.712Z
srey,4-letters,4,taken,2026-09-21T19:38:34.712Z
mmrw,4-letters,4,taken,2026-09-21T19:38:34.712Z
dome,4-letters,4,taken,2026-09-21T19:38:34.712Z
xuyl,4-letters,4,taken,2026-09-21T19:38:34.712Z
lerq,4-letters,4,taken,2026-09-21T19:38:34.712Z
hgbg,4-letters,4,taken,2026-09-21T19:38:34.712Z
yhvz,4-letters,4,taken,2026-09-21T19:38:34.712Z
nqzv,4-letters,4,taken,2026-09-21T19:38:34.712Z
lypu,4-letters,4,taken,2026-09-21T19:38:34.712Z
jhqz,4-letters,4,taken,2026-09-21T19:38:34.712Z
uedi,4-letters,4,taken,2026-09-21T19:38:34.712Z
nijl,4-letters,4,taken,2026-09-21T19:38:34.712Z
gnyh,4-letters,4,taken,2026-09-21T19:38:34.712Z
dqrc,4-letters,4,taken,2026-09-21T19:38:34.712Z
burj,4-letters,4,taken,2026-09-21T19:38:34.712Z
jeie,4-letters,4,taken,2026-09-21T19:38:34.712Z
uroj,4-letters,4,taken,2026-09-21T19:38:34.712Z
trau,4-letters,4,taken,2026-09-21T19:38:34.712Z
xgcr,4-letters,4,taken,2026-09-21T19:38:34.712Z
vejn,4-letters,4,taken,2026-09-21T19:38:34.712Z
rmlr,4-letters,4,taken,2026-09-21T19:38:34.712Z
didn,4-letters,4,taken,2026-09-21T19:38:34.712Z
kljr,4-letters,4,taken,2026-09-21T19:38:34.712Z
ocuj,4-letters,4,taken,2026-09-21T19:38:34.712Z
tsal,4-letters,4,taken,2026-09-21T19:38:34.712Z
pytg,4-letters,4,taken,2026-09-21T19:38:34.712Z
ncjp,4-letters,4,taken,2026-09-21T19:38:34.712Z
frkt,4-letters,4,taken,2026-09-21T19:38:34.712Z
dplo,4-letters,4,taken,2026-09-21T19:38:34.712Z
ylyr,4-letters,4,taken,2026-09-21T19:38:34.712Z
ztag,4-letters,4,taken,2026-09-21T19:38:34.712Z
ebbg,4-letters,4,taken,2026-09-21T19:38:34.712Z
rifh,4-letters,4,taken,2026-09-21T19:38:34.712Z
hnge,4-letters,4,taken,2026-09-21T19:38:34.712Z
jmda,4-letters,4,taken,2026-09-21T19:38:34.712Z
dttx,4-letters,4,taken,2026-09-21T19:38:34.712Z
onfr,4-letters,4,taken,2026-09-21T19:38:34.712Z
bxsw,4-letters,4,taken,2026-09-21T19:38:34.712Z
dslx,4-letters,4,taken,2026-09-21T19:38:34.712Z
pgyu,4-letters,4,taken,2026-09-21T19:38:34.712Z
qdiz,4-letters,4,taken,2026-09-21T19:38:34.712Z
tqib,4-letters,4,taken,2026-09-21T19:38:34.712Z
ttne,4-letters,4,taken,2026-09-21T19:38:34.712Z
fsrf,4-letters,4,taken,2026-09-21T19:38:34.712Z
klhk,4-letters,4,taken,2026-09-21T19:38:34.712Z
zqzn,4-letters,4,taken,2026-09-21T19:38:34.712Z
uqug,4-letters,4,taken,2026-09-21T19:38:34.712Z
svuj,4-letters,4,taken,2026-09-21T19:38:34.712Z
ovpq,4-letters,4,taken,2026-09-21T19:38:34.712Z
zrve,4-letters,4,taken,2026-09-21T19:38:34.712Z
rgmz,4-letters,4,taken,2026-09-21T19:38:34.712Z
xumt,4-letters,4,taken,2026-09-21T19:38:34.712Z
utsf,4-letters,4,taken,2026-09-21T19:38:34.712Z
belx,4-letters,4,taken,2026-09-21T19:38:34.712Z
coxe,4-letters,4,taken,2026-09-21T19:38:34.712Z
namv,4-letters,4,taken,2026-09-21T19:38:34.712Z
phts,4-letters,4,taken,2026-09-21T19:38:34.712Z
poft,4-letters,4,taken,2026-09-21T19:38:34.712Z
dzvs,4-letters,4,taken,2026-09-21T19:38:34.712Z
eajw,4-letters,4,taken,2026-09-21T19:38:34.712Z
yozi,4-letters,4,taken,2026-09-21T19:38:34.712Z
pzte,4-letters,4,taken,2026-09-21T19:38:34.712Z
roog,4-letters,4,taken,2026-09-21T19:38:34.712Z
lxix,4-letters,4,taken,2026-09-21T19:38:34.712Z
hwie,4-letters,4,taken,2026-09-21T19:38:34.712Z
rqzu,4-letters,4,taken,2026-09-21T19:38:34.712Z
knqv,4-letters,4,taken,2026-09-21T19:38:34.712Z
uzhq,4-letters,4,taken,2026-09-21T19:38:34.712Z
yrwp,4-letters,4,taken,2026-09-21T19:38:34.712Z
rafk,4-letters,4,taken,2026-09-21T19:38:34.712Z
fqpx,4-letters,4,taken,2026-09-21T19:38:34.712Z
divx,4-letters,4,taken,2026-09-21T19:38:34.712Z
rqtk,4-letters,4,taken,2026-09-21T19:38:34.712Z
wnqg,4-letters,4,taken,2026-09-21T19:38:34.712Z
spas,4-letters,4,taken,2026-09-21T19:38:34.712Z
yefb,4-letters,4,taken,2026-09-21T19:38:34.712Z
lywo,4-letters,4,taken,2026-09-21T19:38:34.712Z
rkas,4-letters,4,taken,2026-09-21T19:38:34.712Z
ukdz,4-letters,4,taken,2026-09-21T19:38:34.712Z
yeeb,4-letters,4,taken,2026-09-21T19:38:34.712Z
yjvh,4-letters,4,taken,2026-09-21T19:38:34.712Z
jmtp,4-letters,4,taken,2026-09-21T19:38:34.712Z
ezrc,4-letters,4,taken,2026-09-21T19:38:34.712Z
csup,4-letters,4,taken,2026-09-21T19:38:34.712Z
vdnx,4-letters,4,taken,2026-09-21T19:38:34.712Z
xsay,4-letters,4,taken,2026-09-21T19:38:34.712Z
gxap,4-letters,4,taken,2026-09-21T19:38:34.712Z
ipla,4-letters,4,taken,2026-09-21T19:38:34.712Z
zbzw,4-letters,4,taken,2026-09-21T19:38:34.712Z
yanw,4-letters,4,taken,2026-09-21T19:38:34.712Z
dnha,4-letters,4,taken,2026-09-21T19:38:34.712Z
koqy,4-letters,4,taken,2026-09-21T19:38:34.712Z
daqn,4-letters,4,taken,2026-09-21T19:38:34.712Z
qmgu,4-letters,4,taken,2026-09-21T19:38:34.712Z
hghl,4-letters,4,taken,2026-09-21T19:38:34.712Z
oxyg,4-letters,4,taken,2026-09-21T19:38:34.712Z
fzqs,4-letters,4,taken,2026-09-21T19:38:34.712Z
myzr,4-letters,4,taken,2026-09-21T19:38:34.712Z
xgkn,4-letters,4,taken,2026-09-21T19:39:05.487Z
kjaz,4-letters,4,taken,2026-09-21T19:39:05.487Z
cngt,4-letters,4,taken,2026-09-21T19:39:05.487Z
tgjl,4-letters,4,taken,2026-09-21T19:39:05.487Z
snti,4-letters,4,taken,2026-09-21T19:39:05.487Z
tksu,4-letters,4,taken,2026-09-21T19:39:05.487Z
eyrl,4-letters,4,taken,2026-09-21T19:39:05.487Z
lnbg,4-letters,4,taken,2026-09-21T19:39:05.487Z
xpxe,4-letters,4,taken,2026-09-21T19:39:05.487Z
upqj,4-letters,4,taken,2026-09-21T19:39:05.487Z
hjfe,4-letters,4,taken,2026-09-21T19:39:05.487Z
kuev,4-letters,4,taken,2026-09-21T19:39:05.487Z
tkhz,4-letters,4,taken,2026-09-21T19:39:05.487Z
yfvj,4-letters,4,taken,2026-09-21T19:39:05.487Z
ekxd,4-letters,4,taken,2026-09-21T19:39:05.487Z
edkr,4-letters,4,taken,2026-09-21T19:39:05.487Z
bpna,4-letters,4,taken,2026-09-21T19:39:05.487Z
hitj,4-letters,4,taken,2026-09-21T19:39:05.487Z
lpac,4-letters,4,taken,2026-09-21T19:39:05.487Z
zbrc,4-letters,4,taken,2026-09-21T19:39:05.487Z
zqgt,4-letters,4,taken,2026-09-21T19:39:05.487Z
nohw,4-letters,4,taken,2026-09-21T19:39:05.487Z
qape,4-letters,4,taken,2026-09-21T19:39:05.487Z
rgkx,4-letters,4,taken,2026-09-21T19:39:05.487Z
yesk,4-letters,4,taken,2026-09-21T19:39:05.487Z
xinj,4-letters,4,taken,2026-09-21T19:39:05.487Z
lbdl,4-letters,4,taken,2026-09-21T19:39:05.487Z
wjdj,4-letters,4,taken,2026-09-21T19:39:05.487Z
kvqw,4-letters,4,taken,2026-09-21T19:39:05.487Z
ziyx,4-letters,4,taken,2026-09-21T19:39:05.487Z
jjix,4-letters,4,taken,2026-09-21T19:39:05.487Z
acqp,4-letters,4,taken,2026-09-21T19:39:05.487Z
wecm,4-letters,4,taken,2026-09-21T19:39:05.487Z
whfq,4-letters,4,taken,2026-09-21T19:39:05.487Z
olly,4-letters,4,taken,2026-09-21T19:39:05.487Z
wjgc,4-letters,4,taken,2026-09-21T19:39:05.487Z
unex,4-letters,4,taken,2026-09-21T19:39:05.487Z
wlig,4-letters,4,taken,2026-09-21T19:39:05.487Z
rsjd,4-letters,4,taken,2026-09-21T19:39:05.487Z
kmno,4-letters,4,taken,2026-09-21T19:39:05.487Z
fyqn,4-letters,4,taken,2026-09-21T19:39:05.487Z
ayxa,4-letters,4,taken,2026-09-21T19:39:05.487Z
pzkd,4-letters,4,taken,2026-09-21T19:39:05.487Z
ajfv,4-letters,4,taken,2026-09-21T19:39:05.487Z
licl,4-letters,4,taken,2026-09-21T19:39:05.487Z
zmfm,4-letters,4,taken,2026-09-21T19:39:05.487Z
gwxf,4-letters,4,taken,2026-09-21T19:39:05.487Z
ttgq,4-letters,4,taken,2026-09-21T19:39:05.487Z
niqk,4-letters,4,taken,2026-09-21T19:39:05.487Z
xvsd,4-letters,4,taken,2026-09-21T19:39:05.487Z
cnag,4-letters,4,taken,2026-09-21T19:39:05.487Z
pmdn,4-letters,4,taken,2026-09-21T19:39:05.487Z
fpsi,4-letters,4,taken,2026-09-21T19:39:05.487Z
ivgk,4-letters,4,taken,2026-09-21T19:39:05.487Z
fvua,4-letters,4,taken,2026-09-21T19:39:05.487Z
actl,4-letters,4,taken,2026-09-21T19:39:05.487Z
fjav,4-letters,4,taken,2026-09-21T19:39:05.487Z
dueu,4-letters,4,taken,2026-09-21T19:39:05.487Z
dqbc,4-letters,4,taken,2026-09-21T19:39:05.487Z
nhyy,4-letters,4,taken,2026-09-21T19:39:05.487Z
fckt,4-letters,4,taken,2026-09-21T19:39:05.487Z
ofub,4-letters,4,taken,2026-09-21T19:39:05.487Z
dlka,4-letters,4,taken,2026-09-21T19:39:05.487Z
gijd,4-letters,4,taken,2026-09-21T19:39:05.487Z
hary,4-letters,4,taken,2026-09-21T19:39:05.487Z
oqju,4-letters,4,taken,2026-09-21T19:39:05.487Z
ckrh,4-letters,4,taken,2026-09-21T19:39:05.487Z
qozq,4-letters,4,taken,2026-09-21T19:39:05.487Z
xqne,4-letters,4,taken,2026-09-21T19:39:05.487Z
aoes,4-letters,4,taken,2026-09-21T19:39:05.487Z
rltl,4-letters,4,taken,2026-09-21T19:39:05.487Z
dorx,4-letters,4,taken,2026-09-21T19:39:05.487Z
rxro,4-letters,4,taken,2026-09-21T19:39:05.487Z
zhvu,4-letters,4,taken,2026-09-21T19:39:05.487Z
kqts,4-letters,4,taken,2026-09-21T19:39:05.487Z
gsxp,4-letters,4,taken,2026-09-21T19:39:05.487Z
oxbr,4-letters,4,taken,2026-09-21T19:39:05.487Z
gpeb,4-letters,4,taken,2026-09-21T19:39:05.487Z
rktl,4-letters,4,taken,2026-09-21T19:39:05.487Z
dhag,4-letters,4,taken,2026-09-21T19:39:05.487Z
vhke,4-letters,4,taken,2026-09-21T19:39:05.487Z
qumi,4-letters,4,taken,2026-09-21T19:39:05.487Z
irka,4-letters,4,taken,2026-09-21T19:39:05.487Z
ydnu,4-letters,4,taken,2026-09-21T19:39:05.487Z
rgvl,4-letters,4,taken,2026-09-21T19:39:05.487Z
bxpe,4-letters,4,taken,2026-09-21T19:39:05.487Z
porw,4-letters,4,taken,2026-09-21T19:39:05.487Z
czwn,4-letters,4,taken,2026-09-21T19:39:05.487Z
zpan,4-letters,4,taken,2026-09-21T19:39:05.487Z
eqlf,4-letters,4,taken,2026-09-21T19:39:05.487Z
jqyq,4-letters,4,taken,2026-09-21T19:39:05.487Z
nelu,4-letters,4,taken,2026-09-21T19:39:05.487Z
antw,4-letters,4,taken,2026-09-21T19:39:05.487Z
zjqh,4-letters,4,taken,2026-09-21T19:39:05.487Z
vmmq,4-letters,4,taken,2026-09-21T19:39:05.487Z
nfct,4-letters,4,taken,2026-09-21T19:39:05.487Z
onzc,4-letters,4,taken,2026-09-21T19:39:05.487Z
mcvc,4-letters,4,taken,2026-09-21T19:39:05.487Z
ggsz,4-letters,4,taken,2026-09-21T19:39:05.487Z
nwtz,4-letters,4,taken,2026-09-21T19:39:05.487Z
rdyc,4-letters,4,taken,2026-09-21T19:39:36.263Z
hzmc,4-letters,4,taken,2026-09-21T19:39:36.263Z
ajjx,4-letters,4,taken,2026-09-21T19:39:36.263Z
npck,4-letters,4,taken,2026-09-21T19:39:36.263Z
smbh,4-letters,4,taken,2026-09-21T19:39:36.263Z
xpey,4-letters,4,taken,2026-09-21T19:39:36.263Z
ancs,4-letters,4,taken,2026-09-21T19:39:36.263Z
lvxn,4-letters,4,taken,2026-09-21T19:39:36.263Z
slna,4-letters,4,taken,2026-09-21T19:39:36.263Z
uenr,4-letters,4,taken,2026-09-21T19:39:36.263Z
dqge,4-letters,4,taken,2026-09-21T19:39:36.263Z
lxpa,4-letters,4,taken,2026-09-21T19:39:36.263Z
prvv,4-letters,4,taken,2026-09-21T19:39:36.263Z
xlqb,4-letters,4,taken,2026-09-21T19:39:36.263Z
ikay,4-letters,4,taken,2026-09-21T19:39:36.263Z
ebmd,4-letters,4,taken,2026-09-21T19:39:36.263Z
hmer,4-letters,4,taken,2026-09-21T19:39:36.263Z
yytc,4-letters,4,taken,2026-09-21T19:39:36.263Z
etzo,4-letters,4,taken,2026-09-21T19:39:36.263Z
mmta,4-letters,4,taken,2026-09-21T19:39:36.263Z
jfnv,4-letters,4,taken,2026-09-21T19:39:36.263Z
vfqc,4-letters,4,taken,2026-09-21T19:39:36.263Z
hnya,4-letters,4,taken,2026-09-21T19:39:36.263Z
cvkj,4-letters,4,taken,2026-09-21T19:39:36.263Z
fjll,4-letters,4,taken,2026-09-21T19:39:36.263Z
gfgf,4-letters,4,taken,2026-09-21T19:39:36.263Z
uxbx,4-letters,4,taken,2026-09-21T19:39:36.263Z
tyjg,4-letters,4,taken,2026-09-21T19:39:36.263Z
bpta,4-letters,4,taken,2026-09-21T19:39:36.263Z
duei,4-letters,4,taken,2026-09-21T19:39:36.263Z
smmd,4-letters,4,taken,2026-09-21T19:39:36.263Z
gldo,4-letters,4,taken,2026-09-21T19:39:36.263Z
npku,4-letters,4,taken,2026-09-21T19:39:36.263Z
odgn,4-letters,4,taken,2026-09-21T19:39:36.263Z
vzly,4-letters,4,taken,2026-09-21T19:39:36.263Z
ekjf,4-letters,4,taken,2026-09-21T19:39:36.263Z
khga,4-letters,4,taken,2026-09-21T19:39:36.263Z
xbiv,4-letters,4,taken,2026-09-21T19:39:36.263Z
iyeo,4-letters,4,taken,2026-09-21T19:39:36.263Z
ihkd,4-letters,4,taken,2026-09-21T19:39:36.263Z
lskb,4-letters,4,taken,2026-09-21T19:39:36.263Z
zvsl,4-letters,4,taken,2026-09-21T19:39:36.263Z
rhxz,4-letters,4,taken,2026-09-21T19:39:36.263Z
dugq,4-letters,4,taken,2026-09-21T19:39:36.263Z
xyhv,4-letters,4,taken,2026-09-21T19:39:36.263Z
djnv,4-letters,4,taken,2026-09-21T19:39:36.263Z
xhhj,4-letters,4,taken,2026-09-21T19:39:36.263Z
gxbg,4-letters,4,taken,2026-09-21T19:39:36.263Z
tjsb,4-letters,4,taken,2026-09-21T19:39:36.263Z
osir,4-letters,4,taken,2026-09-21T19:39:36.263Z
fuol,4-letters,4,taken,2026-09-21T19:39:36.263Z
ozqn,4-letters,4,taken,2026-09-21T19:39:36.263Z
myns,4-letters,4,taken,2026-09-21T19:39:36.263Z
leet,4-letters,4,taken,2026-09-21T19:39:36.263Z
pkpe,4-letters,4,taken,2026-09-21T19:39:36.263Z
hcwm,4-letters,4,taken,2026-09-21T19:39:36.263Z
kkhc,4-letters,4,taken,2026-09-21T19:39:36.263Z
czle,4-letters,4,taken,2026-09-21T19:39:36.263Z
xyjo,4-letters,4,taken,2026-09-21T19:39:36.263Z
ashc,4-letters,4,taken,2026-09-21T19:39:36.263Z
cbof,4-letters,4,taken,2026-09-21T19:39:36.263Z
prsb,4-letters,4,taken,2026-09-21T19:39:36.263Z
mtlz,4-letters,4,taken,2026-09-21T19:39:36.263Z
ajmr,4-letters,4,taken,2026-09-21T19:39:36.263Z
xzpl,4-letters,4,taken,2026-09-21T19:39:36.263Z
jclx,4-letters,4,taken,2026-09-21T19:39:36.263Z
hrjt,4-letters,4,taken,2026-09-21T19:39:36.263Z
yihj,4-letters,4,taken,2026-09-21T19:39:36.263Z
ddou,4-letters,4,taken,2026-09-21T19:39:36.263Z
qupx,4-letters,4,taken,2026-09-21T19:39:36.263Z
knkm,4-letters,4,taken,2026-09-21T19:39:36.263Z
vbqm,4-letters,4,taken,2026-09-21T19:39:36.263Z
urhr,4-letters,4,taken,2026-09-21T19:39:36.263Z
rooe,4-letters,4,taken,2026-09-21T19:39:36.263Z
xpct,4-letters,4,taken,2026-09-21T19:39:36.263Z
wdfw,4-letters,4,taken,2026-09-21T19:39:36.263Z
olzw,4-letters,4,taken,2026-09-21T19:39:36.263Z
mpxx,4-letters,4,taken,2026-09-21T19:39:36.263Z
moog,4-letters,4,taken,2026-09-21T19:39:36.263Z
fepb,4-letters,4,taken,2026-09-21T19:39:36.263Z
hhkk,4-letters,4,taken,2026-09-21T19:39:36.263Z
rqys,4-letters,4,taken,2026-09-21T19:39:36.263Z
woec,4-letters,4,taken,2026-09-21T19:39:36.263Z
izme,4-letters,4,taken,2026-09-21T19:39:36.263Z
kife,4-letters,4,taken,2026-09-21T19:39:36.263Z
athy,4-letters,4,taken,2026-09-21T19:39:36.263Z
rexp,4-letters,4,taken,2026-09-21T19:39:36.263Z
yezy,4-letters,4,taken,2026-09-21T19:39:36.263Z
kxrx,4-letters,4,taken,2026-09-21T19:39:36.263Z
tluh,4-letters,4,taken,2026-09-21T19:39:36.263Z
fgdm,4-letters,4,taken,2026-09-21T19:39:36.263Z
yxvp,4-letters,4,taken,2026-09-21T19:39:36.263Z
hqcx,4-letters,4,taken,2026-09-21T19:39:36.263Z
uibb,4-letters,4,taken,2026-09-21T19:39:36.263Z
qwnp,4-letters,4,taken,2026-09-21T19:39:36.263Z
zeuc,4-letters,4,taken,2026-09-21T19:39:36.263Z
fegv,4-letters,4,taken,2026-09-21T19:39:36.263Z
jvqw,4-letters,4,taken,2026-09-21T19:39:36.263Z
czvl,4-letters,4,taken,2026-09-21T19:39:36.263Z
vjla,4-letters,4,taken,2026-09-21T19:39:36.263Z
thfa,4-letters,4,taken,2026-09-21T19:40:07.060Z
yenm,4-letters,4,taken,2026-09-21T19:40:07.060Z
jpiw,4-letters,4,taken,2026-09-21T19:40:07.060Z
jfej,4-letters,4,taken,2026-09-21T19:40:07.060Z
pbbp,4-letters,4,taken,2026-09-21T19:40:07.060Z
fphn,4-letters,4,taken,2026-09-21T19:40:07.060Z
cawz,4-letters,4,taken,2026-09-21T19:40:07.060Z
qjus,4-letters,4,taken,2026-09-21T19:40:07.060Z
pvmn,4-letters,4,taken,2026-09-21T19:40:07.060Z
hwrx,4-letters,4,taken,2026-09-21T19:40:07.060Z
fkwm,4-letters,4,taken,2026-09-21T19:40:07.060Z
nhzl,4-letters,4,taken,2026-09-21T19:40:07.060Z
trhh,4-letters,4,taken,2026-09-21T19:40:07.060Z
dsuk,4-letters,4,taken,2026-09-21T19:40:07.060Z
sebg,4-letters,4,taken,2026-09-21T19:40:07.060Z
zsql,4-letters,4,taken,2026-09-21T19:40:07.060Z
tdoc,4-letters,4,taken,2026-09-21T19:40:07.060Z
twqi,4-letters,4,taken,2026-09-21T19:40:07.060Z
pgld,4-letters,4,taken,2026-09-21T19:40:07.060Z
rdzi,4-letters,4,taken,2026-09-21T19:40:07.060Z
dozi,4-letters,4,taken,2026-09-21T19:40:07.060Z
fqyb,4-letters,4,taken,2026-09-21T19:40:07.060Z
qnmw,4-letters,4,taken,2026-09-21T19:40:07.060Z
crkq,4-letters,4,taken,2026-09-21T19:40:07.060Z
vzvw,4-letters,4,taken,2026-09-21T19:40:07.060Z
yoff,4-letters,4,taken,2026-09-21T19:40:07.060Z
ppcc,4-letters,4,taken,2026-09-21T19:40:07.060Z
dubu,4-letters,4,taken,2026-09-21T19:40:07.060Z
udum,4-letters,4,taken,2026-09-21T19:40:07.060Z
wmom,4-letters,4,taken,2026-09-21T19:40:07.060Z
ukbs,4-letters,4,taken,2026-09-21T19:40:07.060Z
hldd,4-letters,4,taken,2026-09-21T19:40:07.060Z
ihhs,4-letters,4,taken,2026-09-21T19:40:07.060Z
yior,4-letters,4,taken,2026-09-21T19:40:07.060Z
ujcj,4-letters,4,taken,2026-09-21T19:40:07.060Z
ckhj,4-letters,4,taken,2026-09-21T19:40:07.060Z
ujdi,4-letters,4,taken,2026-09-21T19:40:07.060Z
mjxo,4-letters,4,taken,2026-09-21T19:40:07.060Z
xbvb,4-letters,4,taken,2026-09-21T19:40:07.060Z
pywg,4-letters,4,taken,2026-09-21T19:40:07.060Z
ljuz,4-letters,4,taken,2026-09-21T19:40:07.060Z
wnfe,4-letters,4,taken,2026-09-21T19:40:07.060Z
dppf,4-letters,4,taken,2026-09-21T19:40:07.060Z
wbai,4-letters,4,taken,2026-09-21T19:40:07.060Z
tpwr,4-letters,4,taken,2026-09-21T19:40:07.060Z
sytt,4-letters,4,taken,2026-09-21T19:40:07.060Z
tddn,4-letters,4,taken,2026-09-21T19:40:07.060Z
pieu,4-letters,4,taken,2026-09-21T19:40:07.060Z
tjgl,4-letters,4,taken,2026-09-21T19:40:07.060Z
slrm,4-letters,4,taken,2026-09-21T19:40:07.060Z
hbqq,4-letters,4,taken,2026-09-21T19:40:07.060Z
tbto,4-letters,4,taken,2026-09-21T19:40:07.060Z
wzti,4-letters,4,taken,2026-09-21T19:40:07.060Z
egfs,4-letters,4,taken,2026-09-21T19:40:07.060Z
lrot,4-letters,4,taken,2026-09-21T19:40:07.060Z
qjeb,4-letters,4,taken,2026-09-21T19:40:07.060Z
dhvu,4-letters,4,taken,2026-09-21T19:40:07.060Z
alpp,4-letters,4,taken,2026-09-21T19:40:07.060Z
bdak,4-letters,4,taken,2026-09-21T19:40:07.060Z
nole,4-letters,4,taken,2026-09-21T19:40:07.060Z
wcui,4-letters,4,taken,2026-09-21T19:40:07.060Z
ocqb,4-letters,4,taken,2026-09-21T19:40:07.060Z
nuwj,4-letters,4,taken,2026-09-21T19:40:07.060Z
fycv,4-letters,4,taken,2026-09-21T19:40:07.060Z
rrtc,4-letters,4,taken,2026-09-21T19:40:07.060Z
ppot,4-letters,4,taken,2026-09-21T19:40:07.060Z
tgsg,4-letters,4,taken,2026-09-21T19:40:07.060Z
bfrz,4-letters,4,taken,2026-09-21T19:40:07.060Z
qxhc,4-letters,4,taken,2026-09-21T19:40:07.060Z
qqkw,4-letters,4,taken,2026-09-21T19:40:07.060Z
jwpg,4-letters,4,taken,2026-09-21T19:40:07.060Z
kwvs,4-letters,4,taken,2026-09-21T19:40:07.060Z
djpn,4-letters,4,taken,2026-09-21T19:40:07.060Z
niqf,4-letters,4,taken,2026-09-21T19:40:07.060Z
jdii,4-letters,4,taken,2026-09-21T19:40:07.060Z
ylwa,4-letters,4,taken,2026-09-21T19:40:07.060Z
kzrn,4-letters,4,taken,2026-09-21T19:40:07.060Z
unbh,4-letters,4,taken,2026-09-21T19:40:07.060Z
slyy,4-letters,4,taken,2026-09-21T19:40:07.060Z
qykc,4-letters,4,taken,2026-09-21T19:40:07.060Z
rpwx,4-letters,4,taken,2026-09-21T19:40:07.060Z
jlul,4-letters,4,taken,2026-09-21T19:40:07.060Z
sxcs,4-letters,4,taken,2026-09-21T19:40:07.060Z
blxm,4-letters,4,taken,2026-09-21T19:40:07.060Z
ywkd,4-letters,4,taken,2026-09-21T19:40:07.060Z
jrvy,4-letters,4,taken,2026-09-21T19:40:07.060Z
iacn,4-letters,4,taken,2026-09-21T19:40:07.060Z
ptiw,4-letters,4,taken,2026-09-21T19:40:07.060Z
jyeb,4-letters,4,taken,2026-09-21T19:40:07.060Z
zbdv,4-letters,4,taken,2026-09-21T19:40:07.060Z
bsmn,4-letters,4,taken,2026-09-21T19:40:07.060Z
puku,4-letters,4,taken,2026-09-21T19:40:07.060Z
orbu,4-letters,4,taken,2026-09-21T19:40:07.060Z
tsyd,4-letters,4,taken,2026-09-21T19:40:07.060Z
augq,4-letters,4,taken,2026-09-21T19:40:07.060Z
byih,4-letters,4,taken,2026-09-21T19:40:07.060Z
frko,4-letters,4,taken,2026-09-21T19:40:07.060Z
jnoi,4-letters,4,taken,2026-09-21T19:40:07.060Z
onws,4-letters,4,taken,2026-09-21T19:40:07.060Z
cnfa,4-letters,4,taken,2026-09-21T19:40:07.060Z
uycw,4-letters,4,taken,2026-09-21T19:40:37.717Z
posn,4-letters,4,taken,2026-09-21T19:40:37.717Z
iqhk,4-letters,4,taken,2026-09-21T19:40:37.717Z
zvmg,4-letters,4,taken,2026-09-21T19:40:37.717Z
uaok,4-letters,4,taken,2026-09-21T19:40:37.717Z
uctv,4-letters,4,taken,2026-09-21T19:40:37.717Z
xivk,4-letters,4,taken,2026-09-21T19:40:37.717Z
djca,4-letters,4,taken,2026-09-21T19:40:37.717Z
oqhl,4-letters,4,taken,2026-09-21T19:40:37.717Z
jnbm,4-letters,4,taken,2026-09-21T19:40:37.717Z
llqb,4-letters,4,taken,2026-09-21T19:40:37.717Z
usfa,4-letters,4,taken,2026-09-21T19:40:37.717Z
kxfr,4-letters,4,taken,2026-09-21T19:40:37.717Z
bkwy,4-letters,4,taken,2026-09-21T19:40:37.717Z
yaca,4-letters,4,taken,2026-09-21T19:40:37.717Z
ffpj,4-letters,4,taken,2026-09-21T19:40:37.717Z
oumr,4-letters,4,taken,2026-09-21T19:40:37.717Z
ubjy,4-letters,4,taken,2026-09-21T19:40:37.717Z
olxn,4-letters,4,taken,2026-09-21T19:40:37.717Z
fube,4-letters,4,taken,2026-09-21T19:40:37.717Z
kmnp,4-letters,4,taken,2026-09-21T19:40:37.717Z
bgbx,4-letters,4,taken,2026-09-21T19:40:37.717Z
bnqm,4-letters,4,taken,2026-09-21T19:40:37.717Z
qkfy,4-letters,4,taken,2026-09-21T19:40:37.717Z
vhjo,4-letters,4,taken,2026-09-21T19:40:37.717Z
ijih,4-letters,4,taken,2026-09-21T19:40:37.717Z
pdfg,4-letters,4,taken,2026-09-21T19:40:37.717Z
frqo,4-letters,4,taken,2026-09-21T19:40:37.717Z
dvny,4-letters,4,taken,2026-09-21T19:40:37.717Z
ezmd,4-letters,4,taken,2026-09-21T19:40:37.717Z
wqkm,4-letters,4,taken,2026-09-21T19:40:37.717Z
frsh,4-letters,4,taken,2026-09-21T19:40:37.717Z
pysf,4-letters,4,taken,2026-09-21T19:40:37.717Z
jayp,4-letters,4,taken,2026-09-21T19:40:37.717Z
wuvj,4-letters,4,taken,2026-09-21T19:40:37.717Z
ijow,4-letters,4,taken,2026-09-21T19:40:37.717Z
hvvk,4-letters,4,taken,2026-09-21T19:40:37.717Z
kqat,4-letters,4,taken,2026-09-21T19:40:37.717Z
soug,4-letters,4,taken,2026-09-21T19:40:37.717Z
ggtu,4-letters,4,taken,2026-09-21T19:40:37.717Z
vehv,4-letters,4,taken,2026-09-21T19:40:37.717Z
pcwy,4-letters,4,taken,2026-09-21T19:40:37.717Z
enhe,4-letters,4,taken,2026-09-21T19:40:37.717Z
snwa,4-letters,4,taken,2026-09-21T19:40:37.717Z
sclx,4-letters,4,taken,2026-09-21T19:40:37.717Z
kuxf,4-letters,4,taken,2026-09-21T19:40:37.717Z
ueyv,4-letters,4,taken,2026-09-21T19:40:37.717Z
xsfn,4-letters,4,taken,2026-09-21T19:40:37.717Z
vucz,4-letters,4,taken,2026-09-21T19:40:37.717Z
hxks,4-letters,4,taken,2026-09-21T19:40:37.717Z
vmjf,4-letters,4,taken,2026-09-21T19:40:37.717Z
ddax,4-letters,4,taken,2026-09-21T19:40:37.717Z
oyaw,4-letters,4,taken,2026-09-21T19:40:37.717Z
emxo,4-letters,4,taken,2026-09-21T19:40:37.717Z
gycx,4-letters,4,taken,2026-09-21T19:40:37.717Z
qxai,4-letters,4,taken,2026-09-21T19:40:37.717Z
ebqq,4-letters,4,taken,2026-09-21T19:40:37.717Z
popd,4-letters,4,taken,2026-09-21T19:40:37.717Z
dsbw,4-letters,4,taken,2026-09-21T19:40:37.717Z
zgbi,4-letters,4,taken,2026-09-21T19:40:37.717Z
psqo,4-letters,4,taken,2026-09-21T19:40:37.717Z
bjwn,4-letters,4,taken,2026-09-21T19:40:37.717Z
hvok,4-letters,4,taken,2026-09-21T19:40:37.717Z
fqpo,4-letters,4,taken,2026-09-21T19:40:37.717Z
zche,4-letters,4,taken,2026-09-21T19:40:37.717Z
ttpa,4-letters,4,taken,2026-09-21T19:40:37.717Z
trtj,4-letters,4,taken,2026-09-21T19:40:37.717Z
blpz,4-letters,4,taken,2026-09-21T19:40:37.717Z
qfxb,4-letters,4,taken,2026-09-21T19:40:37.717Z
zfbc,4-letters,4,taken,2026-09-21T19:40:37.717Z
tsod,4-letters,4,taken,2026-09-21T19:40:37.717Z
mruy,4-letters,4,taken,2026-09-21T19:40:37.717Z
weph,4-letters,4,taken,2026-09-21T19:40:37.717Z
yrlq,4-letters,4,taken,2026-09-21T19:40:37.717Z
cysl,4-letters,4,taken,2026-09-21T19:40:37.717Z
qdkf,4-letters,4,taken,2026-09-21T19:40:37.717Z
vtwp,4-letters,4,taken,2026-09-21T19:40:37.717Z
qebk,4-letters,4,taken,2026-09-21T19:40:37.717Z
dabp,4-letters,4,taken,2026-09-21T19:40:37.717Z
mvfg,4-letters,4,taken,2026-09-21T19:40:37.717Z
iatm,4-letters,4,taken,2026-09-21T19:40:37.717Z
gjks,4-letters,4,taken,2026-09-21T19:40:37.717Z
wbiy,4-letters,4,taken,2026-09-21T19:40:37.717Z
oupf,4-letters,4,taken,2026-09-21T19:40:37.717Z
ucfl,4-letters,4,taken,2026-09-21T19:40:37.717Z
sgzu,4-letters,4,taken,2026-09-21T19:40:37.717Z
tuqq,4-letters,4,taken,2026-09-21T19:40:37.717Z
bnhn,4-letters,4,taken,2026-09-21T19:40:37.717Z
phcg,4-letters,4,taken,2026-09-21T19:40:37.717Z
fitd,4-letters,4,taken,2026-09-21T19:40:37.717Z
nhgd,4-letters,4,taken,2026-09-21T19:40:37.717Z
ywcq,4-letters,4,taken,2026-09-21T19:40:37.717Z
iibq,4-letters,4,taken,2026-09-21T19:40:37.717Z
otjb,4-letters,4,taken,2026-09-21T19:40:37.717Z
edef,4-letters,4,taken,2026-09-21T19:40:37.717Z
elhc,4-letters,4,taken,2026-09-21T19:40:37.717Z
pvfk,4-letters,4,taken,2026-09-21T19:40:37.717Z
vrza,4-letters,4,taken,2026-09-21T19:40:37.717Z
kzaf,4-letters,4,taken,2026-09-21T19:40:37.717Z
avah,4-letters,4,taken,2026-09-21T19:40:37.717Z
uzwh,4-letters,4,taken,2026-09-21T19:41:08.419Z
mvfz,4-letters,4,taken,2026-09-21T19:41:08.419Z
wzar,4-letters,4,taken,2026-09-21T19:41:08.419Z
pqoi,4-letters,4,taken,2026-09-21T19:41:08.419Z
raru,4-letters,4,taken,2026-09-21T19:41:08.419Z
rana,4-letters,4,taken,2026-09-21T19:41:08.419Z
jpyu,4-letters,4,taken,2026-09-21T19:41:08.419Z
lgdi,4-letters,4,taken,2026-09-21T19:41:08.419Z
dmfy,4-letters,4,taken,2026-09-21T19:41:08.419Z
gzot,4-letters,4,taken,2026-09-21T19:41:08.419Z
xotd,4-letters,4,taken,2026-09-21T19:41:08.419Z
dwwq,4-letters,4,taken,2026-09-21T19:41:08.419Z
mwkv,4-letters,4,taken,2026-09-21T19:41:08.419Z
jcdc,4-letters,4,taken,2026-09-21T19:41:08.419Z
amxj,4-letters,4,taken,2026-09-21T19:41:08.419Z
zcmi,4-letters,4,taken,2026-09-21T19:41:08.419Z
yqqz,4-letters,4,taken,2026-09-21T19:41:08.419Z
jgok,4-letters,4,taken,2026-09-21T19:41:08.419Z
vfix,4-letters,4,taken,2026-09-21T19:41:08.419Z
stlo,4-letters,4,taken,2026-09-21T19:41:08.419Z
vnbr,4-letters,4,taken,2026-09-21T19:41:08.419Z
cxdd,4-letters,4,taken,2026-09-21T19:41:08.419Z
vhpu,4-letters,4,taken,2026-09-21T19:41:08.419Z
xvai,4-letters,4,taken,2026-09-21T19:41:08.419Z
vjje,4-letters,4,taken,2026-09-21T19:41:08.419Z
litj,4-letters,4,taken,2026-09-21T19:41:08.419Z
gmri,4-letters,4,taken,2026-09-21T19:41:08.419Z
gjgp,4-letters,4,taken,2026-09-21T19:41:08.419Z
hgmo,4-letters,4,taken,2026-09-21T19:41:08.419Z
krxq,4-letters,4,taken,2026-09-21T19:41:08.419Z
itrj,4-letters,4,taken,2026-09-21T19:41:08.419Z
oonj,4-letters,4,taken,2026-09-21T19:41:08.419Z
rewr,4-letters,4,taken,2026-09-21T19:41:08.419Z
wamb,4-letters,4,taken,2026-09-21T19:41:08.419Z
fhwd,4-letters,4,taken,2026-09-21T19:41:08.419Z
dpqw,4-letters,4,taken,2026-09-21T19:41:08.419Z
bopr,4-letters,4,taken,2026-09-21T19:41:08.419Z
sias,4-letters,4,taken,2026-09-21T19:41:08.419Z
lswk,4-letters,4,taken,2026-09-21T19:41:08.419Z
fydw,4-letters,4,taken,2026-09-21T19:41:08.419Z
hwlk,4-letters,4,taken,2026-09-21T19:41:08.419Z
btnp,4-letters,4,taken,2026-09-21T19:41:08.419Z
uong,4-letters,4,taken,2026-09-21T19:41:08.419Z
ehqj,4-letters,4,taken,2026-09-21T19:41:08.419Z
qyax,4-letters,4,taken,2026-09-21T19:41:08.419Z
jfki,4-letters,4,taken,2026-09-21T19:41:08.419Z
kwfy,4-letters,4,taken,2026-09-21T19:41:08.419Z
funs,4-letters,4,taken,2026-09-21T19:41:08.419Z
uegm,4-letters,4,taken,2026-09-21T19:41:08.419Z
rmof,4-letters,4,taken,2026-09-21T19:41:08.419Z
iizr,4-letters,4,taken,2026-09-21T19:41:08.419Z
tivt,4-letters,4,taken,2026-09-21T19:41:08.419Z
opao,4-letters,4,taken,2026-09-21T19:41:08.419Z
vtse,4-letters,4,taken,2026-09-21T19:41:08.419Z
nout,4-letters,4,taken,2026-09-21T19:41:08.419Z
xztv,4-letters,4,taken,2026-09-21T19:41:08.419Z
fzkk,4-letters,4,taken,2026-09-21T19:41:08.419Z
qwqc,4-letters,4,taken,2026-09-21T19:41:08.419Z
rkxu,4-letters,4,taken,2026-09-21T19:41:08.419Z
puue,4-letters,4,taken,2026-09-21T19:41:08.419Z
pmso,4-letters,4,taken,2026-09-21T19:41:08.419Z
rlse,4-letters,4,taken,2026-09-21T19:41:08.419Z
brkk,4-letters,4,taken,2026-09-21T19:41:08.419Z
nzmw,4-letters,4,taken,2026-09-21T19:41:08.419Z
zqky,4-letters,4,taken,2026-09-21T19:41:08.419Z
fboi,4-letters,4,taken,2026-09-21T19:41:08.419Z
hivp,4-letters,4,taken,2026-09-21T19:41:08.419Z
xwse,4-letters,4,taken,2026-09-21T19:41:08.419Z
kixo,4-letters,4,taken,2026-09-21T19:41:08.419Z
ddsp,4-letters,4,taken,2026-09-21T19:41:08.419Z
fhlm,4-letters,4,taken,2026-09-21T19:41:08.419Z
hnzt,4-letters,4,taken,2026-09-21T19:41:08.419Z
yxzy,4-letters,4,taken,2026-09-21T19:41:08.419Z
nulx,4-letters,4,taken,2026-09-21T19:41:08.419Z
tknd,4-letters,4,taken,2026-09-21T19:41:08.419Z
wuwt,4-letters,4,taken,2026-09-21T19:41:08.419Z
dujn,4-letters,4,taken,2026-09-21T19:41:08.419Z
ysli,4-letters,4,taken,2026-09-21T19:41:08.419Z
luaw,4-letters,4,taken,2026-09-21T19:41:08.419Z
cjda,4-letters,4,taken,2026-09-21T19:41:08.419Z
ldnr,4-letters,4,taken,2026-09-21T19:41:08.419Z
pkwx,4-letters,4,taken,2026-09-21T19:41:08.419Z
btxg,4-letters,4,taken,2026-09-21T19:41:08.419Z
hegv,4-letters,4,taken,2026-09-21T19:41:08.419Z
zlum,4-letters,4,taken,2026-09-21T19:41:08.419Z
drhs,4-letters,4,taken,2026-09-21T19:41:08.419Z
okcn,4-letters,4,taken,2026-09-21T19:41:08.419Z
hxnu,4-letters,4,taken,2026-09-21T19:41:08.419Z
vukp,4-letters,4,taken,2026-09-21T19:41:08.419Z
pzoq,4-letters,4,taken,2026-09-21T19:41:08.419Z
xaeq,4-letters,4,taken,2026-09-21T19:41:08.419Z
tiij,4-letters,4,taken,2026-09-21T19:41:08.419Z
irbb,4-letters,4,taken,2026-09-21T19:41:08.419Z
jqbm,4-letters,4,taken,2026-09-21T19:41:08.419Z
oxll,4-letters,4,taken,2026-09-21T19:41:08.419Z
dvwt,4-letters,4,taken,2026-09-21T19:41:08.419Z
seot,4-letters,4,taken,2026-09-21T19:41:08.419Z
uacn,4-letters,4,taken,2026-09-21T19:41:08.419Z
cjsw,4-letters,4,taken,2026-09-21T19:41:08.419Z
ibvw,4-letters,4,taken,2026-09-21T19:41:08.419Z
wqdm,4-letters,4,taken,2026-09-21T19:41:39.104Z
jatc,4-letters,4,taken,2026-09-21T19:41:39.104Z
bgmi,4-letters,4,taken,2026-09-21T19:41:39.104Z
hbar,4-letters,4,taken,2026-09-21T19:41:39.104Z
htzo,4-letters,4,taken,2026-09-21T19:41:39.104Z
omkb,4-letters,4,taken,2026-09-21T19:41:39.104Z
gaxd,4-letters,4,taken,2026-09-21T19:41:39.104Z
rkrn,4-letters,4,taken,2026-09-21T19:41:39.104Z
lxvf,4-letters,4,taken,2026-09-21T19:41:39.104Z
gyum,4-letters,4,taken,2026-09-21T19:41:39.104Z
apxc,4-letters,4,taken,2026-09-21T19:41:39.104Z
wtoi,4-letters,4,taken,2026-09-21T19:41:39.104Z
uuea,4-letters,4,taken,2026-09-21T19:41:39.104Z
frqx,4-letters,4,taken,2026-09-21T19:41:39.104Z
ydhj,4-letters,4,taken,2026-09-21T19:41:39.104Z
mrds,4-letters,4,taken,2026-09-21T19:41:39.104Z
jdoj,4-letters,4,taken,2026-09-21T19:41:39.104Z
dwlg,4-letters,4,taken,2026-09-21T19:41:39.104Z
xrfq,4-letters,4,taken,2026-09-21T19:41:39.104Z
hens,4-letters,4,taken,2026-09-21T19:41:39.104Z
kvad,4-letters,4,taken,2026-09-21T19:41:39.104Z
wjfa,4-letters,4,taken,2026-09-21T19:41:39.104Z
mmaf,4-letters,4,taken,2026-09-21T19:41:39.104Z
kkln,4-letters,4,taken,2026-09-21T19:41:39.104Z
zsoe,4-letters,4,taken,2026-09-21T19:41:39.104Z
laja,4-letters,4,taken,2026-09-21T19:41:39.104Z
fqjl,4-letters,4,taken,2026-09-21T19:41:39.104Z
kpmd,4-letters,4,taken,2026-09-21T19:41:39.104Z
cywa,4-letters,4,taken,2026-09-21T19:41:39.104Z
yoce,4-letters,4,taken,2026-09-21T19:41:39.104Z
iqgc,4-letters,4,taken,2026-09-21T19:41:39.104Z
vbye,4-letters,4,taken,2026-09-21T19:41:39.104Z
gkks,4-letters,4,taken,2026-09-21T19:41:39.104Z
stjb,4-letters,4,taken,2026-09-21T19:41:39.104Z
eevh,4-letters,4,taken,2026-09-21T19:41:39.104Z
ydqq,4-letters,4,taken,2026-09-21T19:41:39.104Z
fhrf,4-letters,4,taken,2026-09-21T19:41:39.104Z
zjws,4-letters,4,taken,2026-09-21T19:41:39.104Z
qdci,4-letters,4,taken,2026-09-21T19:41:39.104Z
ijyx,4-letters,4,taken,2026-09-21T19:41:39.104Z
gkro,4-letters,4,taken,2026-09-21T19:41:39.104Z
ssty,4-letters,4,taken,2026-09-21T19:41:39.104Z
qeau,4-letters,4,taken,2026-09-21T19:41:39.104Z
pkbj,4-letters,4,taken,2026-09-21T19:41:39.104Z
pooq,4-letters,4,taken,2026-09-21T19:41:39.104Z
fwwa,4-letters,4,taken,2026-09-21T19:41:39.104Z
uhky,4-letters,4,taken,2026-09-21T19:41:39.104Z
sfca,4-letters,4,taken,2026-09-21T19:41:39.104Z
ufzh,4-letters,4,taken,2026-09-21T19:41:39.104Z
qhqo,4-letters,4,taken,2026-09-21T19:41:39.104Z
iqpp,4-letters,4,taken,2026-09-21T19:41:39.104Z
ofru,4-letters,4,taken,2026-09-21T19:41:39.104Z
epxb,4-letters,4,taken,2026-09-21T19:41:39.104Z
xxhy,4-letters,4,taken,2026-09-21T19:41:39.104Z
oree,4-letters,4,taken,2026-09-21T19:41:39.104Z
wuzj,4-letters,4,taken,2026-09-21T19:41:39.104Z
msdh,4-letters,4,taken,2026-09-21T19:41:39.104Z
tbct,4-letters,4,taken,2026-09-21T19:41:39.104Z
hepx,4-letters,4,taken,2026-09-21T19:41:39.104Z
zsxi,4-letters,4,taken,2026-09-21T19:41:39.104Z
xdvf,4-letters,4,taken,2026-09-21T19:41:39.104Z
dbqg,4-letters,4,taken,2026-09-21T19:41:39.104Z
bcmh,4-letters,4,taken,2026-09-21T19:41:39.104Z
slbd,4-letters,4,taken,2026-09-21T19:41:39.104Z
jutj,4-letters,4,taken,2026-09-21T19:41:39.104Z
lwst,4-letters,4,taken,2026-09-21T19:41:39.104Z
xggv,4-letters,4,taken,2026-09-21T19:41:39.104Z
gpsn,4-letters,4,taken,2026-09-21T19:41:39.104Z
nzeh,4-letters,4,taken,2026-09-21T19:41:39.104Z
xevn,4-letters,4,taken,2026-09-21T19:41:39.104Z
ffhd,4-letters,4,taken,2026-09-21T19:41:39.104Z
gtqt,4-letters,4,taken,2026-09-21T19:41:39.104Z
hmqh,4-letters,4,taken,2026-09-21T19:41:39.104Z
tpxm,4-letters,4,taken,2026-09-21T19:41:39.104Z
snkz,4-letters,4,taken,2026-09-21T19:41:39.104Z
pvcn,4-letters,4,taken,2026-09-21T19:41:39.104Z
zhzf,4-letters,4,taken,2026-09-21T19:41:39.104Z
pnvo,4-letters,4,taken,2026-09-21T19:41:39.104Z
gvww,4-letters,4,taken,2026-09-21T19:41:39.104Z
qxco,4-letters,4,taken,2026-09-21T19:41:39.104Z
iclx,4-letters,4,taken,2026-09-21T19:41:39.104Z
xknz,4-letters,4,taken,2026-09-21T19:41:39.104Z
fjsf,4-letters,4,taken,2026-09-21T19:41:39.104Z
iqdf,4-letters,4,taken,2026-09-21T19:41:39.104Z
sshp,4-letters,4,taken,2026-09-21T19:41:39.104Z
unxm,4-letters,4,taken,2026-09-21T19:41:39.104Z
hynl,4-letters,4,taken,2026-09-21T19:41:39.104Z
crpb,4-letters,4,taken,2026-09-21T19:41:39.104Z
mcxf,4-letters,4,taken,2026-09-21T19:41:39.104Z
dkmm,4-letters,4,taken,2026-09-21T19:41:39.104Z
wlgf,4-letters,4,taken,2026-09-21T19:41:39.104Z
mpqd,4-letters,4,taken,2026-09-21T19:41:39.104Z
wsqa,4-letters,4,taken,2026-09-21T19:41:39.104Z
qrkk,4-letters,4,taken,2026-09-21T19:41:39.104Z
xpmy,4-letters,4,taken,2026-09-21T19:41:39.104Z
jszu,4-letters,4,taken,2026-09-21T19:41:39.104Z
pilw,4-letters,4,taken,2026-09-21T19:41:39.104Z
fnku,4-letters,4,taken,2026-09-21T19:41:39.104Z
bkqp,4-letters,4,taken,2026-09-21T19:41:39.104Z
beki,4-letters,4,taken,2026-09-21T19:41:39.104Z
vjdd,4-letters,4,taken,2026-09-21T19:42:09.790Z
tizc,4-letters,4,taken,2026-09-21T19:42:09.790Z
brnc,4-letters,4,taken,2026-09-21T19:42:09.790Z
ymnc,4-letters,4,taken,2026-09-21T19:42:09.790Z
bsjy,4-letters,4,taken,2026-09-21T19:42:09.790Z
yawz,4-letters,4,taken,2026-09-21T19:42:09.790Z
wfqw,4-letters,4,taken,2026-09-21T19:42:09.790Z
cemz,4-letters,4,taken,2026-09-21T19:42:09.790Z
unjr,4-letters,4,taken,2026-09-21T19:42:09.790Z
ozxj,4-letters,4,taken,2026-09-21T19:42:09.790Z
xasy,4-letters,4,taken,2026-09-21T19:42:09.790Z
htfo,4-letters,4,taken,2026-09-21T19:42:09.790Z
upvi,4-letters,4,taken,2026-09-21T19:42:09.790Z
srmr,4-letters,4,taken,2026-09-21T19:42:09.790Z
jbuv,4-letters,4,taken,2026-09-21T19:42:09.790Z
kalp,4-letters,4,taken,2026-09-21T19:42:09.790Z
hewl,4-letters,4,taken,2026-09-21T19:42:09.790Z
yahy,4-letters,4,taken,2026-09-21T19:42:09.790Z
kfum,4-letters,4,taken,2026-09-21T19:42:09.790Z
plvx,4-letters,4,taken,2026-09-21T19:42:09.790Z
khsk,4-letters,4,taken,2026-09-21T19:42:09.790Z
lzgt,4-letters,4,taken,2026-09-21T19:42:09.790Z
avle,4-letters,4,taken,2026-09-21T19:42:09.790Z
vrkd,4-letters,4,taken,2026-09-21T19:42:09.790Z
ocfa,4-letters,4,taken,2026-09-21T19:42:09.790Z
iskv,4-letters,4,taken,2026-09-21T19:42:09.790Z
pury,4-letters,4,taken,2026-09-21T19:42:09.790Z
mgbf,4-letters,4,taken,2026-09-21T19:42:09.790Z
gaji,4-letters,4,taken,2026-09-21T19:42:09.790Z
aros,4-letters,4,taken,2026-09-21T19:42:09.790Z
wzso,4-letters,4,taken,2026-09-21T19:42:09.790Z
bmjj,4-letters,4,taken,2026-09-21T19:42:09.790Z
wjxm,4-letters,4,taken,2026-09-21T19:42:09.790Z
dedz,4-letters,4,taken,2026-09-21T19:42:09.790Z
ikic,4-letters,4,taken,2026-09-21T19:42:09.790Z
ceev,4-letters,4,taken,2026-09-21T19:42:09.790Z
wqrj,4-letters,4,taken,2026-09-21T19:42:09.790Z
ooeg,4-letters,4,taken,2026-09-21T19:42:09.790Z
zuzm,4-letters,4,taken,2026-09-21T19:42:09.790Z
leie,4-letters,4,taken,2026-09-21T19:42:09.790Z
qtfz,4-letters,4,taken,2026-09-21T19:42:09.790Z
bcbo,4-letters,4,taken,2026-09-21T19:42:09.790Z
pesk,4-letters,4,taken,2026-09-21T19:42:09.790Z
txzh,4-letters,4,taken,2026-09-21T19:42:09.790Z
rniq,4-letters,4,taken,2026-09-21T19:42:09.790Z
hmtu,4-letters,4,taken,2026-09-21T19:42:09.790Z
jycn,4-letters,4,taken,2026-09-21T19:42:09.790Z
xgbr,4-letters,4,taken,2026-09-21T19:42:09.790Z
otsu,4-letters,4,taken,2026-09-21T19:42:09.790Z
cpzh,4-letters,4,taken,2026-09-21T19:42:09.790Z
siwh,4-letters,4,taken,2026-09-21T19:42:09.790Z
oifn,4-letters,4,taken,2026-09-21T19:42:09.790Z
ddfw,4-letters,4,taken,2026-09-21T19:42:09.790Z
ibiv,4-letters,4,taken,2026-09-21T19:42:09.790Z
fkgq,4-letters,4,taken,2026-09-21T19:42:09.790Z
cpfs,4-letters,4,taken,2026-09-21T19:42:09.790Z
hapl,4-letters,4,taken,2026-09-21T19:42:09.790Z
rtcw,4-letters,4,taken,2026-09-21T19:42:09.790Z
mrmm,4-letters,4,taken,2026-09-21T19:42:09.790Z
upzw,4-letters,4,taken,2026-09-21T19:42:09.790Z
rflo,4-letters,4,taken,2026-09-21T19:42:09.790Z
ndax,4-letters,4,taken,2026-09-21T19:42:09.790Z
eptl,4-letters,4,taken,2026-09-21T19:42:09.790Z
blgv,4-letters,4,taken,2026-09-21T19:42:09.790Z
rwwv,4-letters,4,taken,2026-09-21T19:42:09.790Z
mopk,4-letters,4,taken,2026-09-21T19:42:09.790Z
mxxc,4-letters,4,taken,2026-09-21T19:42:09.790Z
kfxb,4-letters,4,taken,2026-09-21T19:42:09.790Z
ensz,4-letters,4,taken,2026-09-21T19:42:09.790Z
mrjf,4-letters,4,taken,2026-09-21T19:42:09.790Z
vykg,4-letters,4,taken,2026-09-21T19:42:09.790Z
fdcv,4-letters,4,taken,2026-09-21T19:42:09.790Z
eawj,4-letters,4,taken,2026-09-21T19:42:09.790Z
odbu,4-letters,4,taken,2026-09-21T19:42:09.790Z
cqlb,4-letters,4,taken,2026-09-21T19:42:09.790Z
sdrw,4-letters,4,taken,2026-09-21T19:42:09.790Z
iymm,4-letters,4,taken,2026-09-21T19:42:09.790Z
tyqt,4-letters,4,taken,2026-09-21T19:42:09.790Z
nico,4-letters,4,taken,2026-09-21T19:42:09.790Z
oofp,4-letters,4,taken,2026-09-21T19:42:09.790Z
ptim,4-letters,4,taken,2026-09-21T19:42:09.790Z
kltf,4-letters,4,taken,2026-09-21T19:42:09.790Z
bhuh,4-letters,4,taken,2026-09-21T19:42:09.790Z
pjwf,4-letters,4,taken,2026-09-21T19:42:09.790Z
upwp,4-letters,4,taken,2026-09-21T19:42:09.790Z
uala,4-letters,4,taken,2026-09-21T19:42:09.790Z
jnid,4-letters,4,taken,2026-09-21T19:42:09.790Z
kgyu,4-letters,4,taken,2026-09-21T19:42:09.790Z
dicf,4-letters,4,taken,2026-09-21T19:42:09.790Z
gjsa,4-letters,4,taken,2026-09-21T19:42:09.790Z
jrng,4-letters,4,taken,2026-09-21T19:42:09.790Z
rqik,4-letters,4,taken,2026-09-21T19:42:09.790Z
njet,4-letters,4,taken,2026-09-21T19:42:09.790Z
txkv,4-letters,4,taken,2026-09-21T19:42:09.790Z
ickh,4-letters,4,taken,2026-09-21T19:42:09.790Z
xtft,4-letters,4,taken,2026-09-21T19:42:09.790Z
wcai,4-letters,4,taken,2026-09-21T19:42:09.790Z
etzr,4-letters,4,taken,2026-09-21T19:42:09.790Z
iweb,4-letters,4,taken,2026-09-21T19:42:09.790Z
ctfx,4-letters,4,taken,2026-09-21T19:42:09.790Z
xeux,4-letters,4,taken,2026-09-21T19:42:40.541Z
fnxd,4-letters,4,taken,2026-09-21T19:42:40.541Z
ufzy,4-letters,4,taken,2026-09-21T19:42:40.541Z
ggfk,4-letters,4,taken,2026-09-21T19:42:40.541Z
ovgd,4-letters,4,taken,2026-09-21T19:42:40.541Z
bbrt,4-letters,4,taken,2026-09-21T19:42:40.541Z
ixrb,4-letters,4,taken,2026-09-21T19:42:40.541Z
taoa,4-letters,4,taken,2026-09-21T19:42:40.541Z
eydg,4-letters,4,taken,2026-09-21T19:42:40.541Z
yoxt,4-letters,4,taken,2026-09-21T19:42:40.541Z
kprw,4-letters,4,taken,2026-09-21T19:42:40.541Z
mgob,4-letters,4,taken,2026-09-21T19:42:40.541Z
iwgo,4-letters,4,taken,2026-09-21T19:42:40.541Z
vreq,4-letters,4,taken,2026-09-21T19:42:40.541Z
zvod,4-letters,4,taken,2026-09-21T19:42:40.541Z
cvpm,4-letters,4,taken,2026-09-21T19:42:40.541Z
srhd,4-letters,4,taken,2026-09-21T19:42:40.541Z
sfzy,4-letters,4,taken,2026-09-21T19:42:40.541Z
mtkb,4-letters,4,taken,2026-09-21T19:42:40.541Z
iulm,4-letters,4,taken,2026-09-21T19:42:40.541Z
mbcv,4-letters,4,taken,2026-09-21T19:42:40.541Z
baom,4-letters,4,taken,2026-09-21T19:42:40.541Z
hesj,4-letters,4,taken,2026-09-21T19:42:40.541Z
gtdt,4-letters,4,taken,2026-09-21T19:42:40.541Z
ozlj,4-letters,4,taken,2026-09-21T19:42:40.541Z
kvpk,4-letters,4,taken,2026-09-21T19:42:40.541Z
ammq,4-letters,4,taken,2026-09-21T19:42:40.541Z
znwa,4-letters,4,taken,2026-09-21T19:42:40.541Z
uhfx,4-letters,4,taken,2026-09-21T19:42:40.541Z
wmfc,4-letters,4,taken,2026-09-21T19:42:40.541Z
zcjp,4-letters,4,taken,2026-09-21T19:42:40.541Z
tvhc,4-letters,4,taken,2026-09-21T19:42:40.541Z
wrom,4-letters,4,taken,2026-09-21T19:42:40.541Z
whlh,4-letters,4,taken,2026-09-21T19:42:40.541Z
cfby,4-letters,4,taken,2026-09-21T19:42:40.541Z
hzpr,4-letters,4,taken,2026-09-21T19:42:40.541Z
rdta,4-letters,4,taken,2026-09-21T19:42:40.541Z
ywxk,4-letters,4,taken,2026-09-21T19:42:40.541Z
fhul,4-letters,4,taken,2026-09-21T19:42:40.541Z
aiau,4-letters,4,taken,2026-09-21T19:42:40.541Z
qnpx,4-letters,4,taken,2026-09-21T19:42:40.541Z
xeqf,4-letters,4,taken,2026-09-21T19:42:40.541Z
hktp,4-letters,4,taken,2026-09-21T19:42:40.541Z
jtcf,4-letters,4,taken,2026-09-21T19:42:40.541Z
ybtn,4-letters,4,taken,2026-09-21T19:42:40.541Z
gtuc,4-letters,4,taken,2026-09-21T19:42:40.541Z
aple,4-letters,4,taken,2026-09-21T19:42:40.541Z
rdud,4-letters,4,taken,2026-09-21T19:42:40.541Z
mlsc,4-letters,4,taken,2026-09-21T19:42:40.541Z
kmcc,4-letters,4,taken,2026-09-21T19:42:40.541Z
difv,4-letters,4,taken,2026-09-21T19:42:40.541Z
onts,4-letters,4,taken,2026-09-21T19:42:40.541Z
picu,4-letters,4,taken,2026-09-21T19:42:40.541Z
qbpy,4-letters,4,taken,2026-09-21T19:42:40.541Z
uosj,4-letters,4,taken,2026-09-21T19:42:40.541Z
vmie,4-letters,4,taken,2026-09-21T19:42:40.541Z
xhps,4-letters,4,taken,2026-09-21T19:42:40.541Z
uhrs,4-letters,4,taken,2026-09-21T19:42:40.541Z
dliv,4-letters,4,taken,2026-09-21T19:42:40.541Z
fkhc,4-letters,4,taken,2026-09-21T19:42:40.541Z
xzhf,4-letters,4,taken,2026-09-21T19:42:40.541Z
ohac,4-letters,4,taken,2026-09-21T19:42:40.541Z
zvib,4-letters,4,taken,2026-09-21T19:42:40.541Z
qfub,4-letters,4,taken,2026-09-21T19:42:40.541Z
hqlk,4-letters,4,taken,2026-09-21T19:42:40.541Z
xost,4-letters,4,taken,2026-09-21T19:42:40.541Z
tmhc,4-letters,4,taken,2026-09-21T19:42:40.541Z
sxyw,4-letters,4,taken,2026-09-21T19:42:40.541Z
muej,4-letters,4,taken,2026-09-21T19:42:40.541Z
zqcl,4-letters,4,taken,2026-09-21T19:42:40.541Z
ghvt,4-letters,4,taken,2026-09-21T19:42:40.541Z
yzlu,4-letters,4,taken,2026-09-21T19:42:40.541Z
dzoo,4-letters,4,taken,2026-09-21T19:42:40.541Z
khzs,4-letters,4,taken,2026-09-21T19:42:40.541Z
qvrl,4-letters,4,taken,2026-09-21T19:42:40.541Z
sjgy,4-letters,4,taken,2026-09-21T19:42:40.541Z
rool,4-letters,4,taken,2026-09-21T19:42:40.541Z
nssd,4-letters,4,taken,2026-09-21T19:42:40.541Z
agyg,4-letters,4,taken,2026-09-21T19:42:40.541Z
kskk,4-letters,4,taken,2026-09-21T19:42:40.541Z
cwqn,4-letters,4,taken,2026-09-21T19:42:40.541Z
lpje,4-letters,4,taken,2026-09-21T19:42:40.541Z
jera,4-letters,4,taken,2026-09-21T19:42:40.541Z
bqeo,4-letters,4,taken,2026-09-21T19:42:40.541Z
svsi,4-letters,4,taken,2026-09-21T19:42:40.541Z
fcsm,4-letters,4,taken,2026-09-21T19:42:40.541Z
svfj,4-letters,4,taken,2026-09-21T19:42:40.541Z
kcoe,4-letters,4,taken,2026-09-21T19:42:40.541Z
wdni,4-letters,4,taken,2026-09-21T19:42:40.541Z
zgzf,4-letters,4,taken,2026-09-21T19:42:40.541Z
irat,4-letters,4,taken,2026-09-21T19:42:40.541Z
xpqd,4-letters,4,taken,2026-09-21T19:42:40.541Z
pfkv,4-letters,4,taken,2026-09-21T19:42:40.541Z
vksy,4-letters,4,taken,2026-09-21T19:42:40.541Z
jvie,4-letters,4,taken,2026-09-21T19:42:40.541Z
ocow,4-letters,4,taken,2026-09-21T19:42:40.541Z
fnwe,4-letters,4,taken,2026-09-21T19:42:40.541Z
pifb,4-letters,4,taken,2026-09-21T19:42:40.541Z
gdoj,4-letters,4,taken,2026-09-21T19:42:40.541Z
zjfu,4-letters,4,taken,2026-09-21T19:42:40.541Z
lsyk,4-letters,4,taken,2026-09-21T19:43:11.096Z
oedp,4-letters,4,taken,2026-09-21T19:43:11.096Z
vgvm,4-letters,4,taken,2026-09-21T19:43:11.096Z
zstm,4-letters,4,taken,2026-09-21T19:43:11.096Z
xbrb,4-letters,4,taken,2026-09-21T19:43:11.096Z
ujnt,4-letters,4,taken,2026-09-21T19:43:11.096Z
onhx,4-letters,4,taken,2026-09-21T19:43:11.096Z
myml,4-letters,4,taken,2026-09-21T19:43:11.096Z
fphj,4-letters,4,taken,2026-09-21T19:43:11.096Z
ltfi,4-letters,4,taken,2026-09-21T19:43:11.096Z
ckpc,4-letters,4,taken,2026-09-21T19:43:11.096Z
ztww,4-letters,4,taken,2026-09-21T19:43:11.096Z
aveh,4-letters,4,taken,2026-09-21T19:43:11.096Z
qxbt,4-letters,4,taken,2026-09-21T19:43:11.096Z
bpbc,4-letters,4,taken,2026-09-21T19:43:11.096Z
bvfz,4-letters,4,taken,2026-09-21T19:43:11.096Z
vrbx,4-letters,4,taken,2026-09-21T19:43:11.096Z
klvv,4-letters,4,taken,2026-09-21T19:43:11.096Z
plhd,4-letters,4,taken,2026-09-21T19:43:11.096Z
qxsr,4-letters,4,taken,2026-09-21T19:43:11.096Z
diey,4-letters,4,taken,2026-09-21T19:43:11.096Z
fgsx,4-letters,4,taken,2026-09-21T19:43:11.096Z
zlot,4-letters,4,taken,2026-09-21T19:43:11.096Z
spvu,4-letters,4,taken,2026-09-21T19:43:11.096Z
jifb,4-letters,4,taken,2026-09-21T19:43:11.096Z
gjms,4-letters,4,taken,2026-09-21T19:43:11.096Z
uvjd,4-letters,4,taken,2026-09-21T19:43:11.096Z
lniq,4-letters,4,taken,2026-09-21T19:43:11.096Z
cvwx,4-letters,4,taken,2026-09-21T19:43:11.096Z
alln,4-letters,4,taken,2026-09-21T19:43:11.096Z
hitg,4-letters,4,taken,2026-09-21T19:43:11.096Z
suzx,4-letters,4,taken,2026-09-21T19:43:11.096Z
nyrw,4-letters,4,taken,2026-09-21T19:43:11.096Z
bduh,4-letters,4,taken,2026-09-21T19:43:11.096Z
ecud,4-letters,4,taken,2026-09-21T19:43:11.096Z
jjzy,4-letters,4,taken,2026-09-21T19:43:11.096Z
0llk,4-alnum,4,taken,2026-09-21T19:43:11.096Z
a0sg,4-alnum,4,taken,2026-09-21T19:43:11.096Z
7fk2,4-alnum,4,taken,2026-09-21T19:43:11.096Z
p4wn,4-alnum,4,taken,2026-09-21T19:43:11.096Z
v9v3,4-alnum,4,taken,2026-09-21T19:43:11.096Z
3b9x,4-alnum,4,taken,2026-09-21T19:43:11.096Z
7o67,4-alnum,4,taken,2026-09-21T19:43:11.096Z
m36g,4-alnum,4,taken,2026-09-21T19:43:11.096Z
7bcj,4-alnum,4,taken,2026-09-21T19:43:11.096Z
gs8w,4-alnum,4,taken,2026-09-21T19:43:11.096Z
42ik,4-alnum,4,taken,2026-09-21T19:43:11.096Z
9j2c,4-alnum,4,taken,2026-09-21T19:43:11.096Z
0nd2,4-alnum,4,taken,2026-09-21T19:43:11.096Z
7new,4-alnum,4,taken,2026-09-21T19:43:11.096Z
7wt4,4-alnum,4,taken,2026-09-21T19:43:11.096Z
l8xr,4-alnum,4,taken,2026-09-21T19:43:11.096Z
o1c4,4-alnum,4,taken,2026-09-21T19:43:11.096Z
5n42,4-alnum,4,taken,2026-09-21T19:43:11.096Z
a19x,4-alnum,4,taken,2026-09-21T19:43:11.096Z
ibr8,4-alnum,4,taken,2026-09-21T19:43:11.096Z
tnr1,4-alnum,4,taken,2026-09-21T19:43:11.096Z
uyz3,4-alnum,4,taken,2026-09-21T19:43:11.096Z
zuo6,4-alnum,4,taken,2026-09-21T19:43:11.096Z
z5tr,4-alnum,4,taken,2026-09-21T19:43:11.096Z
f2ke,4-alnum,4,taken,2026-09-21T19:43:11.096Z
vnd5,4-alnum,4,taken,2026-09-21T19:43:11.096Z
7t3n,4-alnum,4,taken,2026-09-21T19:43:11.096Z
h2mp,4-alnum,4,taken,2026-09-21T19:43:11.096Z
ur43,4-alnum,4,taken,2026-09-21T19:43:11.096Z
aa20,4-alnum,4,taken,2026-09-21T19:43:11.096Z
49pc,4-alnum,4,taken,2026-09-21T19:43:11.096Z
ulm4,4-alnum,4,taken,2026-09-21T19:43:11.096Z
hw20,4-alnum,4,taken,2026-09-21T19:43:11.096Z
6kxu,4-alnum,4,taken,2026-09-21T19:43:11.096Z
wmx8,4-alnum,4,taken,2026-09-21T19:43:11.096Z
7n7x,4-alnum,4,taken,2026-09-21T19:43:11.096Z
4guf,4-alnum,4,taken,2026-09-21T19:43:11.096Z
5w1y,4-alnum,4,taken,2026-09-21T19:43:11.096Z
1be9,4-alnum,4,taken,2026-09-21T19:43:11.096Z
so5l,4-alnum,4,taken,2026-09-21T19:43:11.096Z
22w2,4-alnum,4,taken,2026-09-21T19:43:11.096Z
7gkg,4-alnum,4,taken,2026-09-21T19:43:11.096Z
az6u,4-alnum,4,taken,2026-09-21T19:43:11.096Z
mi5z,4-alnum,4,taken,2026-09-21T19:43:11.096Z
8wnc,4-alnum,4,taken,2026-09-21T19:43:11.096Z
i7ni,4-alnum,4,taken,2026-09-21T19:43:11.096Z
ez75,4-alnum,4,taken,2026-09-21T19:43:11.096Z
iat3,4-alnum,4,taken,2026-09-21T19:43:11.096Z
dwv5,4-alnum,4,taken,2026-09-21T19:43:11.096Z
bzf0,4-alnum,4,taken,2026-09-21T19:43:11.096Z
v4b3,4-alnum,4,taken,2026-09-21T19:43:11.096Z
2pso,4-alnum,4,taken,2026-09-21T19:43:11.096Z
7zld,4-alnum,4,taken,2026-09-21T19:43:11.096Z
6ehv,4-alnum,4,taken,2026-09-21T19:43:11.096Z
8qjo,4-alnum,4,taken,2026-09-21T19:43:11.096Z
ek10,4-alnum,4,taken,2026-09-21T19:43:11.096Z
1uda,4-alnum,4,taken,2026-09-21T19:43:11.096Z
2tqa,4-alnum,4,taken,2026-09-21T19:43:11.096Z
1mmt,4-alnum,4,taken,2026-09-21T19:43:11.096Z
wq0c,4-alnum,4,taken,2026-09-21T19:43:11.096Z
u794,4-alnum,4,taken,2026-09-21T19:43:11.096Z
5pns,4-alnum,4,taken,2026-09-21T19:43:11.096Z
t2gn,4-alnum,4,taken,2026-09-21T19:43:11.096Z
iw0l,4-alnum,4,taken,2026-09-21T19:43:11.096Z
t4ot,4-alnum,4,taken,2026-09-21T19:43:41.791Z
4rtm,4-alnum,4,taken,2026-09-21T19:43:41.791Z
e3qf,4-alnum,4,taken,2026-09-21T19:43:41.791Z
y3oh,4-alnum,4,taken,2026-09-21T19:43:41.791Z
y0c7,4-alnum,4,taken,2026-09-21T19:43:41.791Z
5op8,4-alnum,4,taken,2026-09-21T19:43:41.791Z
7fdu,4-alnum,4,taken,2026-09-21T19:43:41.791Z
4l2k,4-alnum,4,taken,2026-09-21T19:43:41.791Z
ueb4,4-alnum,4,taken,2026-09-21T19:43:41.791Z
wh6b,4-alnum,4,taken,2026-09-21T19:43:41.791Z
qy73,4-alnum,4,taken,2026-09-21T19:43:41.791Z
8vpy,4-alnum,4,taken,2026-09-21T19:43:41.791Z
7uyt,4-alnum,4,taken,2026-09-21T19:43:41.791Z
tek0,4-alnum,4,taken,2026-09-21T19:43:41.791Z
54iz,4-alnum,4,taken,2026-09-21T19:43:41.791Z
61r5,4-alnum,4,taken,2026-09-21T19:43:41.791Z
385h,4-alnum,4,taken,2026-09-21T19:43:41.791Z
a7jx,4-alnum,4,taken,2026-09-21T19:43:41.791Z
0kxk,4-alnum,4,taken,2026-09-21T19:43:41.791Z
g2fp,4-alnum,4,taken,2026-09-21T19:43:41.791Z
n3n3,4-alnum,4,taken,2026-09-21T19:43:41.791Z
le5z,4-alnum,4,taken,2026-09-21T19:43:41.791Z
t5yh,4-alnum,4,taken,2026-09-21T19:43:41.791Z
v7kv,4-alnum,4,taken,2026-09-21T19:43:41.791Z
mp71,4-alnum,4,taken,2026-09-21T19:43:41.791Z
i6rl,4-alnum,4,taken,2026-09-21T19:43:41.791Z
yef4,4-alnum,4,taken,2026-09-21T19:43:41.791Z
0g2r,4-alnum,4,taken,2026-09-21T19:43:41.791Z
j56p,4-alnum,4,taken,2026-09-21T19:43:41.791Z
kxb2,4-alnum,4,taken,2026-09-21T19:43:41.791Z
m45d,4-alnum,4,taken,2026-09-21T19:43:41.791Z
7t2q,4-alnum,4,taken,2026-09-21T19:43:41.791Z
2bjt,4-alnum,4,taken,2026-09-21T19:43:41.791Z
8z8u,4-alnum,4,taken,2026-09-21T19:43:41.791Z
x8p5,4-alnum,4,taken,2026-09-21T19:43:41.791Z
qoc4,4-alnum,4,taken,2026-09-21T19:43:41.791Z
chu0,4-alnum,4,taken,2026-09-21T19:43:41.791Z
82m1,4-alnum,4,taken,2026-09-21T19:43:41.791Z
hir5,4-alnum,4,taken,2026-09-21T19:43:41.791Z
9s1k,4-alnum,4,taken,2026-09-21T19:43:41.791Z
3n8y,4-alnum,4,taken,2026-09-21T19:43:41.791Z
wn5g,4-alnum,4,taken,2026-09-21T19:43:41.791Z
kr4d,4-alnum,4,taken,2026-09-21T19:43:41.791Z
5u69,4-alnum,4,taken,2026-09-21T19:43:41.791Z
do6o,4-alnum,4,taken,2026-09-21T19:43:41.791Z
1af3,4-alnum,4,taken,2026-09-21T19:43:41.791Z
e70j,4-alnum,4,taken,2026-09-21T19:43:41.791Z
i6kn,4-alnum,4,taken,2026-09-21T19:43:41.791Z
8w6c,4-alnum,4,taken,2026-09-21T19:43:41.791Z
vv5j,4-alnum,4,taken,2026-09-21T19:43:41.791Z
sog4,4-alnum,4,taken,2026-09-21T19:43:41.791Z
nbt3,4-alnum,4,taken,2026-09-21T19:43:41.791Z
muy7,4-alnum,4,taken,2026-09-21T19:43:41.791Z
w55u,4-alnum,4,taken,2026-09-21T19:43:41.791Z
dhb3,4-alnum,4,taken,2026-09-21T19:43:41.791Z
cn5l,4-alnum,4,taken,2026-09-21T19:43:41.791Z
l0mr,4-alnum,4,taken,2026-09-21T19:43:41.791Z
r12e,4-alnum,4,taken,2026-09-21T19:43:41.791Z
85jw,4-alnum,4,taken,2026-09-21T19:43:41.791Z
44p8,4-alnum,4,taken,2026-09-21T19:43:41.791Z
1xpj,4-alnum,4,taken,2026-09-21T19:43:41.791Z
4d8w,4-alnum,4,taken,2026-09-21T19:43:41.791Z
l9hg,4-alnum,4,taken,2026-09-21T19:43:41.791Z
3jof,4-alnum,4,taken,2026-09-21T19:43:41.791Z
c1h0,4-alnum,4,taken,2026-09-21T19:43:41.791Z
sq19,4-alnum,4,taken,2026-09-21T19:43:41.791Z
5irw,4-alnum,4,taken,2026-09-21T19:43:41.791Z
vh8p,4-alnum,4,taken,2026-09-21T19:43:41.791Z
wc6v,4-alnum,4,taken,2026-09-21T19:43:41.791Z
kde7,4-alnum,4,taken,2026-09-21T19:43:41.791Z
80nx,4-alnum,4,taken,2026-09-21T19:43:41.791Z
p499,4-alnum,4,taken,2026-09-21T19:43:41.791Z
b8xc,4-alnum,4,taken,2026-09-21T19:43:41.791Z
2sdt,4-alnum,4,taken,2026-09-21T19:43:41.791Z
jo0c,4-alnum,4,taken,2026-09-21T19:43:41.791Z
n7a3,4-alnum,4,taken,2026-09-21T19:43:41.791Z
ey8i,4-alnum,4,taken,2026-09-21T19:43:41.791Z
mnq1,4-alnum,4,taken,2026-09-21T19:43:41.791Z
6qsx,4-alnum,4,taken,2026-09-21T19:43:41.791Z
c77b,4-alnum,4,taken,2026-09-21T19:43:41.791Z
1ywt,4-alnum,4,taken,2026-09-21T19:43:41.791Z
1c1b,4-alnum,4,taken,2026-09-21T19:43:41.791Z
0fs1,4-alnum,4,taken,2026-09-21T19:43:41.791Z
182g,4-alnum,4,taken,2026-09-21T19:43:41.791Z
j41w,4-alnum,4,taken,2026-09-21T19:43:41.791Z
u3zg,4-alnum,4,taken,2026-09-21T19:43:41.791Z
bzq7,4-alnum,4,taken,2026-09-21T19:43:41.791Z
3tf5,4-alnum,4,taken,2026-09-21T19:43:41.791Z
40h3,4-alnum,4,taken,2026-09-21T19:43:41.791Z
54ml,4-alnum,4,taken,2026-09-21T19:43:41.791Z
9uqb,4-alnum,4,taken,2026-09-21T19:43:41.791Z
pm9n,4-alnum,4,taken,2026-09-21T19:43:41.791Z
h34j,4-alnum,4,taken,2026-09-21T19:43:41.791Z
r2yg,4-alnum,4,taken,2026-09-21T19:43:41.791Z
5xce,4-alnum,4,taken,2026-09-21T19:43:41.791Z
40hj,4-alnum,4,taken,2026-09-21T19:43:41.791Z
8jj4,4-alnum,4,taken,2026-09-21T19:43:41.791Z
u6hz,4-alnum,4,taken,2026-09-21T19:43:41.791Z
r038,4-alnum,4,taken,2026-09-21T19:43:41.791Z
3iwn,4-alnum,4,taken,2026-09-21T19:43:41.791Z
7reu,4-alnum,4,taken,2026-09-21T19:44:12.494Z
p3x0,4-alnum,4,taken,2026-09-21T19:44:12.494Z
kru5,4-alnum,4,taken,2026-09-21T19:44:12.494Z
h6a5,4-alnum,4,taken,2026-09-21T19:44:12.494Z
u0nw,4-alnum,4,taken,2026-09-21T19:44:12.494Z
c23k,4-alnum,4,taken,2026-09-21T19:44:12.494Z
c40j,4-alnum,4,taken,2026-09-21T19:44:12.494Z
f46n,4-alnum,4,taken,2026-09-21T19:44:12.494Z
yfd8,4-alnum,4,taken,2026-09-21T19:44:12.494Z
x4u2,4-alnum,4,taken,2026-09-21T19:44:12.494Z
661d,4-alnum,4,taken,2026-09-21T19:44:12.494Z
m68v,4-alnum,4,taken,2026-09-21T19:44:12.494Z
o6wx,4-alnum,4,taken,2026-09-21T19:44:12.494Z
h3mt,4-alnum,4,taken,2026-09-21T19:44:12.494Z
k0ar,4-alnum,4,taken,2026-09-21T19:44:12.494Z
d5sk,4-alnum,4,taken,2026-09-21T19:44:12.494Z
27lt,4-alnum,4,taken,2026-09-21T19:44:12.494Z
3fp7,4-alnum,4,taken,2026-09-21T19:44:12.494Z
2xoe,4-alnum,4,taken,2026-09-21T19:44:12.494Z
19jz,4-alnum,4,taken,2026-09-21T19:44:12.494Z
84hf,4-alnum,4,taken,2026-09-21T19:44:12.494Z
rr13,4-alnum,4,taken,2026-09-21T19:44:12.494Z
o67r,4-alnum,4,taken,2026-09-21T19:44:12.494Z
r3p8,4-alnum,4,taken,2026-09-21T19:44:12.494Z
m5r6,4-alnum,4,taken,2026-09-21T19:44:12.494Z
d5ay,4-alnum,4,taken,2026-09-21T19:44:12.494Z
aj6x,4-alnum,4,taken,2026-09-21T19:44:12.494Z
m1wl,4-alnum,4,taken,2026-09-21T19:44:12.494Z
s5wq,4-alnum,4,taken,2026-09-21T19:44:12.494Z
dsh0,4-alnum,4,taken,2026-09-21T19:44:12.494Z
4fla,4-alnum,4,taken,2026-09-21T19:44:12.494Z
1cyw,4-alnum,4,taken,2026-09-21T19:44:12.494Z
xb4n,4-alnum,4,taken,2026-09-21T19:44:12.494Z
a2fw,4-alnum,4,taken,2026-09-21T19:44:12.494Z
wc70,4-alnum,4,taken,2026-09-21T19:44:12.494Z
scy6,4-alnum,4,taken,2026-09-21T19:44:12.494Z
m3ce,4-alnum,4,taken,2026-09-21T19:44:12.494Z
6y1z,4-alnum,4,taken,2026-09-21T19:44:12.494Z
nw3w,4-alnum,4,taken,2026-09-21T19:44:12.494Z
opy6,4-alnum,4,taken,2026-09-21T19:44:12.494Z
b7tx,4-alnum,4,taken,2026-09-21T19:44:12.494Z
fu20,4-alnum,4,taken,2026-09-21T19:44:12.494Z
l2jk,4-alnum,4,taken,2026-09-21T19:44:12.494Z
8ttm,4-alnum,4,taken,2026-09-21T19:44:12.494Z
h3wl,4-alnum,4,taken,2026-09-21T19:44:12.494Z
1ioz,4-alnum,4,taken,2026-09-21T19:44:12.494Z
7p7n,4-alnum,4,taken,2026-09-21T19:44:12.494Z
43ii,4-alnum,4,taken,2026-09-21T19:44:12.494Z
yck5,4-alnum,4,taken,2026-09-21T19:44:12.494Z
n0h1,4-alnum,4,taken,2026-09-21T19:44:12.494Z
6e0n,4-alnum,4,taken,2026-09-21T19:44:12.494Z
rlv3,4-alnum,4,taken,2026-09-21T19:44:12.494Z
bnf7,4-alnum,4,taken,2026-09-21T19:44:12.494Z
7qm0,4-alnum,4,taken,2026-09-21T19:44:12.494Z
r9ij,4-alnum,4,taken,2026-09-21T19:44:12.494Z
4utv,4-alnum,4,taken,2026-09-21T19:44:12.494Z
69bb,4-alnum,4,taken,2026-09-21T19:44:12.494Z
nq03,4-alnum,4,taken,2026-09-21T19:44:12.494Z
83cu,4-alnum,4,taken,2026-09-21T19:44:12.494Z
ns7s,4-alnum,4,taken,2026-09-21T19:44:12.494Z
n7n7,4-alnum,4,taken,2026-09-21T19:44:12.494Z
29rr,4-alnum,4,taken,2026-09-21T19:44:12.494Z
117o,4-alnum,4,taken,2026-09-21T19:44:12.494Z
xsf9,4-alnum,4,taken,2026-09-21T19:44:12.494Z
ok6r,4-alnum,4,taken,2026-09-21T19:44:12.494Z
vd3u,4-alnum,4,taken,2026-09-21T19:44:12.494Z
vy12,4-alnum,4,taken,2026-09-21T19:44:12.494Z
qzq1,4-alnum,4,taken,2026-09-21T19:44:12.494Z
f9nu,4-alnum,4,taken,2026-09-21T19:44:12.494Z
ebs5,4-alnum,4,taken,2026-09-21T19:44:12.494Z
cbm8,4-alnum,4,taken,2026-09-21T19:44:12.494Z
hw80,4-alnum,4,taken,2026-09-21T19:44:12.494Z
ubq1,4-alnum,4,taken,2026-09-21T19:44:12.494Z
xbz2,4-alnum,4,taken,2026-09-21T19:44:12.494Z
9wjr,4-alnum,4,taken,2026-09-21T19:44:12.494Z
96c7,4-alnum,4,taken,2026-09-21T19:44:12.494Z
7g0z,4-alnum,4,taken,2026-09-21T19:44:12.494Z
ds0a,4-alnum,4,taken,2026-09-21T19:44:12.494Z
3dan,4-alnum,4,taken,2026-09-21T19:44:12.494Z
p0e0,4-alnum,4,taken,2026-09-21T19:44:12.494Z
5rgc,4-alnum,4,taken,2026-09-21T19:44:12.494Z
c4vv,4-alnum,4,taken,2026-09-21T19:44:12.494Z
ox9f,4-alnum,4,taken,2026-09-21T19:44:12.494Z
8ryb,4-alnum,4,taken,2026-09-21T19:44:12.494Z
ph5y,4-alnum,4,taken,2026-09-21T19:44:12.494Z
dc97,4-alnum,4,taken,2026-09-21T19:44:12.494Z
oo2c,4-alnum,4,taken,2026-09-21T19:44:12.494Z
1nue,4-alnum,4,taken,2026-09-21T19:44:12.494Z
75sh,4-alnum,4,taken,2026-09-21T19:44:12.494Z
na7t,4-alnum,4,taken,2026-09-21T19:44:12.494Z
k785,4-alnum,4,taken,2026-09-21T19:44:12.494Z
m5s0,4-alnum,4,taken,2026-09-21T19:44:12.494Z
9ywh,4-alnum,4,taken,2026-09-21T19:44:12.494Z
pqa7,4-alnum,4,taken,2026-09-21T19:44:12.494Z
17gw,4-alnum,4,taken,2026-09-21T19:44:12.494Z
4jxu,4-alnum,4,taken,2026-09-21T19:44:12.494Z
w45u,4-alnum,4,taken,2026-09-21T19:44:12.494Z
9cq8,4-alnum,4,taken,2026-09-21T19:44:12.494Z
3j70,4-alnum,4,taken,2026-09-21T19:44:12.494Z
4br5,4-alnum,4,taken,2026-09-21T19:44:12.494Z
08z6,4-alnum,4,taken,2026-09-21T19:44:43.107Z
087p,4-alnum,4,taken,2026-09-21T19:44:43.107Z
r13k,4-alnum,4,taken,2026-09-21T19:44:43.107Z
w7cq,4-alnum,4,taken,2026-09-21T19:44:43.107Z
k33a,4-alnum,4,taken,2026-09-21T19:44:43.107Z
087v,4-alnum,4,taken,2026-09-21T19:44:43.107Z
it3y,4-alnum,4,taken,2026-09-21T19:44:43.107Z
uc3c,4-alnum,4,taken,2026-09-21T19:44:43.107Z
yf79,4-alnum,4,taken,2026-09-21T19:44:43.107Z
gpo4,4-alnum,4,taken,2026-09-21T19:44:43.107Z
6gyq,4-alnum,4,taken,2026-09-21T19:44:43.107Z
the1,4-alnum,4,taken,2026-09-21T19:44:43.107Z
2icy,4-alnum,4,taken,2026-09-21T19:44:43.107Z
7vka,4-alnum,4,taken,2026-09-21T19:44:43.107Z
kq7u,4-alnum,4,taken,2026-09-21T19:44:43.107Z
0lrd,4-alnum,4,taken,2026-09-21T19:44:43.107Z
3pob,4-alnum,4,taken,2026-09-21T19:44:43.107Z
19pk,4-alnum,4,taken,2026-09-21T19:44:43.107Z
n68n,4-alnum,4,taken,2026-09-21T19:44:43.107Z
fiq8,4-alnum,4,taken,2026-09-21T19:44:43.107Z
wd6z,4-alnum,4,taken,2026-09-21T19:44:43.107Z
1u9c,4-alnum,4,taken,2026-09-21T19:44:43.107Z
psq0,4-alnum,4,taken,2026-09-21T19:44:43.107Z
xx4a,4-alnum,4,taken,2026-09-21T19:44:43.107Z
ca3h,4-alnum,4,taken,2026-09-21T19:44:43.107Z
3bc4,4-alnum,4,taken,2026-09-21T19:44:43.107Z
9nsg,4-alnum,4,taken,2026-09-21T19:44:43.107Z
a0g1,4-alnum,4,taken,2026-09-21T19:44:43.107Z
rtj4,4-alnum,4,taken,2026-09-21T19:44:43.107Z
x5gk,4-alnum,4,taken,2026-09-21T19:44:43.107Z
c44p,4-alnum,4,taken,2026-09-21T19:44:43.107Z
0mtp,4-alnum,4,taken,2026-09-21T19:44:43.107Z
7fdv,4-alnum,4,taken,2026-09-21T19:44:43.107Z
47he,4-alnum,4,taken,2026-09-21T19:44:43.107Z
6nno,4-alnum,4,taken,2026-09-21T19:44:43.107Z
dv0r,4-alnum,4,taken,2026-09-21T19:44:43.107Z
82s7,4-alnum,4,taken,2026-09-21T19:44:43.107Z
8qc8,4-alnum,4,taken,2026-09-21T19:44:43.107Z
ejx7,4-alnum,4,taken,2026-09-21T19:44:43.107Z
9u7p,4-alnum,4,taken,2026-09-21T19:44:43.107Z
ui8y,4-alnum,4,taken,2026-09-21T19:44:43.107Z
blj1,4-alnum,4,taken,2026-09-21T19:44:43.107Z
kqz7,4-alnum,4,taken,2026-09-21T19:44:43.107Z
m6kc,4-alnum,4,taken,2026-09-21T19:44:43.107Z
2eq9,4-alnum,4,taken,2026-09-21T19:44:43.107Z
avq0,4-alnum,4,taken,2026-09-21T19:44:43.107Z
w2xk,4-alnum,4,taken,2026-09-21T19:44:43.107Z
16v9,4-alnum,4,taken,2026-09-21T19:44:43.107Z
x2me,4-alnum,4,taken,2026-09-21T19:44:43.107Z
j4tc,4-alnum,4,taken,2026-09-21T19:44:43.107Z
1pud,4-alnum,4,taken,2026-09-21T19:44:43.107Z
t9xi,4-alnum,4,taken,2026-09-21T19:44:43.107Z
77u3,4-alnum,4,taken,2026-09-21T19:44:43.107Z
y4wu,4-alnum,4,taken,2026-09-21T19:44:43.107Z
avx3,4-alnum,4,taken,2026-09-21T19:44:43.107Z
ob2c,4-alnum,4,taken,2026-09-21T19:44:43.107Z
oh79,4-alnum,4,taken,2026-09-21T19:44:43.107Z
vql0,4-alnum,4,taken,2026-09-21T19:44:43.107Z
l3y1,4-alnum,4,taken,2026-09-21T19:44:43.107Z
7bsj,4-alnum,4,taken,2026-09-21T19:44:43.107Z
xxg3,4-alnum,4,taken,2026-09-21T19:44:43.107Z
kty0,4-alnum,4,taken,2026-09-21T19:44:43.107Z
ql9d,4-alnum,4,taken,2026-09-21T19:44:43.107Z
5eah,4-alnum,4,taken,2026-09-21T19:44:43.107Z
6uo4,4-alnum,4,taken,2026-09-21T19:44:43.107Z
gk4s,4-alnum,4,taken,2026-09-21T19:44:43.107Z
0ed7,4-alnum,4,taken,2026-09-21T19:44:43.107Z
tz2b,4-alnum,4,taken,2026-09-21T19:44:43.107Z
2cx3,4-alnum,4,taken,2026-09-21T19:44:43.107Z
x5d5,4-alnum,4,taken,2026-09-21T19:44:43.107Z
tp9l,4-alnum,4,taken,2026-09-21T19:44:43.107Z
e6gl,4-alnum,4,taken,2026-09-21T19:44:43.107Z
kj6q,4-alnum,4,taken,2026-09-21T19:44:43.107Z
l2g0,4-alnum,4,taken,2026-09-21T19:44:43.107Z
4c1c,4-alnum,4,taken,2026-09-21T19:44:43.107Z
r1du,4-alnum,4,taken,2026-09-21T19:44:43.107Z
xaf2,4-alnum,4,taken,2026-09-21T19:44:43.107Z
a6mu,4-alnum,4,taken,2026-09-21T19:44:43.107Z
qfc2,4-alnum,4,taken,2026-09-21T19:44:43.107Z
1h7l,4-alnum,4,taken,2026-09-21T19:44:43.107Z
2fnf,4-alnum,4,taken,2026-09-21T19:44:43.107Z
3mkv,4-alnum,4,taken,2026-09-21T19:44:43.107Z
q0jz,4-alnum,4,taken,2026-09-21T19:44:43.107Z
ecl8,4-alnum,4,taken,2026-09-21T19:44:43.107Z
m9w6,4-alnum,4,taken,2026-09-21T19:44:43.107Z
u0nh,4-alnum,4,taken,2026-09-21T19:44:43.107Z
2kry,4-alnum,4,taken,2026-09-21T19:44:43.107Z
8jn5,4-alnum,4,taken,2026-09-21T19:44:43.107Z
2wkf,4-alnum,4,taken,2026-09-21T19:44:43.107Z
ppp2,4-alnum,4,taken,2026-09-21T19:44:43.107Z
5g59,4-alnum,4,taken,2026-09-21T19:44:43.107Z
y8n0,4-alnum,4,taken,2026-09-21T19:44:43.107Z
awe9,4-alnum,4,taken,2026-09-21T19:44:43.107Z
55tv,4-alnum,4,taken,2026-09-21T19:44:43.107Z
ylh9,4-alnum,4,taken,2026-09-21T19:44:43.107Z
fdb1,4-alnum,4,taken,2026-09-21T19:44:43.107Z
z310,4-alnum,4,taken,2026-09-21T19:44:43.107Z
b50m,4-alnum,4,taken,2026-09-21T19:44:43.107Z
327x,4-alnum,4,taken,2026-09-21T19:44:43.107Z
0e28,4-alnum,4,taken,2026-09-21T19:44:43.107Z
h56e,4-alnum,4,taken,2026-09-21T19:45:13.788Z
l04s,4-alnum,4,taken,2026-09-21T19:45:13.788Z
1vps,4-alnum,4,taken,2026-09-21T19:45:13.788Z
48z5,4-alnum,4,taken,2026-09-21T19:45:13.788Z
6xle,4-alnum,4,taken,2026-09-21T19:45:13.788Z
za8c,4-alnum,4,taken,2026-09-21T19:45:13.788Z
2wph,4-alnum,4,taken,2026-09-21T19:45:13.788Z
17ic,4-alnum,4,taken,2026-09-21T19:45:13.788Z
c0cd,4-alnum,4,taken,2026-09-21T19:45:13.788Z
1bkr,4-alnum,4,taken,2026-09-21T19:45:13.788Z
p2yn,4-alnum,4,taken,2026-09-21T19:45:13.788Z
6cx0,4-alnum,4,taken,2026-09-21T19:45:13.788Z
bp80,4-alnum,4,taken,2026-09-21T19:45:13.788Z
1ttz,4-alnum,4,taken,2026-09-21T19:45:13.788Z
xxb0,4-alnum,4,taken,2026-09-21T19:45:13.788Z
zw8o,4-alnum,4,taken,2026-09-21T19:45:13.788Z
33q6,4-alnum,4,taken,2026-09-21T19:45:13.788Z
fbo6,4-alnum,4,taken,2026-09-21T19:45:13.788Z
4rq8,4-alnum,4,taken,2026-09-21T19:45:13.788Z
9gwn,4-alnum,4,taken,2026-09-21T19:45:13.788Z
25hz,4-alnum,4,taken,2026-09-21T19:45:13.788Z
0jrm,4-alnum,4,taken,2026-09-21T19:45:13.788Z
j4ag,4-alnum,4,taken,2026-09-21T19:45:13.788Z
1b66,4-alnum,4,taken,2026-09-21T19:45:13.788Z
f6p4,4-alnum,4,taken,2026-09-21T19:45:13.788Z
hx29,4-alnum,4,taken,2026-09-21T19:45:13.788Z
qj7t,4-alnum,4,taken,2026-09-21T19:45:13.788Z
s0t2,4-alnum,4,taken,2026-09-21T19:45:13.788Z
p08v,4-alnum,4,taken,2026-09-21T19:45:13.788Z
1tia,4-alnum,4,taken,2026-09-21T19:45:13.788Z
0n8q,4-alnum,4,taken,2026-09-21T19:45:13.788Z
c8j9,4-alnum,4,taken,2026-09-21T19:45:13.788Z
cr7m,4-alnum,4,taken,2026-09-21T19:45:13.788Z
nrd6,4-alnum,4,taken,2026-09-21T19:45:13.788Z
umr0,4-alnum,4,taken,2026-09-21T19:45:13.788Z
aa5b,4-alnum,4,taken,2026-09-21T19:45:13.788Z
a16a,4-alnum,4,taken,2026-09-21T19:45:13.788Z
hwz9,4-alnum,4,taken,2026-09-21T19:45:13.788Z
t9hn,4-alnum,4,taken,2026-09-21T19:45:13.788Z
zli6,4-alnum,4,taken,2026-09-21T19:45:13.788Z
lc1g,4-alnum,4,taken,2026-09-21T19:45:13.788Z
rk8h,4-alnum,4,taken,2026-09-21T19:45:13.788Z
369u,4-alnum,4,taken,2026-09-21T19:45:13.788Z
luz4,4-alnum,4,taken,2026-09-21T19:45:13.788Z
4k9n,4-alnum,4,taken,2026-09-21T19:45:13.788Z
t0wp,4-alnum,4,taken,2026-09-21T19:45:13.788Z
ub5q,4-alnum,4,taken,2026-09-21T19:45:13.788Z
9fmb,4-alnum,4,taken,2026-09-21T19:45:13.788Z
73vt,4-alnum,4,taken,2026-09-21T19:45:13.788Z
2m9t,4-alnum,4,taken,2026-09-21T19:45:13.788Z
wy2a,4-alnum,4,taken,2026-09-21T19:45:13.788Z
o1l6,4-alnum,4,taken,2026-09-21T19:45:13.788Z
6kz8,4-alnum,4,taken,2026-09-21T19:45:13.788Z
c502,4-alnum,4,taken,2026-09-21T19:45:13.788Z
h8u6,4-alnum,4,taken,2026-09-21T19:45:13.788Z
9exo,4-alnum,4,taken,2026-09-21T19:45:13.788Z
s5wo,4-alnum,4,taken,2026-09-21T19:45:13.788Z
ga2l,4-alnum,4,taken,2026-09-21T19:45:13.788Z
a7jm,4-alnum,4,taken,2026-09-21T19:45:13.788Z
zb87,4-alnum,4,taken,2026-09-21T19:45:13.788Z
6myl,4-alnum,4,taken,2026-09-21T19:45:13.788Z
98p4,4-alnum,4,taken,2026-09-21T19:45:13.788Z
u3mx,4-alnum,4,taken,2026-09-21T19:45:13.788Z
8hj7,4-alnum,4,taken,2026-09-21T19:45:13.788Z
2nd9,4-alnum,4,taken,2026-09-21T19:45:13.788Z
4k0s,4-alnum,4,taken,2026-09-21T19:45:13.788Z
q73t,4-alnum,4,taken,2026-09-21T19:45:13.788Z
j6x1,4-alnum,4,taken,2026-09-21T19:45:13.788Z
1rce,4-alnum,4,taken,2026-09-21T19:45:13.788Z
z6ht,4-alnum,4,taken,2026-09-21T19:45:13.788Z
z0ib,4-alnum,4,taken,2026-09-21T19:45:13.788Z
s33g,4-alnum,4,taken,2026-09-21T19:45:13.788Z
4a6e,4-alnum,4,taken,2026-09-21T19:45:13.788Z
ml7e,4-alnum,4,taken,2026-09-21T19:45:13.788Z
og1n,4-alnum,4,taken,2026-09-21T19:45:13.788Z
9yw2,4-alnum,4,taken,2026-09-21T19:45:13.788Z
8wd1,4-alnum,4,taken,2026-09-21T19:45:13.788Z
6y2v,4-alnum,4,taken,2026-09-21T19:45:13.788Z
nq57,4-alnum,4,taken,2026-09-21T19:45:13.788Z
2n7r,4-alnum,4,taken,2026-09-21T19:45:13.788Z
m322,4-alnum,4,taken,2026-09-21T19:45:13.788Z
9ypq,4-alnum,4,taken,2026-09-21T19:45:13.788Z
ej2l,4-alnum,4,taken,2026-09-21T19:45:13.788Z
9mbh,4-alnum,4,taken,2026-09-21T19:45:13.788Z
lxl8,4-alnum,4,taken,2026-09-21T19:45:13.788Z
e5d5,4-alnum,4,taken,2026-09-21T19:45:13.788Z
6k9e,4-alnum,4,taken,2026-09-21T19:45:13.788Z
9cxt,4-alnum,4,taken,2026-09-21T19:45:13.788Z
j53j,4-alnum,4,taken,2026-09-21T19:45:13.788Z
6kk3,4-alnum,4,taken,2026-09-21T19:45:13.788Z
7yvt,4-alnum,4,taken,2026-09-21T19:45:13.788Z
r9os,4-alnum,4,taken,2026-09-21T19:45:13.788Z
5lc2,4-alnum,4,taken,2026-09-21T19:45:13.788Z
zd6p,4-alnum,4,taken,2026-09-21T19:45:13.788Z
8dk8,4-alnum,4,taken,2026-09-21T19:45:13.788Z
7x7j,4-alnum,4,taken,2026-09-21T19:45:13.788Z
ork5,4-alnum,4,taken,2026-09-21T19:45:13.788Z
b9rg,4-alnum,4,taken,2026-09-21T19:45:13.788Z
51ny,4-alnum,4,taken,2026-09-21T19:45:13.788Z
1i5m,4-alnum,4,taken,2026-09-21T19:45:13.788Z
o8gs,4-alnum,4,taken,2026-09-21T19:45:44.414Z
4vwk,4-alnum,4,taken,2026-09-21T19:45:44.414Z
cdv2,4-alnum,4,taken,2026-09-21T19:45:44.414Z
qhc5,4-alnum,4,taken,2026-09-21T19:45:44.414Z
0iv8,4-alnum,4,taken,2026-09-21T19:45:44.414Z
wcr5,4-alnum,4,taken,2026-09-21T19:45:44.414Z
cj0d,4-alnum,4,taken,2026-09-21T19:45:44.414Z
1i65,4-alnum,4,taken,2026-09-21T19:45:44.414Z
i00q,4-alnum,4,taken,2026-09-21T19:45:44.414Z
bh53,4-alnum,4,taken,2026-09-21T19:45:44.414Z
ngh7,4-alnum,4,taken,2026-09-21T19:45:44.414Z
sk3t,4-alnum,4,taken,2026-09-21T19:45:44.414Z
4ok7,4-alnum,4,taken,2026-09-21T19:45:44.414Z
j0fi,4-alnum,4,taken,2026-09-21T19:45:44.414Z
30v4,4-alnum,4,taken,2026-09-21T19:45:44.414Z
vg3j,4-alnum,4,taken,2026-09-21T19:45:44.414Z
9t75,4-alnum,4,taken,2026-09-21T19:45:44.414Z
v7fz,4-alnum,4,taken,2026-09-21T19:45:44.414Z
6vys,4-alnum,4,taken,2026-09-21T19:45:44.414Z
7j6j,4-alnum,4,taken,2026-09-21T19:45:44.414Z
6au9,4-alnum,4,taken,2026-09-21T19:45:44.414Z
s652,4-alnum,4,taken,2026-09-21T19:45:44.414Z
ul4q,4-alnum,4,taken,2026-09-21T19:45:44.414Z
55dl,4-alnum,4,taken,2026-09-21T19:45:44.414Z
av15,4-alnum,4,taken,2026-09-21T19:45:44.414Z
077m,4-alnum,4,taken,2026-09-21T19:45:44.414Z
78o3,4-alnum,4,taken,2026-09-21T19:45:44.414Z
dn7i,4-alnum,4,taken,2026-09-21T19:45:44.414Z
r55r,4-alnum,4,taken,2026-09-21T19:45:44.414Z
ua15,4-alnum,4,taken,2026-09-21T19:45:44.414Z
6xfh,4-alnum,4,taken,2026-09-21T19:45:44.414Z
q85k,4-alnum,4,taken,2026-09-21T19:45:44.414Z
34nq,4-alnum,4,taken,2026-09-21T19:45:44.414Z
88ai,4-alnum,4,taken,2026-09-21T19:45:44.414Z
jg71,4-alnum,4,taken,2026-09-21T19:45:44.414Z
srg8,4-alnum,4,taken,2026-09-21T19:45:44.414Z
a4wv,4-alnum,4,taken,2026-09-21T19:45:44.414Z
j965,4-alnum,4,taken,2026-09-21T19:45:44.414Z
df1i,4-alnum,4,taken,2026-09-21T19:45:44.414Z
8aft,4-alnum,4,taken,2026-09-21T19:45:44.414Z
1ygz,4-alnum,4,taken,2026-09-21T19:45:44.414Z
e3d6,4-alnum,4,taken,2026-09-21T19:45:44.414Z
jii4,4-alnum,4,taken,2026-09-21T19:45:44.414Z
4enw,4-alnum,4,taken,2026-09-21T19:45:44.414Z
op7m,4-alnum,4,taken,2026-09-21T19:45:44.414Z
7ajt,4-alnum,4,taken,2026-09-21T19:45:44.414Z
ps1b,4-alnum,4,taken,2026-09-21T19:45:44.414Z
6pca,4-alnum,4,taken,2026-09-21T19:45:44.414Z
2pbo,4-alnum,4,taken,2026-09-21T19:45:44.414Z
3ghv,4-alnum,4,taken,2026-09-21T19:45:44.414Z
1e35,4-alnum,4,taken,2026-09-21T19:45:44.414Z
d024,4-alnum,4,taken,2026-09-21T19:45:44.414Z
ln4a,4-alnum,4,taken,2026-09-21T19:45:44.414Z
9k3i,4-alnum,4,taken,2026-09-21T19:45:44.414Z
g8ua,4-alnum,4,taken,2026-09-21T19:45:44.414Z
0nex,4-alnum,4,taken,2026-09-21T19:45:44.414Z
6ba6,4-alnum,4,taken,2026-09-21T19:45:44.414Z
g6xa,4-alnum,4,taken,2026-09-21T19:45:44.414Z
xn6b,4-alnum,4,taken,2026-09-21T19:45:44.414Z
f8qh,4-alnum,4,taken,2026-09-21T19:45:44.414Z
ia5d,4-alnum,4,taken,2026-09-21T19:45:44.414Z
xmt4,4-alnum,4,taken,2026-09-21T19:45:44.414Z
8are,4-alnum,4,taken,2026-09-21T19:45:44.414Z
53br,4-alnum,4,taken,2026-09-21T19:45:44.414Z
k5u8,4-alnum,4,taken,2026-09-21T19:45:44.414Z
8xpz,4-alnum,4,taken,2026-09-21T19:45:44.414Z
j59t,4-alnum,4,taken,2026-09-21T19:45:44.414Z
8vdz,4-alnum,4,taken,2026-09-21T19:45:44.414Z
s7e5,4-alnum,4,taken,2026-09-21T19:45:44.414Z
12io,4-alnum,4,taken,2026-09-21T19:45:44.414Z
4yvp,4-alnum,4,taken,2026-09-21T19:45:44.414Z
0uqx,4-alnum,4,taken,2026-09-21T19:45:44.414Z
br1f,4-alnum,4,taken,2026-09-21T19:45:44.414Z
zom8,4-alnum,4,taken,2026-09-21T19:45:44.414Z
x95e,4-alnum,4,taken,2026-09-21T19:45:44.414Z
zy12,4-alnum,4,taken,2026-09-21T19:45:44.414Z
5ly4,4-alnum,4,taken,2026-09-21T19:45:44.414Z
qaj6,4-alnum,4,taken,2026-09-21T19:45:44.414Z
bnr3,4-alnum,4,taken,2026-09-21T19:45:44.414Z
1k53,4-alnum,4,taken,2026-09-21T19:45:44.414Z
luo7,4-alnum,4,taken,2026-09-21T19:45:44.414Z
s5k4,4-alnum,4,taken,2026-09-21T19:45:44.414Z
hl99,4-alnum,4,taken,2026-09-21T19:45:44.414Z
o2hx,4-alnum,4,taken,2026-09-21T19:45:44.414Z
i6h2,4-alnum,4,taken,2026-09-21T19:45:44.414Z
3z2m,4-alnum,4,taken,2026-09-21T19:45:44.414Z
8nc3,4-alnum,4,taken,2026-09-21T19:45:44.414Z
tsp1,4-alnum,4,taken,2026-09-21T19:45:44.414Z
v0dz,4-alnum,4,taken,2026-09-21T19:45:44.414Z
2u4x,4-alnum,4,taken,2026-09-21T19:45:44.414Z
m88t,4-alnum,4,taken,2026-09-21T19:45:44.414Z
nke6,4-alnum,4,taken,2026-09-21T19:45:44.414Z
pwg8,4-alnum,4,taken,2026-09-21T19:45:44.414Z
6fcz,4-alnum,4,taken,2026-09-21T19:45:44.414Z
f4t5,4-alnum,4,taken,2026-09-21T19:45:44.414Z
e1o8,4-alnum,4,taken,2026-09-21T19:45:44.414Z
ghd8,4-alnum,4,taken,2026-09-21T19:45:44.414Z
t06o,4-alnum,4,taken,2026-09-21T19:45:44.414Z
slj2,4-alnum,4,taken,2026-09-21T19:45:44.414Z
c8a1,4-alnum,4,taken,2026-09-21T19:45:44.414Z
9nsb,4-alnum,4,taken,2026-09-21T19:46:15.191Z
5plo,4-alnum,4,taken,2026-09-21T19:46:15.191Z
6ti9,4-alnum,4,taken,2026-09-21T19:46:15.191Z
c9ei,4-alnum,4,taken,2026-09-21T19:46:15.191Z
f0za,4-alnum,4,taken,2026-09-21T19:46:15.191Z
wa78,4-alnum,4,taken,2026-09-21T19:46:15.191Z
5ke6,4-alnum,4,taken,2026-09-21T19:46:15.191Z
jhj3,4-alnum,4,taken,2026-09-21T19:46:15.191Z
l9wf,4-alnum,4,taken,2026-09-21T19:46:15.191Z
8tl2,4-alnum,4,taken,2026-09-21T19:46:15.191Z
a1he,4-alnum,4,taken,2026-09-21T19:46:15.191Z
wg2n,4-alnum,4,taken,2026-09-21T19:46:15.191Z
2y7z,4-alnum,4,taken,2026-09-21T19:46:15.191Z
yaw5,4-alnum,4,taken,2026-09-21T19:46:15.191Z
m2kw,4-alnum,4,taken,2026-09-21T19:46:15.191Z
4ta1,4-alnum,4,taken,2026-09-21T19:46:15.191Z
b0hh,4-alnum,4,taken,2026-09-21T19:46:15.191Z
294t,4-alnum,4,taken,2026-09-21T19:46:15.191Z
ion5,4-alnum,4,taken,2026-09-21T19:46:15.191Z
lz01,4-alnum,4,taken,2026-09-21T19:46:15.191Z
x8eg,4-alnum,4,taken,2026-09-21T19:46:15.191Z
3wcq,4-alnum,4,taken,2026-09-21T19:46:15.191Z
9evk,4-alnum,4,taken,2026-09-21T19:46:15.191Z
of86,4-alnum,4,taken,2026-09-21T19:46:15.191Z
5x71,4-alnum,4,taken,2026-09-21T19:46:15.191Z
jg7j,4-alnum,4,taken,2026-09-21T19:46:15.191Z
bax5,4-alnum,4,taken,2026-09-21T19:46:15.191Z
11eq,4-alnum,4,taken,2026-09-21T19:46:15.191Z
8veh,4-alnum,4,taken,2026-09-21T19:46:15.191Z
nz72,4-alnum,4,taken,2026-09-21T19:46:15.191Z
le61,4-alnum,4,taken,2026-09-21T19:46:15.191Z
5y9n,4-alnum,4,taken,2026-09-21T19:46:15.191Z
7f85,4-alnum,4,taken,2026-09-21T19:46:15.191Z
9r2x,4-alnum,4,taken,2026-09-21T19:46:15.191Z
yfu5,4-alnum,4,taken,2026-09-21T19:46:15.191Z
jho0,4-alnum,4,taken,2026-09-21T19:46:15.191Z
2qhi,4-alnum,4,taken,2026-09-21T19:46:15.191Z
g5sb,4-alnum,4,taken,2026-09-21T19:46:15.191Z
zh81,4-alnum,4,taken,2026-09-21T19:46:15.191Z
rj3p,4-alnum,4,taken,2026-09-21T19:46:15.191Z
g0qw,4-alnum,4,taken,2026-09-21T19:46:15.191Z
2rfy,4-alnum,4,taken,2026-09-21T19:46:15.191Z
l9ut,4-alnum,4,taken,2026-09-21T19:46:15.191Z
ycu6,4-alnum,4,taken,2026-09-21T19:46:15.191Z
c006,4-alnum,4,taken,2026-09-21T19:46:15.191Z
ulk8,4-alnum,4,taken,2026-09-21T19:46:15.191Z
3zld,4-alnum,4,taken,2026-09-21T19:46:15.191Z
6jxn,4-alnum,4,taken,2026-09-21T19:46:15.191Z
1vpb,4-alnum,4,taken,2026-09-21T19:46:15.191Z
o0an,4-alnum,4,taken,2026-09-21T19:46:15.191Z
dfz7,4-alnum,4,taken,2026-09-21T19:46:15.191Z
l4gf,4-alnum,4,taken,2026-09-21T19:46:15.191Z
pc2y,4-alnum,4,taken,2026-09-21T19:46:15.191Z
6vd2,4-alnum,4,taken,2026-09-21T19:46:15.191Z
7fgd,4-alnum,4,taken,2026-09-21T19:46:15.191Z
c1vp,4-alnum,4,taken,2026-09-21T19:46:15.191Z
egr4,4-alnum,4,taken,2026-09-21T19:46:15.191Z
iq4a,4-alnum,4,taken,2026-09-21T19:46:15.191Z
s464,4-alnum,4,taken,2026-09-21T19:46:15.191Z
10n1,4-alnum,4,taken,2026-09-21T19:46:15.191Z
g6ft,4-alnum,4,taken,2026-09-21T19:46:15.191Z
kd3q,4-alnum,4,taken,2026-09-21T19:46:15.191Z
wmv7,4-alnum,4,taken,2026-09-21T19:46:15.191Z
6grc,4-alnum,4,taken,2026-09-21T19:46:15.191Z
8r7k,4-alnum,4,taken,2026-09-21T19:46:15.191Z
akb1,4-alnum,4,taken,2026-09-21T19:46:15.191Z
r4o7,4-alnum,4,taken,2026-09-21T19:46:15.191Z
7fsg,4-alnum,4,taken,2026-09-21T19:46:15.191Z
17k4,4-alnum,4,taken,2026-09-21T19:46:15.191Z
7rwu,4-alnum,4,taken,2026-09-21T19:46:15.191Z
ixh2,4-alnum,4,taken,2026-09-21T19:46:15.191Z
rgt2,4-alnum,4,taken,2026-09-21T19:46:15.191Z
nt9d,4-alnum,4,taken,2026-09-21T19:46:15.191Z
kr2m,4-alnum,4,taken,2026-09-21T19:46:15.191Z
lws6,4-alnum,4,taken,2026-09-21T19:46:15.191Z
2ycc,4-alnum,4,taken,2026-09-21T19:46:15.191Z
jil4,4-alnum,4,taken,2026-09-21T19:46:15.191Z
fx9x,4-alnum,4,taken,2026-09-21T19:46:15.191Z
z5og,4-alnum,4,taken,2026-09-21T19:46:15.191Z
slc0,4-alnum,4,taken,2026-09-21T19:46:15.191Z
omf9,4-alnum,4,taken,2026-09-21T19:46:15.191Z
64p8,4-alnum,4,taken,2026-09-21T19:46:15.191Z
lbs4,4-alnum,4,taken,2026-09-21T19:46:15.191Z
yum7,4-alnum,4,taken,2026-09-21T19:46:15.191Z
12vc,4-alnum,4,taken,2026-09-21T19:46:15.191Z
hjx0,4-alnum,4,taken,2026-09-21T19:46:15.191Z
9hoj,4-alnum,4,taken,2026-09-21T19:46:15.191Z
h8fp,4-alnum,4,taken,2026-09-21T19:46:15.191Z
o6lc,4-alnum,4,taken,2026-09-21T19:46:15.191Z
uu9o,4-alnum,4,taken,2026-09-21T19:46:15.191Z
i73r,4-alnum,4,taken,2026-09-21T19:46:15.191Z
u5fz,4-alnum,4,taken,2026-09-21T19:46:15.191Z
kwl3,4-alnum,4,taken,2026-09-21T19:46:15.191Z
8ukk,4-alnum,4,taken,2026-09-21T19:46:15.191Z
6arz,4-alnum,4,taken,2026-09-21T19:46:15.191Z
w6xg,4-alnum,4,taken,2026-09-21T19:46:15.191Z
54rp,4-alnum,4,taken,2026-09-21T19:46:15.191Z
zt0d,4-alnum,4,taken,2026-09-21T19:46:15.191Z
0ilq,4-alnum,4,taken,2026-09-21T19:46:15.191Z
owr8,4-alnum,4,taken,2026-09-21T19:46:15.191Z
yb96,4-alnum,4,taken,2026-09-21T19:46:45.839Z
8y11,4-alnum,4,taken,2026-09-21T19:46:45.839Z
h659,4-alnum,4,taken,2026-09-21T19:46:45.839Z
eoj0,4-alnum,4,taken,2026-09-21T19:46:45.839Z
hm7x,4-alnum,4,taken,2026-09-21T19:46:45.839Z
4t80,4-alnum,4,taken,2026-09-21T19:46:45.839Z
k5dd,4-alnum,4,taken,2026-09-21T19:46:45.839Z
d03e,4-alnum,4,taken,2026-09-21T19:46:45.839Z
zb0o,4-alnum,4,taken,2026-09-21T19:46:45.839Z
f92r,4-alnum,4,taken,2026-09-21T19:46:45.839Z
54kh,4-alnum,4,taken,2026-09-21T19:46:45.839Z
o9j9,4-alnum,4,taken,2026-09-21T19:46:45.839Z
4ho5,4-alnum,4,taken,2026-09-21T19:46:45.839Z
qa9p,4-alnum,4,taken,2026-09-21T19:46:45.839Z
kzx0,4-alnum,4,taken,2026-09-21T19:46:45.839Z
ght2,4-alnum,4,taken,2026-09-21T19:46:45.839Z
50tb,4-alnum,4,taken,2026-09-21T19:46:45.839Z
3gwe,4-alnum,4,taken,2026-09-21T19:46:45.839Z
go2t,4-alnum,4,taken,2026-09-21T19:46:45.839Z
iru8,4-alnum,4,taken,2026-09-21T19:46:45.839Z
a8f5,4-alnum,4,taken,2026-09-21T19:46:45.839Z
c4w7,4-alnum,4,taken,2026-09-21T19:46:45.839Z
op4a,4-alnum,4,taken,2026-09-21T19:46:45.839Z
tss1,4-alnum,4,taken,2026-09-21T19:46:45.839Z
zli9,4-alnum,4,taken,2026-09-21T19:46:45.839Z
p2y4,4-alnum,4,taken,2026-09-21T19:46:45.839Z
7r3r,4-alnum,4,taken,2026-09-21T19:46:45.839Z
tq5e,4-alnum,4,taken,2026-09-21T19:46:45.839Z
nv1g,4-alnum,4,taken,2026-09-21T19:46:45.839Z
0ymm,4-alnum,4,taken,2026-09-21T19:46:45.839Z
6tn9,4-alnum,4,taken,2026-09-21T19:46:45.839Z
m1fj,4-alnum,4,taken,2026-09-21T19:46:45.839Z
10mc,4-alnum,4,taken,2026-09-21T19:46:45.839Z
9htz,4-alnum,4,taken,2026-09-21T19:46:45.839Z
6bbi,4-alnum,4,taken,2026-09-21T19:46:45.839Z
e2hz,4-alnum,4,taken,2026-09-21T19:46:45.839Z
p7gq,4-alnum,4,taken,2026-09-21T19:46:45.839Z
1bux,4-alnum,4,taken,2026-09-21T19:46:45.839Z
c16g,4-alnum,4,taken,2026-09-21T19:46:45.839Z
0tw2,4-alnum,4,taken,2026-09-21T19:46:45.839Z
55ch,4-alnum,4,taken,2026-09-21T19:46:45.839Z
g2yk,4-alnum,4,taken,2026-09-21T19:46:45.839Z
7mez,4-alnum,4,taken,2026-09-21T19:46:45.839Z
lm7z,4-alnum,4,taken,2026-09-21T19:46:45.839Z
708y,4-alnum,4,taken,2026-09-21T19:46:45.839Z
vgr0,4-alnum,4,taken,2026-09-21T19:46:45.839Z
b2uy,4-alnum,4,taken,2026-09-21T19:46:45.839Z
avw4,4-alnum,4,taken,2026-09-21T19:46:45.839Z
2dei,4-alnum,4,taken,2026-09-21T19:46:45.839Z
0zrj,4-alnum,4,taken,2026-09-21T19:46:45.839Z
q7pk,4-alnum,4,taken,2026-09-21T19:46:45.839Z
ota8,4-alnum,4,taken,2026-09-21T19:46:45.839Z
20j3,4-alnum,4,taken,2026-09-21T19:46:45.839Z
f7ho,4-alnum,4,taken,2026-09-21T19:46:45.839Z
na00,4-alnum,4,taken,2026-09-21T19:46:45.839Z
now8,4-alnum,4,taken,2026-09-21T19:46:45.839Z
jw1y,4-alnum,4,taken,2026-09-21T19:46:45.839Z
2gye,4-alnum,4,taken,2026-09-21T19:46:45.839Z
3ful,4-alnum,4,taken,2026-09-21T19:46:45.839Z
i8tk,4-alnum,4,taken,2026-09-21T19:46:45.839Z
1ykf,4-alnum,4,taken,2026-09-21T19:46:45.839Z
g4ph,4-alnum,4,taken,2026-09-21T19:46:45.839Z
t6qu,4-alnum,4,taken,2026-09-21T19:46:45.839Z
yv4b,4-alnum,4,taken,2026-09-21T19:46:45.839Z
q95y,4-alnum,4,taken,2026-09-21T19:46:45.839Z
52sb,4-alnum,4,taken,2026-09-21T19:46:45.839Z
76a2,4-alnum,4,taken,2026-09-21T19:46:45.839Z
inb2,4-alnum,4,taken,2026-09-21T19:46:45.839Z
h482,4-alnum,4,taken,2026-09-21T19:46:45.839Z
y1so,4-alnum,4,taken,2026-09-21T19:46:45.839Z
2bp9,4-alnum,4,taken,2026-09-21T19:46:45.839Z
y42j,4-alnum,4,taken,2026-09-21T19:46:45.839Z
92m7,4-alnum,4,taken,2026-09-21T19:46:45.839Z
10d7,4-alnum,4,taken,2026-09-21T19:46:45.839Z
0xeq,4-alnum,4,taken,2026-09-21T19:46:45.839Z
8lwa,4-alnum,4,taken,2026-09-21T19:46:45.839Z
j04m,4-alnum,4,taken,2026-09-21T19:46:45.839Z
q1v4,4-alnum,4,taken,2026-09-21T19:46:45.839Z
mpx9,4-alnum,4,taken,2026-09-21T19:46:45.839Z
k8d5,4-alnum,4,taken,2026-09-21T19:46:45.839Z
wga5,4-alnum,4,taken,2026-09-21T19:46:45.839Z
0vz8,4-alnum,4,taken,2026-09-21T19:46:45.839Z
xa7d,4-alnum,4,taken,2026-09-21T19:46:45.839Z
u1ll,4-alnum,4,taken,2026-09-21T19:46:45.839Z
z61d,4-alnum,4,taken,2026-09-21T19:46:45.839Z
9xkw,4-alnum,4,taken,2026-09-21T19:46:45.839Z
1gih,4-alnum,4,taken,2026-09-21T19:46:45.839Z
1c5q,4-alnum,4,taken,2026-09-21T19:46:45.839Z
x9ar,4-alnum,4,taken,2026-09-21T19:46:45.839Z
iqq9,4-alnum,4,taken,2026-09-21T19:46:45.839Z
mp60,4-alnum,4,taken,2026-09-21T19:46:45.839Z
lpt5,4-alnum,4,taken,2026-09-21T19:46:45.839Z
s86s,4-alnum,4,taken,2026-09-21T19:46:45.839Z
ru5z,4-alnum,4,taken,2026-09-21T19:46:45.839Z
7tze,4-alnum,4,taken,2026-09-21T19:46:45.839Z
9wj5,4-alnum,4,taken,2026-09-21T19:46:45.839Z
zt82,4-alnum,4,taken,2026-09-21T19:46:45.839Z
hxn7,4-alnum,4,taken,2026-09-21T19:46:45.839Z
ry9u,4-alnum,4,taken,2026-09-21T19:46:45.839Z
bm5o,4-alnum,4,taken,2026-09-21T19:46:45.839Z
5syj,4-alnum,4,taken,2026-09-21T19:47:16.495Z
j2hd,4-alnum,4,taken,2026-09-21T19:47:16.495Z
185i,4-alnum,4,taken,2026-09-21T19:47:16.495Z
181u,4-alnum,4,taken,2026-09-21T19:47:16.495Z
c16d,4-alnum,4,taken,2026-09-21T19:47:16.495Z
91y4,4-alnum,4,taken,2026-09-21T19:47:16.495Z
qe2q,4-alnum,4,taken,2026-09-21T19:47:16.495Z
rs1s,4-alnum,4,taken,2026-09-21T19:47:16.495Z
v8eq,4-alnum,4,taken,2026-09-21T19:47:16.495Z
47lt,4-alnum,4,taken,2026-09-21T19:47:16.495Z
a0u6,4-alnum,4,taken,2026-09-21T19:47:16.495Z
q31c,4-alnum,4,taken,2026-09-21T19:47:16.495Z
o6bp,4-alnum,4,taken,2026-09-21T19:47:16.495Z
nnu7,4-alnum,4,taken,2026-09-21T19:47:16.495Z
3cp5,4-alnum,4,taken,2026-09-21T19:47:16.495Z
8t7x,4-alnum,4,taken,2026-09-21T19:47:16.495Z
06yp,4-alnum,4,taken,2026-09-21T19:47:16.495Z
6enj,4-alnum,4,taken,2026-09-21T19:47:16.495Z
7u8w,4-alnum,4,taken,2026-09-21T19:47:16.495Z
vcv6,4-alnum,4,taken,2026-09-21T19:47:16.495Z
m1bo,4-alnum,4,taken,2026-09-21T19:47:16.495Z
pr04,4-alnum,4,taken,2026-09-21T19:47:16.495Z
5t0h,4-alnum,4,taken,2026-09-21T19:47:16.495Z
7h4z,4-alnum,4,taken,2026-09-21T19:47:16.495Z
a67v,4-alnum,4,taken,2026-09-21T19:47:16.495Z
9l98,4-alnum,4,taken,2026-09-21T19:47:16.495Z
liw7,4-alnum,4,taken,2026-09-21T19:47:16.495Z
43fz,4-alnum,4,taken,2026-09-21T19:47:16.495Z
tzq9,4-alnum,4,taken,2026-09-21T19:47:16.495Z
thv6,4-alnum,4,taken,2026-09-21T19:47:16.495Z
6g4n,4-alnum,4,taken,2026-09-21T19:47:16.495Z
r4p0,4-alnum,4,taken,2026-09-21T19:47:16.495Z
u29c,4-alnum,4,taken,2026-09-21T19:47:16.495Z
oiv1,4-alnum,4,taken,2026-09-21T19:47:16.495Z
g8ms,4-alnum,4,taken,2026-09-21T19:47:16.495Z
2rh1,4-alnum,4,taken,2026-09-21T19:47:16.495Z
5tg2,4-alnum,4,taken,2026-09-21T19:47:16.495Z
35cu,4-alnum,4,taken,2026-09-21T19:47:16.495Z
vpn7,4-alnum,4,taken,2026-09-21T19:47:16.495Z
scp3,4-alnum,4,taken,2026-09-21T19:47:16.495Z
m4tn,4-alnum,4,taken,2026-09-21T19:47:16.495Z
d490,4-alnum,4,taken,2026-09-21T19:47:16.495Z
1g4w,4-alnum,4,taken,2026-09-21T19:47:16.495Z
pl9f,4-alnum,4,taken,2026-09-21T19:47:16.495Z
465p,4-alnum,4,taken,2026-09-21T19:47:16.495Z
a9uc,4-alnum,4,taken,2026-09-21T19:47:16.495Z
zo70,4-alnum,4,taken,2026-09-21T19:47:16.495Z
kic6,4-alnum,4,taken,2026-09-21T19:47:16.495Z
y8kh,4-alnum,4,taken,2026-09-21T19:47:16.495Z
ce6e,4-alnum,4,taken,2026-09-21T19:47:16.495Z
nat3,4-alnum,4,taken,2026-09-21T19:47:16.495Z
c73y,4-alnum,4,taken,2026-09-21T19:47:16.495Z
3bkl,4-alnum,4,taken,2026-09-21T19:47:16.495Z
8cbe,4-alnum,4,taken,2026-09-21T19:47:16.495Z
m52l,4-alnum,4,taken,2026-09-21T19:47:16.495Z
m2ke,4-alnum,4,taken,2026-09-21T19:47:16.495Z
slt6,4-alnum,4,taken,2026-09-21T19:47:16.495Z
yt7n,4-alnum,4,taken,2026-09-21T19:47:16.495Z
r9be,4-alnum,4,taken,2026-09-21T19:47:16.495Z
6vab,4-alnum,4,taken,2026-09-21T19:47:16.495Z
g0wg,4-alnum,4,taken,2026-09-21T19:47:16.495Z
cff4,4-alnum,4,taken,2026-09-21T19:47:16.495Z
0l8k,4-alnum,4,taken,2026-09-21T19:47:16.495Z
08o0,4-alnum,4,taken,2026-09-21T19:47:16.495Z
pze8,4-alnum,4,taken,2026-09-21T19:47:16.495Z
gfz8,4-alnum,4,taken,2026-09-21T19:47:16.495Z
3py3,4-alnum,4,taken,2026-09-21T19:47:16.495Z
me8j,4-alnum,4,taken,2026-09-21T19:47:16.495Z
tkr3,4-alnum,4,taken,2026-09-21T19:47:16.495Z
i28u,4-alnum,4,taken,2026-09-21T19:47:16.495Z
y0y2,4-alnum,4,taken,2026-09-21T19:47:16.495Z
56vk,4-alnum,4,taken,2026-09-21T19:47:16.495Z
0b1f,4-alnum,4,taken,2026-09-21T19:47:16.495Z
8byq,4-alnum,4,taken,2026-09-21T19:47:16.495Z
4sha,4-alnum,4,taken,2026-09-21T19:47:16.495Z
lj42,4-alnum,4,taken,2026-09-21T19:47:16.495Z
618o,4-alnum,4,taken,2026-09-21T19:47:16.495Z
7r8w,4-alnum,4,taken,2026-09-21T19:47:16.495Z
j0o1,4-alnum,4,taken,2026-09-21T19:47:16.495Z
ge1d,4-alnum,4,taken,2026-09-21T19:47:16.495Z
645y,4-alnum,4,taken,2026-09-21T19:47:16.495Z
chs6,4-alnum,4,taken,2026-09-21T19:47:16.495Z
txv4,4-alnum,4,taken,2026-09-21T19:47:16.495Z
tst5,4-alnum,4,taken,2026-09-21T19:47:16.495Z
r31e,4-alnum,4,taken,2026-09-21T19:47:16.495Z
4yvh,4-alnum,4,taken,2026-09-21T19:47:16.495Z
z206,4-alnum,4,taken,2026-09-21T19:47:16.495Z
1wk9,4-alnum,4,taken,2026-09-21T19:47:16.495Z
b9o1,4-alnum,4,taken,2026-09-21T19:47:16.495Z
sq8l,4-alnum,4,taken,2026-09-21T19:47:16.495Z
8i7w,4-alnum,4,taken,2026-09-21T19:47:16.495Z
wi9q,4-alnum,4,taken,2026-09-21T19:47:16.495Z
zu6k,4-alnum,4,taken,2026-09-21T19:47:16.495Z
72gx,4-alnum,4,taken,2026-09-21T19:47:16.495Z
xgj1,4-alnum,4,taken,2026-09-21T19:47:16.495Z
951m,4-alnum,4,taken,2026-09-21T19:47:16.495Z
tbf0,4-alnum,4,taken,2026-09-21T19:47:16.495Z
1wab,4-alnum,4,taken,2026-09-21T19:47:16.495Z
tom1,4-alnum,4,taken,2026-09-21T19:47:16.495Z
f2i9,4-alnum,4,taken,2026-09-21T19:47:16.495Z
2nvy,4-alnum,4,taken,2026-09-21T19:47:47.432Z
r344,4-alnum,4,taken,2026-09-21T19:47:47.432Z
1nmh,4-alnum,4,taken,2026-09-21T19:47:47.432Z
5tdl,4-alnum,4,taken,2026-09-21T19:47:47.432Z
13q1,4-alnum,4,taken,2026-09-21T19:47:47.432Z
o2ci,4-alnum,4,taken,2026-09-21T19:47:47.432Z
up09,4-alnum,4,taken,2026-09-21T19:47:47.432Z
i9ko,4-alnum,4,taken,2026-09-21T19:47:47.432Z
nc4l,4-alnum,4,taken,2026-09-21T19:47:47.432Z
h111,4-alnum,4,taken,2026-09-21T19:47:47.432Z
dn1l,4-alnum,4,taken,2026-09-21T19:47:47.432Z
6m13,4-alnum,4,taken,2026-09-21T19:47:47.432Z
f8zt,4-alnum,4,taken,2026-09-21T19:47:47.432Z
t4ff,4-alnum,4,taken,2026-09-21T19:47:47.432Z
h11n,4-alnum,4,taken,2026-09-21T19:47:47.432Z
2lcu,4-alnum,4,taken,2026-09-21T19:47:47.432Z
r9dl,4-alnum,4,taken,2026-09-21T19:47:47.432Z
fn4b,4-alnum,4,taken,2026-09-21T19:47:47.432Z
ne9x,4-alnum,4,taken,2026-09-21T19:47:47.432Z
7h3h,4-alnum,4,taken,2026-09-21T19:47:47.432Z
mpg9,4-alnum,4,taken,2026-09-21T19:47:47.432Z
vem8,4-alnum,4,taken,2026-09-21T19:47:47.432Z
ge9i,4-alnum,4,taken,2026-09-21T19:47:47.432Z
78zv,4-alnum,4,taken,2026-09-21T19:47:47.432Z
0r9e,4-alnum,4,taken,2026-09-21T19:47:47.432Z
1jw2,4-alnum,4,taken,2026-09-21T19:47:47.432Z
3lfm,4-alnum,4,taken,2026-09-21T19:47:47.432Z
wk2e,4-alnum,4,taken,2026-09-21T19:47:47.432Z
1iuu,4-alnum,4,taken,2026-09-21T19:47:47.432Z
ha24,4-alnum,4,taken,2026-09-21T19:47:47.432Z
f2c0,4-alnum,4,taken,2026-09-21T19:47:47.432Z
4pac,4-alnum,4,taken,2026-09-21T19:47:47.432Z
27fp,4-alnum,4,taken,2026-09-21T19:47:47.432Z
1kj2,4-alnum,4,taken,2026-09-21T19:47:47.432Z
r3wk,4-alnum,4,taken,2026-09-21T19:47:47.432Z
x89a,4-alnum,4,taken,2026-09-21T19:47:47.432Z
ych1,4-alnum,4,taken,2026-09-21T19:47:47.432Z
4dlb,4-alnum,4,taken,2026-09-21T19:47:47.432Z
yqo4,4-alnum,4,taken,2026-09-21T19:47:47.432Z
6j34,4-alnum,4,taken,2026-09-21T19:47:47.432Z
581n,4-alnum,4,taken,2026-09-21T19:47:47.432Z
jy74,4-alnum,4,taken,2026-09-21T19:47:47.432Z
wg5r,4-alnum,4,taken,2026-09-21T19:47:47.432Z
h5fu,4-alnum,4,taken,2026-09-21T19:47:47.432Z
f3wz,4-alnum,4,taken,2026-09-21T19:47:47.432Z
06on,4-alnum,4,taken,2026-09-21T19:47:47.432Z
9mfj,4-alnum,4,taken,2026-09-21T19:47:47.432Z
zvv2,4-alnum,4,taken,2026-09-21T19:47:47.432Z
p1u9,4-alnum,4,taken,2026-09-21T19:47:47.432Z
jtd6,4-alnum,4,taken,2026-09-21T19:47:47.432Z
i5cq,4-alnum,4,taken,2026-09-21T19:47:47.432Z
ymq4,4-alnum,4,taken,2026-09-21T19:47:47.432Z
qmx1,4-alnum,4,taken,2026-09-21T19:47:47.432Z
t33v,4-alnum,4,taken,2026-09-21T19:47:47.432Z
f6xv,4-alnum,4,taken,2026-09-21T19:47:47.432Z
8r1h,4-alnum,4,taken,2026-09-21T19:47:47.432Z
1tmj,4-alnum,4,taken,2026-09-21T19:47:47.432Z
e1xd,4-alnum,4,taken,2026-09-21T19:47:47.432Z
h7iy,4-alnum,4,taken,2026-09-21T19:47:47.432Z
i3ml,4-alnum,4,taken,2026-09-21T19:47:47.432Z
vu34,4-alnum,4,taken,2026-09-21T19:47:47.432Z
s9my,4-alnum,4,taken,2026-09-21T19:47:47.432Z
15ay,4-alnum,4,taken,2026-09-21T19:47:47.432Z
kh0o,4-alnum,4,taken,2026-09-21T19:47:47.432Z
5tvi,4-alnum,4,taken,2026-09-21T19:47:47.432Z
u1te,4-alnum,4,taken,2026-09-21T19:47:47.432Z
6iaw,4-alnum,4,taken,2026-09-21T19:47:47.432Z
8rvn,4-alnum,4,taken,2026-09-21T19:47:47.432Z
3xwu,4-alnum,4,taken,2026-09-21T19:47:47.432Z
0aw5,4-alnum,4,taken,2026-09-21T19:47:47.432Z
o1iq,4-alnum,4,taken,2026-09-21T19:47:47.432Z
fj1y,4-alnum,4,taken,2026-09-21T19:47:47.432Z
4w7r,4-alnum,4,taken,2026-09-21T19:47:47.432Z
d8gs,4-alnum,4,taken,2026-09-21T19:47:47.432Z
r211,4-alnum,4,taken,2026-09-21T19:47:47.432Z
coc6,4-alnum,4,taken,2026-09-21T19:47:47.432Z
itk8,4-alnum,4,taken,2026-09-21T19:47:47.432Z
7ce2,4-alnum,4,taken,2026-09-21T19:47:47.432Z
n6j8,4-alnum,4,taken,2026-09-21T19:47:47.432Z
4yek,4-alnum,4,taken,2026-09-21T19:47:47.432Z
eh65,4-alnum,4,taken,2026-09-21T19:47:47.432Z
3rb3,4-alnum,4,taken,2026-09-21T19:47:47.432Z
71p7,4-alnum,4,taken,2026-09-21T19:47:47.432Z
qkt2,4-alnum,4,taken,2026-09-21T19:47:47.432Z
m8pz,4-alnum,4,taken,2026-09-21T19:47:47.432Z
iel4,4-alnum,4,taken,2026-09-21T19:47:47.432Z
5vpb,4-alnum,4,taken,2026-09-21T19:47:47.432Z
x4cd,4-alnum,4,taken,2026-09-21T19:47:47.432Z
7owl,4-alnum,4,taken,2026-09-21T19:47:47.432Z
x8t3,4-alnum,4,taken,2026-09-21T19:47:47.432Z
0s5c,4-alnum,4,taken,2026-09-21T19:47:47.432Z
pf8c,4-alnum,4,taken,2026-09-21T19:47:47.432Z
8fnp,4-alnum,4,taken,2026-09-21T19:47:47.432Z
npr5,4-alnum,4,taken,2026-09-21T19:47:47.432Z
3oux,4-alnum,4,taken,2026-09-21T19:47:47.432Z
xp3c,4-alnum,4,taken,2026-09-21T19:47:47.432Z
udj4,4-alnum,4,taken,2026-09-21T19:47:47.432Z
w8v7,4-alnum,4,taken,2026-09-21T19:47:47.432Z
hp1o,4-alnum,4,taken,2026-09-21T19:47:47.432Z
s97d,4-alnum,4,taken,2026-09-21T19:47:47.432Z
8hzb,4-alnum,4,taken,2026-09-21T19:48:18.344Z
08kl,4-alnum,4,taken,2026-09-21T19:48:18.344Z
irt7,4-alnum,4,taken,2026-09-21T19:48:18.344Z
vwg1,4-alnum,4,taken,2026-09-21T19:48:18.344Z
82lt,4-alnum,4,taken,2026-09-21T19:48:18.344Z
d2wa,4-alnum,4,taken,2026-09-21T19:48:18.344Z
a8ef,4-alnum,4,taken,2026-09-21T19:48:18.344Z
zlm1,4-alnum,4,taken,2026-09-21T19:48:18.344Z
ua92,4-alnum,4,taken,2026-09-21T19:48:18.344Z
y3nl,4-alnum,4,taken,2026-09-21T19:48:18.344Z
89q8,4-alnum,4,taken,2026-09-21T19:48:18.344Z
31f7,4-alnum,4,taken,2026-09-21T19:48:18.344Z
mvd2,4-alnum,4,taken,2026-09-21T19:48:18.344Z
j3d1,4-alnum,4,taken,2026-09-21T19:48:18.344Z
vvf6,4-alnum,4,taken,2026-09-21T19:48:18.344Z
gn4l,4-alnum,4,taken,2026-09-21T19:48:18.344Z
35tx,4-alnum,4,taken,2026-09-21T19:48:18.344Z
68w6,4-alnum,4,taken,2026-09-21T19:48:18.344Z
36qx,4-alnum,4,taken,2026-09-21T19:48:18.344Z
hm0a,4-alnum,4,taken,2026-09-21T19:48:18.344Z
g5lt,4-alnum,4,taken,2026-09-21T19:48:18.344Z
rtw9,4-alnum,4,taken,2026-09-21T19:48:18.344Z
b0da,4-alnum,4,taken,2026-09-21T19:48:18.344Z
n6an,4-alnum,4,taken,2026-09-21T19:48:18.344Z
22sq,4-alnum,4,taken,2026-09-21T19:48:18.344Z
blu8,4-alnum,4,taken,2026-09-21T19:48:18.344Z
fp7v,4-alnum,4,taken,2026-09-21T19:48:18.344Z
wt18,4-alnum,4,taken,2026-09-21T19:48:18.344Z
m26i,4-alnum,4,taken,2026-09-21T19:48:18.344Z
9kke,4-alnum,4,taken,2026-09-21T19:48:18.344Z
5iyd,4-alnum,4,taken,2026-09-21T19:48:18.344Z
0d63,4-alnum,4,taken,2026-09-21T19:48:18.344Z
v8iz,4-alnum,4,taken,2026-09-21T19:48:18.344Z
93mm,4-alnum,4,taken,2026-09-21T19:48:18.344Z
dap7,4-alnum,4,taken,2026-09-21T19:48:18.344Z
um10,4-alnum,4,taken,2026-09-21T19:48:18.344Z
ro0s,4-alnum,4,taken,2026-09-21T19:48:18.344Z
4dj9,4-alnum,4,taken,2026-09-21T19:48:18.344Z
n15k,4-alnum,4,taken,2026-09-21T19:48:18.344Z
x3z2,4-alnum,4,taken,2026-09-21T19:48:18.344Z
ohg4,4-alnum,4,taken,2026-09-21T19:48:18.344Z
5sy2,4-alnum,4,taken,2026-09-21T19:48:18.344Z
2ncj,4-alnum,4,taken,2026-09-21T19:48:18.344Z
0ijc,4-alnum,4,taken,2026-09-21T19:48:18.344Z
et49,4-alnum,4,taken,2026-09-21T19:48:18.344Z
8pm8,4-alnum,4,taken,2026-09-21T19:48:18.344Z
3qbn,4-alnum,4,taken,2026-09-21T19:48:18.344Z
7mmu,4-alnum,4,taken,2026-09-21T19:48:18.344Z
x4vh,4-alnum,4,taken,2026-09-21T19:48:18.344Z
70h5,4-alnum,4,taken,2026-09-21T19:48:18.344Z
a74f,4-alnum,4,taken,2026-09-21T19:48:18.344Z
0ar5,4-alnum,4,taken,2026-09-21T19:48:18.344Z
w1iw,4-alnum,4,taken,2026-09-21T19:48:18.344Z
cog5,4-alnum,4,taken,2026-09-21T19:48:18.344Z
h4ym,4-alnum,4,taken,2026-09-21T19:48:18.344Z
xwe3,4-alnum,4,taken,2026-09-21T19:48:18.344Z
kp7f,4-alnum,4,taken,2026-09-21T19:48:18.344Z
sb5u,4-alnum,4,taken,2026-09-21T19:48:18.344Z
9oc5,4-alnum,4,taken,2026-09-21T19:48:18.344Z
78gv,4-alnum,4,taken,2026-09-21T19:48:18.344Z
j9zc,4-alnum,4,taken,2026-09-21T19:48:18.344Z
1ni7,4-alnum,4,taken,2026-09-21T19:48:18.344Z
vh4p,4-alnum,4,taken,2026-09-21T19:48:18.344Z
5w73,4-alnum,4,taken,2026-09-21T19:48:18.344Z
9p3f,4-alnum,4,taken,2026-09-21T19:48:18.344Z
8hxi,4-alnum,4,taken,2026-09-21T19:48:18.344Z
1i63,4-alnum,4,taken,2026-09-21T19:48:18.344Z
vh8z,4-alnum,4,taken,2026-09-21T19:48:18.344Z
9g5s,4-alnum,4,taken,2026-09-21T19:48:18.344Z
9ur9,4-alnum,4,taken,2026-09-21T19:48:18.344Z
r4ep,4-alnum,4,taken,2026-09-21T19:48:18.344Z
73by,4-alnum,4,taken,2026-09-21T19:48:18.344Z
pi1n,4-alnum,4,taken,2026-09-21T19:48:18.344Z
69op,4-alnum,4,taken,2026-09-21T19:48:18.344Z
dp9s,4-alnum,4,taken,2026-09-21T19:48:18.344Z
p8qh,4-alnum,4,taken,2026-09-21T19:48:18.344Z
94ex,4-alnum,4,taken,2026-09-21T19:48:18.344Z
xi8x,4-alnum,4,taken,2026-09-21T19:48:18.344Z
j126,4-alnum,4,taken,2026-09-21T19:48:18.344Z
5yin,4-alnum,4,taken,2026-09-21T19:48:18.344Z
zvf8,4-alnum,4,taken,2026-09-21T19:48:18.344Z
215r,4-alnum,4,taken,2026-09-21T19:48:18.344Z
6b7q,4-alnum,4,taken,2026-09-21T19:48:18.344Z
y9x3,4-alnum,4,taken,2026-09-21T19:48:18.344Z
t5lm,4-alnum,4,taken,2026-09-21T19:48:18.344Z
w9aj,4-alnum,4,taken,2026-09-21T19:48:18.344Z
jj3g,4-alnum,4,taken,2026-09-21T19:48:18.344Z
44jh,4-alnum,4,taken,2026-09-21T19:48:18.344Z
9m2m,4-alnum,4,taken,2026-09-21T19:48:18.344Z
8gmr,4-alnum,4,taken,2026-09-21T19:48:18.344Z
nh0j,4-alnum,4,taken,2026-09-21T19:48:18.344Z
3gpo,4-alnum,4,taken,2026-09-21T19:48:18.344Z
10ye,4-alnum,4,taken,2026-09-21T19:48:18.344Z
jhb2,4-alnum,4,taken,2026-09-21T19:48:18.344Z
hxj4,4-alnum,4,taken,2026-09-21T19:48:18.344Z
wrc0,4-alnum,4,taken,2026-09-21T19:48:18.344Z
jtn0,4-alnum,4,taken,2026-09-21T19:48:18.344Z
is8e,4-alnum,4,taken,2026-09-21T19:48:18.344Z
3fuy,4-alnum,4,taken,2026-09-21T19:48:18.344Z
7yq8,4-alnum,4,taken,2026-09-21T19:48:18.344Z
oxa6,4-alnum,4,taken,2026-09-21T19:48:49.679Z
q83i,4-alnum,4,taken,2026-09-21T19:48:49.679Z
e0g2,4-alnum,4,taken,2026-09-21T19:48:49.679Z
cqm2,4-alnum,4,taken,2026-09-21T19:48:49.679Z
oh31,4-alnum,4,taken,2026-09-21T19:48:49.679Z
f5ul,4-alnum,4,taken,2026-09-21T19:48:49.679Z
m7mk,4-alnum,4,taken,2026-09-21T19:48:49.679Z
1gn9,4-alnum,4,taken,2026-09-21T19:48:49.679Z
4izl,4-alnum,4,taken,2026-09-21T19:48:49.679Z
7h9f,4-alnum,4,taken,2026-09-21T19:48:49.679Z
y4yu,4-alnum,4,taken,2026-09-21T19:48:49.679Z
3rqc,4-alnum,4,taken,2026-09-21T19:48:49.679Z
umc5,4-alnum,4,taken,2026-09-21T19:48:49.679Z
565a,4-alnum,4,taken,2026-09-21T19:48:49.679Z
e1ds,4-alnum,4,taken,2026-09-21T19:48:49.679Z
58is,4-alnum,4,taken,2026-09-21T19:48:49.679Z
b35o,4-alnum,4,taken,2026-09-21T19:48:49.679Z
0eyp,4-alnum,4,taken,2026-09-21T19:48:49.679Z
ku6v,4-alnum,4,taken,2026-09-21T19:48:49.679Z
fb8l,4-alnum,4,taken,2026-09-21T19:48:49.679Z
w682,4-alnum,4,taken,2026-09-21T19:48:49.679Z
5jor,4-alnum,4,taken,2026-09-21T19:48:49.679Z
snm5,4-alnum,4,taken,2026-09-21T19:48:49.679Z
o1f3,4-alnum,4,taken,2026-09-21T19:48:49.679Z
79hs,4-alnum,4,taken,2026-09-21T19:48:49.679Z
h9mo,4-alnum,4,taken,2026-09-21T19:48:49.679Z
sq3o,4-alnum,4,taken,2026-09-21T19:48:49.679Z
q87f,4-alnum,4,taken,2026-09-21T19:48:49.679Z
zm1a,4-alnum,4,taken,2026-09-21T19:48:49.679Z
b2vg,4-alnum,4,taken,2026-09-21T19:48:49.679Z
p03e,4-alnum,4,taken,2026-09-21T19:48:49.679Z
tes1,4-alnum,4,taken,2026-09-21T19:48:49.679Z
6jg9,4-alnum,4,taken,2026-09-21T19:48:49.679Z
nkl5,4-alnum,4,taken,2026-09-21T19:48:49.679Z
i55h,4-alnum,4,taken,2026-09-21T19:48:49.679Z
zma8,4-alnum,4,taken,2026-09-21T19:48:49.679Z
oeb7,4-alnum,4,taken,2026-09-21T19:48:49.679Z
a80c,4-alnum,4,taken,2026-09-21T19:48:49.679Z
3a85,4-alnum,4,taken,2026-09-21T19:48:49.679Z
8zr5,4-alnum,4,taken,2026-09-21T19:48:49.679Z
6ie7,4-alnum,4,taken,2026-09-21T19:48:49.679Z
yo55,4-alnum,4,taken,2026-09-21T19:48:49.679Z
4dcg,4-alnum,4,taken,2026-09-21T19:48:49.679Z
jti3,4-alnum,4,taken,2026-09-21T19:48:49.679Z
6kut,4-alnum,4,taken,2026-09-21T19:48:49.679Z
l4gt,4-alnum,4,taken,2026-09-21T19:48:49.679Z
4qc4,4-alnum,4,taken,2026-09-21T19:48:49.679Z
w6ag,4-alnum,4,taken,2026-09-21T19:48:49.679Z
o7zs,4-alnum,4,taken,2026-09-21T19:48:49.679Z
hkn1,4-alnum,4,taken,2026-09-21T19:48:49.679Z
q7u1,4-alnum,4,taken,2026-09-21T19:48:49.679Z
mra8,4-alnum,4,taken,2026-09-21T19:48:49.679Z
05ro,4-alnum,4,taken,2026-09-21T19:48:49.679Z
bbu5,4-alnum,4,taken,2026-09-21T19:48:49.679Z
m1nb,4-alnum,4,taken,2026-09-21T19:48:49.679Z
n0bx,4-alnum,4,taken,2026-09-21T19:48:49.679Z
m1df,4-alnum,4,taken,2026-09-21T19:48:49.679Z
5rel,4-alnum,4,taken,2026-09-21T19:48:49.679Z
sam0,4-alnum,4,taken,2026-09-21T19:48:49.679Z
jow8,4-alnum,4,taken,2026-09-21T19:48:49.679Z
c0ht,4-alnum,4,taken,2026-09-21T19:48:49.679Z
jy9w,4-alnum,4,taken,2026-09-21T19:48:49.679Z
wsx1,4-alnum,4,taken,2026-09-21T19:48:49.679Z
7fpq,4-alnum,4,taken,2026-09-21T19:48:49.679Z
bea3,4-alnum,4,taken,2026-09-21T19:48:49.679Z
gzk5,4-alnum,4,taken,2026-09-21T19:48:49.679Z
2jau,4-alnum,4,taken,2026-09-21T19:48:49.679Z
2jhw,4-alnum,4,taken,2026-09-21T19:48:49.679Z
358g,4-alnum,4,taken,2026-09-21T19:48:49.679Z
ivu8,4-alnum,4,taken,2026-09-21T19:48:49.679Z
a8s8,4-alnum,4,taken,2026-09-21T19:48:49.679Z
7d7y,4-alnum,4,taken,2026-09-21T19:48:49.679Z
4meq,4-alnum,4,taken,2026-09-21T19:48:49.679Z
56cy,4-alnum,4,taken,2026-09-21T19:48:49.679Z
p2x1,4-alnum,4,taken,2026-09-21T19:48:49.679Z
3w7x,4-alnum,4,taken,2026-09-21T19:48:49.679Z
s4r1,4-alnum,4,taken,2026-09-21T19:48:49.679Z
1w0u,4-alnum,4,taken,2026-09-21T19:48:49.679Z
t6fd,4-alnum,4,taken,2026-09-21T19:48:49.679Z
5jt9,4-alnum,4,taken,2026-09-21T19:48:49.679Z
21bj,4-alnum,4,taken,2026-09-21T19:48:49.679Z
cin9,4-alnum,4,taken,2026-09-21T19:48:49.679Z
5qr4,4-alnum,4,taken,2026-09-21T19:48:49.679Z
w4bt,4-alnum,4,taken,2026-09-21T19:48:49.679Z
r9pt,4-alnum,4,taken,2026-09-21T19:48:49.679Z
f6u1,4-alnum,4,taken,2026-09-21T19:48:49.679Z
kxi5,4-alnum,4,taken,2026-09-21T19:48:49.679Z
gb6v,4-alnum,4,taken,2026-09-21T19:48:49.679Z
i28t,4-alnum,4,taken,2026-09-21T19:48:49.679Z
x74r,4-alnum,4,taken,2026-09-21T19:48:49.679Z
x93u,4-alnum,4,taken,2026-09-21T19:48:49.679Z
hwu5,4-alnum,4,taken,2026-09-21T19:48:49.679Z
11au,4-alnum,4,taken,2026-09-21T19:48:49.679Z
8nsc,4-alnum,4,taken,2026-09-21T19:48:49.679Z
3xkd,4-alnum,4,taken,2026-09-21T19:48:49.679Z
r67m,4-alnum,4,taken,2026-09-21T19:48:49.679Z
rp2v,4-alnum,4,taken,2026-09-21T19:48:49.679Z
hue5,4-alnum,4,taken,2026-09-21T19:48:49.679Z
047x,4-alnum,4,taken,2026-09-21T19:48:49.679Z
d7bg,4-alnum,4,taken,2026-09-21T19:48:49.679Z
3yy4,4-alnum,4,taken,2026-09-21T19:49:20.261Z
g263,4-alnum,4,taken,2026-09-21T19:49:20.261Z
6i06,4-alnum,4,taken,2026-09-21T19:49:20.261Z
eke7,4-alnum,4,taken,2026-09-21T19:49:20.261Z
2ilm,4-alnum,4,taken,2026-09-21T19:49:20.261Z
s89t,4-alnum,4,taken,2026-09-21T19:49:20.261Z
jjs3,4-alnum,4,taken,2026-09-21T19:49:20.261Z
9do3,4-alnum,4,taken,2026-09-21T19:49:20.261Z
i55b,4-alnum,4,taken,2026-09-21T19:49:20.261Z
5juy,4-alnum,4,taken,2026-09-21T19:49:20.261Z
2vpy,4-alnum,4,taken,2026-09-21T19:49:20.261Z
pk7w,4-alnum,4,taken,2026-09-21T19:49:20.261Z
kz4v,4-alnum,4,taken,2026-09-21T19:49:20.261Z
8b44,4-alnum,4,taken,2026-09-21T19:49:20.261Z
yzk7,4-alnum,4,taken,2026-09-21T19:49:20.261Z
e6up,4-alnum,4,taken,2026-09-21T19:49:20.261Z
xsi5,4-alnum,4,taken,2026-09-21T19:49:20.261Z
2u12,4-alnum,4,taken,2026-09-21T19:49:20.261Z
3j4a,4-alnum,4,taken,2026-09-21T19:49:20.261Z
p2zp,4-alnum,4,taken,2026-09-21T19:49:20.261Z
54qp,4-alnum,4,taken,2026-09-21T19:49:20.261Z
1sxh,4-alnum,4,taken,2026-09-21T19:49:20.261Z
f8wi,4-alnum,4,taken,2026-09-21T19:49:20.261Z
k5v4,4-alnum,4,taken,2026-09-21T19:49:20.261Z
e8ds,4-alnum,4,taken,2026-09-21T19:49:20.261Z
moc1,4-alnum,4,taken,2026-09-21T19:49:20.261Z
b9h8,4-alnum,4,taken,2026-09-21T19:49:20.261Z
pzj2,4-alnum,4,taken,2026-09-21T19:49:20.261Z
1jps,4-alnum,4,taken,2026-09-21T19:49:20.261Z
y6o8,4-alnum,4,taken,2026-09-21T19:49:20.261Z
n5pa,4-alnum,4,taken,2026-09-21T19:49:20.261Z
2b4m,4-alnum,4,taken,2026-09-21T19:49:20.261Z
mdv7,4-alnum,4,taken,2026-09-21T19:49:20.261Z
t9l4,4-alnum,4,taken,2026-09-21T19:49:20.261Z
h8yz,4-alnum,4,taken,2026-09-21T19:49:20.261Z
70re,4-alnum,4,taken,2026-09-21T19:49:20.261Z
sdq8,4-alnum,4,taken,2026-09-21T19:49:20.261Z
8uom,4-alnum,4,taken,2026-09-21T19:49:20.261Z
pso1,4-alnum,4,taken,2026-09-21T19:49:20.261Z
m8j1,4-alnum,4,taken,2026-09-21T19:49:20.261Z
x17k,4-alnum,4,taken,2026-09-21T19:49:20.261Z
olu3,4-alnum,4,taken,2026-09-21T19:49:20.261Z
hp8q,4-alnum,4,taken,2026-09-21T19:49:20.261Z
230k,4-alnum,4,taken,2026-09-21T19:49:20.261Z
43y4,4-alnum,4,taken,2026-09-21T19:49:20.261Z
3wvr,4-alnum,4,taken,2026-09-21T19:49:20.261Z
acw7,4-alnum,4,taken,2026-09-21T19:49:20.261Z
v32h,4-alnum,4,taken,2026-09-21T19:49:20.261Z
h5px,4-alnum,4,taken,2026-09-21T19:49:20.261Z
mai2,4-alnum,4,taken,2026-09-21T19:49:20.261Z
trh9,4-alnum,4,taken,2026-09-21T19:49:20.261Z
oyv5,4-alnum,4,taken,2026-09-21T19:49:20.261Z
ytf0,4-alnum,4,taken,2026-09-21T19:49:20.261Z
2ltr,4-alnum,4,taken,2026-09-21T19:49:20.261Z
u8q7,4-alnum,4,taken,2026-09-21T19:49:20.261Z
w99d,4-alnum,4,taken,2026-09-21T19:49:20.261Z
w95v,4-alnum,4,taken,2026-09-21T19:49:20.261Z
7bg7,4-alnum,4,taken,2026-09-21T19:49:20.261Z
qu27,4-alnum,4,taken,2026-09-21T19:49:20.261Z
xh6j,4-alnum,4,taken,2026-09-21T19:49:20.261Z
46zl,4-alnum,4,taken,2026-09-21T19:49:20.261Z
gao3,4-alnum,4,taken,2026-09-21T19:49:20.261Z
771x,4-alnum,4,taken,2026-09-21T19:49:20.261Z
0nem,4-alnum,4,taken,2026-09-21T19:49:20.261Z
33kh,4-alnum,4,taken,2026-09-21T19:49:20.261Z
u8h3,4-alnum,4,taken,2026-09-21T19:49:20.261Z
k1eu,4-alnum,4,taken,2026-09-21T19:49:20.261Z
w17d,4-alnum,4,taken,2026-09-21T19:49:20.261Z
n1le,4-alnum,4,taken,2026-09-21T19:49:20.261Z
r4j2,4-alnum,4,taken,2026-09-21T19:49:20.261Z
qnt1,4-alnum,4,taken,2026-09-21T19:49:20.261Z
o6sa,4-alnum,4,taken,2026-09-21T19:49:20.261Z
ad82,4-alnum,4,taken,2026-09-21T19:49:20.261Z
d1o9,4-alnum,4,taken,2026-09-21T19:49:20.261Z
i2am,4-alnum,4,taken,2026-09-21T19:49:20.261Z
1h8m,4-alnum,4,taken,2026-09-21T19:49:20.261Z
jh1y,4-alnum,4,taken,2026-09-21T19:49:20.261Z
96t4,4-alnum,4,taken,2026-09-21T19:49:20.261Z
2zuv,4-alnum,4,taken,2026-09-21T19:49:20.261Z
b9n8,4-alnum,4,taken,2026-09-21T19:49:20.261Z
9u1g,4-alnum,4,taken,2026-09-21T19:49:20.261Z
gii4,4-alnum,4,taken,2026-09-21T19:49:20.261Z
t8vk,4-alnum,4,taken,2026-09-21T19:49:20.261Z
4gu0,4-alnum,4,taken,2026-09-21T19:49:20.261Z
fro9,4-alnum,4,taken,2026-09-21T19:49:20.261Z
iy3o,4-alnum,4,taken,2026-09-21T19:49:20.261Z
bhr0,4-alnum,4,taken,2026-09-21T19:49:20.261Z
7v4w,4-alnum,4,taken,2026-09-21T19:49:20.261Z
cxc4,4-alnum,4,taken,2026-09-21T19:49:20.261Z
ym9z,4-alnum,4,taken,2026-09-21T19:49:20.261Z
itg1,4-alnum,4,taken,2026-09-21T19:49:20.261Z
h28k,4-alnum,4,taken,2026-09-21T19:49:20.261Z
1ewv,4-alnum,4,taken,2026-09-21T19:49:20.261Z
o5et,4-alnum,4,taken,2026-09-21T19:49:20.261Z
7ylo,4-alnum,4,taken,2026-09-21T19:49:20.261Z
9y7m,4-alnum,4,taken,2026-09-21T19:49:20.261Z
t5kv,4-alnum,4,taken,2026-09-21T19:49:20.261Z
xwp7,4-alnum,4,taken,2026-09-21T19:49:20.261Z
vd36,4-alnum,4,taken,2026-09-21T19:49:20.261Z
h0l2,4-alnum,4,taken,2026-09-21T19:49:20.261Z
uq7r,4-alnum,4,taken,2026-09-21T19:49:50.964Z
d88c,4-alnum,4,taken,2026-09-21T19:49:50.964Z
byp7,4-alnum,4,taken,2026-09-21T19:49:50.964Z
o323,4-alnum,4,taken,2026-09-21T19:49:50.964Z
4dx8,4-alnum,4,taken,2026-09-21T19:49:50.964Z
rha5,4-alnum,4,taken,2026-09-21T19:49:50.964Z
9f33,4-alnum,4,taken,2026-09-21T19:49:50.964Z
lqq2,4-alnum,4,taken,2026-09-21T19:49:50.964Z
qu2c,4-alnum,4,taken,2026-09-21T19:49:50.964Z
l0a2,4-alnum,4,taken,2026-09-21T19:49:50.964Z
ovl2,4-alnum,4,taken,2026-09-21T19:49:50.964Z
zh8s,4-alnum,4,taken,2026-09-21T19:49:50.964Z
e1pd,4-alnum,4,taken,2026-09-21T19:49:50.964Z
79e5,4-alnum,4,taken,2026-09-21T19:49:50.964Z
v9x6,4-alnum,4,taken,2026-09-21T19:49:50.964Z
8eot,4-alnum,4,taken,2026-09-21T19:49:50.964Z
a2a3,4-alnum,4,taken,2026-09-21T19:49:50.964Z
f5wa,4-alnum,4,taken,2026-09-21T19:49:50.964Z
6yle,4-alnum,4,taken,2026-09-21T19:49:50.964Z
m0le,4-alnum,4,taken,2026-09-21T19:49:50.964Z
pkw6,4-alnum,4,taken,2026-09-21T19:49:50.964Z
yv89,4-alnum,4,taken,2026-09-21T19:49:50.964Z
l7r3,4-alnum,4,taken,2026-09-21T19:49:50.964Z
8h6q,4-alnum,4,taken,2026-09-21T19:49:50.964Z
88kt,4-alnum,4,taken,2026-09-21T19:49:50.964Z
a1jw,4-alnum,4,taken,2026-09-21T19:49:50.964Z
53qz,4-alnum,4,taken,2026-09-21T19:49:50.964Z
2s8j,4-alnum,4,taken,2026-09-21T19:49:50.964Z
t8z0,4-alnum,4,taken,2026-09-21T19:49:50.964Z
n1n5,4-alnum,4,taken,2026-09-21T19:49:50.964Z
0tje,4-alnum,4,taken,2026-09-21T19:49:50.964Z
s6ke,4-alnum,4,taken,2026-09-21T19:49:50.964Z
9omd,4-alnum,4,taken,2026-09-21T19:49:50.964Z
vqf6,4-alnum,4,taken,2026-09-21T19:49:50.964Z
sff1,4-alnum,4,taken,2026-09-21T19:49:50.964Z
30z8,4-alnum,4,taken,2026-09-21T19:49:50.964Z
s6qw,4-alnum,4,taken,2026-09-21T19:49:50.964Z
g3di,4-alnum,4,taken,2026-09-21T19:49:50.964Z
kda9,4-alnum,4,taken,2026-09-21T19:49:50.964Z
h9y2,4-alnum,4,taken,2026-09-21T19:49:50.964Z
r0e2,4-alnum,4,taken,2026-09-21T19:49:50.964Z
hg8n,4-alnum,4,taken,2026-09-21T19:49:50.964Z
nyq2,4-alnum,4,taken,2026-09-21T19:49:50.964Z
sq99,4-alnum,4,taken,2026-09-21T19:49:50.964Z
px7p,4-alnum,4,taken,2026-09-21T19:49:50.964Z
yo9n,4-alnum,4,taken,2026-09-21T19:49:50.964Z
m6oc,4-alnum,4,taken,2026-09-21T19:49:50.964Z
27ib,4-alnum,4,taken,2026-09-21T19:49:50.964Z
su5o,4-alnum,4,taken,2026-09-21T19:49:50.964Z
was0,4-alnum,4,taken,2026-09-21T19:49:50.964Z
51up,4-alnum,4,taken,2026-09-21T19:49:50.964Z
kh4g,4-alnum,4,taken,2026-09-21T19:49:50.964Z
kw80,4-alnum,4,taken,2026-09-21T19:49:50.964Z
xc51,4-alnum,4,taken,2026-09-21T19:49:50.964Z
a7h7,4-alnum,4,taken,2026-09-21T19:49:50.964Z
5frh,4-alnum,4,taken,2026-09-21T19:49:50.964Z
t4a3,4-alnum,4,taken,2026-09-21T19:49:50.964Z
yud5,4-alnum,4,taken,2026-09-21T19:49:50.964Z
use7,4-alnum,4,taken,2026-09-21T19:49:50.964Z
pop0,4-alnum,4,taken,2026-09-21T19:49:50.964Z
dis0,4-alnum,4,taken,2026-09-21T19:49:50.964Z
077r,4-alnum,4,taken,2026-09-21T19:49:50.964Z
u0rt,4-alnum,4,taken,2026-09-21T19:49:50.964Z
zo98,4-alnum,4,taken,2026-09-21T19:49:50.964Z
4c49,4-alnum,4,taken,2026-09-21T19:49:50.964Z
4ow2,4-alnum,4,taken,2026-09-21T19:49:50.964Z
yn23,4-alnum,4,taken,2026-09-21T19:49:50.964Z
ijr5,4-alnum,4,taken,2026-09-21T19:49:50.964Z
wt4f,4-alnum,4,taken,2026-09-21T19:49:50.964Z
aey3,4-alnum,4,taken,2026-09-21T19:49:50.964Z
2til,4-alnum,4,taken,2026-09-21T19:49:50.964Z
7ift,4-alnum,4,taken,2026-09-21T19:49:50.964Z
ym6h,4-alnum,4,taken,2026-09-21T19:49:50.964Z
4jgi,4-alnum,4,taken,2026-09-21T19:49:50.964Z
y7lh,4-alnum,4,taken,2026-09-21T19:49:50.964Z
isc6,4-alnum,4,taken,2026-09-21T19:49:50.964Z
ur6z,4-alnum,4,taken,2026-09-21T19:49:50.964Z
vx1p,4-alnum,4,taken,2026-09-21T19:49:50.964Z
ah5n,4-alnum,4,taken,2026-09-21T19:49:50.964Z
qn7e,4-alnum,4,taken,2026-09-21T19:49:50.964Z
px93,4-alnum,4,taken,2026-09-21T19:49:50.964Z
vbm1,4-alnum,4,taken,2026-09-21T19:49:50.964Z
kmr6,4-alnum,4,taken,2026-09-21T19:49:50.964Z
jz2d,4-alnum,4,taken,2026-09-21T19:49:50.964Z
h6bj,4-alnum,4,taken,2026-09-21T19:49:50.964Z
vri9,4-alnum,4,taken,2026-09-21T19:49:50.964Z
o8hw,4-alnum,4,taken,2026-09-21T19:49:50.964Z
xbd9,4-alnum,4,taken,2026-09-21T19:49:50.964Z
rre6,4-alnum,4,taken,2026-09-21T19:49:50.964Z
e96l,4-alnum,4,taken,2026-09-21T19:49:50.964Z
s3hg,4-alnum,4,taken,2026-09-21T19:49:50.964Z
27cu,4-alnum,4,taken,2026-09-21T19:49:50.964Z
ij9n,4-alnum,4,taken,2026-09-21T19:49:50.964Z
rg5x,4-alnum,4,taken,2026-09-21T19:49:50.964Z
tis2,4-alnum,4,taken,2026-09-21T19:49:50.964Z
tin7,4-alnum,4,taken,2026-09-21T19:49:50.964Z
192m,4-alnum,4,taken,2026-09-21T19:49:50.964Z
j5j0,4-alnum,4,taken,2026-09-21T19:49:50.964Z
h23q,4-alnum,4,taken,2026-09-21T19:49:50.964Z
sd04,4-alnum,4,taken,2026-09-21T19:49:50.964Z
w4v6,4-alnum,4,taken,2026-09-21T19:50:21.775Z
5xt6,4-alnum,4,taken,2026-09-21T19:50:21.775Z
7dpy,4-alnum,4,taken,2026-09-21T19:50:21.775Z
9dcm,4-alnum,4,taken,2026-09-21T19:50:21.775Z
2e9o,4-alnum,4,taken,2026-09-21T19:50:21.775Z
a9j1,4-alnum,4,taken,2026-09-21T19:50:21.775Z
c47z,4-alnum,4,taken,2026-09-21T19:50:21.775Z
ce5o,4-alnum,4,taken,2026-09-21T19:50:21.775Z
3g2j,4-alnum,4,taken,2026-09-21T19:50:21.775Z
w3pn,4-alnum,4,taken,2026-09-21T19:50:21.775Z
sn5o,4-alnum,4,taken,2026-09-21T19:50:21.775Z
ox9p,4-alnum,4,taken,2026-09-21T19:50:21.775Z
oc8a,4-alnum,4,taken,2026-09-21T19:50:21.775Z
v68q,4-alnum,4,taken,2026-09-21T19:50:21.775Z
2rgv,4-alnum,4,taken,2026-09-21T19:50:21.775Z
xw2w,4-alnum,4,taken,2026-09-21T19:50:21.775Z
7nc8,4-alnum,4,taken,2026-09-21T19:50:21.775Z
i1jy,4-alnum,4,taken,2026-09-21T19:50:21.775Z
hc5u,4-alnum,4,taken,2026-09-21T19:50:21.775Z
0t1c,4-alnum,4,taken,2026-09-21T19:50:21.775Z
nv1b,4-alnum,4,taken,2026-09-21T19:50:21.775Z
pg4y,4-alnum,4,taken,2026-09-21T19:50:21.775Z
w0ye,4-alnum,4,taken,2026-09-21T19:50:21.775Z
6tri,4-alnum,4,taken,2026-09-21T19:50:21.775Z
5qf1,4-alnum,4,taken,2026-09-21T19:50:21.775Z
uf0s,4-alnum,4,taken,2026-09-21T19:50:21.775Z
l2al,4-alnum,4,taken,2026-09-21T19:50:21.775Z
k7dm,4-alnum,4,taken,2026-09-21T19:50:21.775Z
5e6k,4-alnum,4,taken,2026-09-21T19:50:21.775Z
020g,4-alnum,4,taken,2026-09-21T19:50:21.775Z
skf9,4-alnum,4,taken,2026-09-21T19:50:21.775Z
9exz,4-alnum,4,taken,2026-09-21T19:50:21.775Z
v7q5,4-alnum,4,taken,2026-09-21T19:50:21.775Z
r2sj,4-alnum,4,taken,2026-09-21T19:50:21.775Z
9i8z,4-alnum,4,taken,2026-09-21T19:50:21.775Z
t5q9,4-alnum,4,taken,2026-09-21T19:50:21.775Z
p3ts,4-alnum,4,taken,2026-09-21T19:50:21.775Z
4zcn,4-alnum,4,taken,2026-09-21T19:50:21.775Z
tzy0,4-alnum,4,taken,2026-09-21T19:50:21.775Z
826x,4-alnum,4,taken,2026-09-21T19:50:21.775Z
cp2t,4-alnum,4,taken,2026-09-21T19:50:21.775Z
9o15,4-alnum,4,taken,2026-09-21T19:50:21.775Z
3ubi,4-alnum,4,taken,2026-09-21T19:50:21.775Z
df3a,4-alnum,4,taken,2026-09-21T19:50:21.775Z
lc5x,4-alnum,4,taken,2026-09-21T19:50:21.775Z
r2dc,4-alnum,4,taken,2026-09-21T19:50:21.775Z
6qz9,4-alnum,4,taken,2026-09-21T19:50:21.775Z
iv0q,4-alnum,4,taken,2026-09-21T19:50:21.775Z
474o,4-alnum,4,taken,2026-09-21T19:50:21.775Z
iy8k,4-alnum,4,taken,2026-09-21T19:50:21.775Z
j3ko,4-alnum,4,taken,2026-09-21T19:50:21.775Z
5d25,4-alnum,4,taken,2026-09-21T19:50:21.775Z
jry3,4-alnum,4,taken,2026-09-21T19:50:21.775Z
dwb5,4-alnum,4,taken,2026-09-21T19:50:21.775Z
io3w,4-alnum,4,taken,2026-09-21T19:50:21.775Z
kw5h,4-alnum,4,taken,2026-09-21T19:50:21.775Z
2oz4,4-alnum,4,taken,2026-09-21T19:50:21.775Z
ws4y,4-alnum,4,taken,2026-09-21T19:50:21.775Z
mkd5,4-alnum,4,taken,2026-09-21T19:50:21.775Z
hfv5,4-alnum,4,taken,2026-09-21T19:50:21.775Z
dnn3,4-alnum,4,taken,2026-09-21T19:50:21.775Z
7r9a,4-alnum,4,taken,2026-09-21T19:50:21.775Z
ko9i,4-alnum,4,taken,2026-09-21T19:50:21.775Z
ag6f,4-alnum,4,taken,2026-09-21T19:50:21.775Z
0ipn,4-alnum,4,taken,2026-09-21T19:50:21.775Z
51a5,4-alnum,4,taken,2026-09-21T19:50:21.775Z
fmc5,4-alnum,4,taken,2026-09-21T19:50:21.775Z
5qpj,4-alnum,4,taken,2026-09-21T19:50:21.775Z
q0fc,4-alnum,4,taken,2026-09-21T19:50:21.775Z
wc90,4-alnum,4,taken,2026-09-21T19:50:21.775Z
k1u0,4-alnum,4,taken,2026-09-21T19:50:21.775Z
m34x,4-alnum,4,taken,2026-09-21T19:50:21.775Z
1deo,4-alnum,4,taken,2026-09-21T19:50:21.775Z
y2xu,4-alnum,4,taken,2026-09-21T19:50:21.775Z
h0v0,4-alnum,4,taken,2026-09-21T19:50:21.775Z
6w8g,4-alnum,4,taken,2026-09-21T19:50:21.775Z
1dog,4-alnum,4,taken,2026-09-21T19:50:21.775Z
h8m3,4-alnum,4,taken,2026-09-21T19:50:21.775Z
4mc9,4-alnum,4,taken,2026-09-21T19:50:21.775Z
apx5,4-alnum,4,taken,2026-09-21T19:50:21.775Z
6zya,4-alnum,4,taken,2026-09-21T19:50:21.775Z
oj5l,4-alnum,4,taken,2026-09-21T19:50:21.775Z
9jmy,4-alnum,4,taken,2026-09-21T19:50:21.775Z
h68j,4-alnum,4,taken,2026-09-21T19:50:21.775Z
i58v,4-alnum,4,taken,2026-09-21T19:50:21.775Z
g8dc,4-alnum,4,taken,2026-09-21T19:50:21.775Z
6f77,4-alnum,4,taken,2026-09-21T19:50:21.775Z
b5uu,4-alnum,4,taken,2026-09-21T19:50:21.775Z
0fn9,4-alnum,4,taken,2026-09-21T19:50:21.775Z
hyl1,4-alnum,4,taken,2026-09-21T19:50:21.775Z
wyc0,4-alnum,4,taken,2026-09-21T19:50:21.775Z
z1es,4-alnum,4,taken,2026-09-21T19:50:21.775Z
49pl,4-alnum,4,taken,2026-09-21T19:50:21.775Z
98zo,4-alnum,4,taken,2026-09-21T19:50:21.775Z
def9,4-alnum,4,taken,2026-09-21T19:50:21.775Z
6kar,4-alnum,4,taken,2026-09-21T19:50:21.775Z
csx4,4-alnum,4,taken,2026-09-21T19:50:21.775Z
w0o4,4-alnum,4,taken,2026-09-21T19:50:21.775Z
i324,4-alnum,4,taken,2026-09-21T19:50:21.775Z
0vx5,4-alnum,4,taken,2026-09-21T19:50:21.775Z
e5qo,4-alnum,4,taken,2026-09-21T19:50:52.480Z
5aoz,4-alnum,4,taken,2026-09-21T19:50:52.480Z
iij3,4-alnum,4,taken,2026-09-21T19:50:52.480Z
t471,4-alnum,4,taken,2026-09-21T19:50:52.480Z
bg4q,4-alnum,4,taken,2026-09-21T19:50:52.480Z
7sdc,4-alnum,4,taken,2026-09-21T19:50:52.480Z
i7c8,4-alnum,4,taken,2026-09-21T19:50:52.480Z
4qau,4-alnum,4,taken,2026-09-21T19:50:52.480Z
if0n,4-alnum,4,taken,2026-09-21T19:50:52.480Z
c53i,4-alnum,4,taken,2026-09-21T19:50:52.480Z
zx3d,4-alnum,4,taken,2026-09-21T19:50:52.480Z
b5ff,4-alnum,4,taken,2026-09-21T19:50:52.480Z
lwe3,4-alnum,4,taken,2026-09-21T19:50:52.480Z
s7e0,4-alnum,4,taken,2026-09-21T19:50:52.480Z
t5ld,4-alnum,4,taken,2026-09-21T19:50:52.480Z
72tw,4-alnum,4,taken,2026-09-21T19:50:52.480Z
hx72,4-alnum,4,taken,2026-09-21T19:50:52.480Z
hou3,4-alnum,4,taken,2026-09-21T19:50:52.480Z
l5wh,4-alnum,4,taken,2026-09-21T19:50:52.480Z
hju0,4-alnum,4,taken,2026-09-21T19:50:52.480Z
j425,4-alnum,4,taken,2026-09-21T19:50:52.480Z
lh9l,4-alnum,4,taken,2026-09-21T19:50:52.480Z
hhd3,4-alnum,4,taken,2026-09-21T19:50:52.480Z
8ujn,4-alnum,4,taken,2026-09-21T19:50:52.480Z
t7u4,4-alnum,4,taken,2026-09-21T19:50:52.480Z
fw06,4-alnum,4,taken,2026-09-21T19:50:52.480Z
x2o9,4-alnum,4,taken,2026-09-21T19:50:52.480Z
4qxp,4-alnum,4,taken,2026-09-21T19:50:52.480Z
p72f,4-alnum,4,taken,2026-09-21T19:50:52.480Z
h9xn,4-alnum,4,taken,2026-09-21T19:50:52.480Z
th2o,4-alnum,4,taken,2026-09-21T19:50:52.480Z
86lc,4-alnum,4,taken,2026-09-21T19:50:52.480Z
q55g,4-alnum,4,taken,2026-09-21T19:50:52.480Z
ozf6,4-alnum,4,taken,2026-09-21T19:50:52.480Z
x360,4-alnum,4,taken,2026-09-21T19:50:52.480Z
nvq0,4-alnum,4,taken,2026-09-21T19:50:52.480Z
xzr3,4-alnum,4,taken,2026-09-21T19:50:52.480Z
e2yc,4-alnum,4,taken,2026-09-21T19:50:52.480Z
3gnv,4-alnum,4,taken,2026-09-21T19:50:52.480Z
85y0,4-alnum,4,taken,2026-09-21T19:50:52.480Z
1q1j,4-alnum,4,taken,2026-09-21T19:50:52.480Z
kie1,4-alnum,4,taken,2026-09-21T19:50:52.480Z
u4iv,4-alnum,4,taken,2026-09-21T19:50:52.480Z
89ig,4-alnum,4,taken,2026-09-21T19:50:52.480Z
lvv7,4-alnum,4,taken,2026-09-21T19:50:52.480Z
501p,4-alnum,4,taken,2026-09-21T19:50:52.480Z
4v3r,4-alnum,4,taken,2026-09-21T19:50:52.480Z
ow8v,4-alnum,4,taken,2026-09-21T19:50:52.480Z
u04v,4-alnum,4,taken,2026-09-21T19:50:52.480Z
g03o,4-alnum,4,taken,2026-09-21T19:50:52.480Z
43b6,4-alnum,4,taken,2026-09-21T19:50:52.480Z
4eeg,4-alnum,4,taken,2026-09-21T19:50:52.480Z
mi3r,4-alnum,4,taken,2026-09-21T19:50:52.480Z
hp14,4-alnum,4,taken,2026-09-21T19:50:52.480Z
7foy,4-alnum,4,taken,2026-09-21T19:50:52.480Z
3uhy,4-alnum,4,taken,2026-09-21T19:50:52.480Z
3lz6,4-alnum,4,taken,2026-09-21T19:50:52.480Z
4oa1,4-alnum,4,taken,2026-09-21T19:50:52.480Z
v4lh,4-alnum,4,taken,2026-09-21T19:50:52.480Z
7i08,4-alnum,4,taken,2026-09-21T19:50:52.480Z
8npp,4-alnum,4,taken,2026-09-21T19:50:52.480Z
sfx4,4-alnum,4,taken,2026-09-21T19:50:52.480Z
4x60,4-alnum,4,taken,2026-09-21T19:50:52.480Z
6s9h,4-alnum,4,taken,2026-09-21T19:50:52.480Z
z9au,4-alnum,4,taken,2026-09-21T19:50:52.480Z
0une,4-alnum,4,taken,2026-09-21T19:50:52.480Z
aav5,4-alnum,4,taken,2026-09-21T19:50:52.480Z
lfy7,4-alnum,4,taken,2026-09-21T19:50:52.480Z
kp7u,4-alnum,4,taken,2026-09-21T19:50:52.480Z
ir40,4-alnum,4,taken,2026-09-21T19:50:52.480Z
h769,4-alnum,4,taken,2026-09-21T19:50:52.480Z
jb41,4-alnum,4,taken,2026-09-21T19:50:52.480Z
xr1i,4-alnum,4,taken,2026-09-21T19:50:52.480Z
s51v,4-alnum,4,taken,2026-09-21T19:50:52.480Z
s3kt,4-alnum,4,taken,2026-09-21T19:50:52.480Z
u6q8,4-alnum,4,taken,2026-09-21T19:50:52.480Z
as9s,4-alnum,4,taken,2026-09-21T19:50:52.480Z
0byy,4-alnum,4,taken,2026-09-21T19:50:52.480Z
3u30,4-alnum,4,taken,2026-09-21T19:50:52.480Z
u7sr,4-alnum,4,taken,2026-09-21T19:50:52.480Z
v349,4-alnum,4,taken,2026-09-21T19:50:52.480Z
xj1r,4-alnum,4,taken,2026-09-21T19:50:52.480Z
o3uq,4-alnum,4,taken,2026-09-21T19:50:52.480Z
zn1e,4-alnum,4,taken,2026-09-21T19:50:52.480Z
5rt5,4-alnum,4,taken,2026-09-21T19:50:52.480Z
4xyp,4-alnum,4,taken,2026-09-21T19:50:52.480Z
7zae,4-alnum,4,taken,2026-09-21T19:50:52.480Z
64g8,4-alnum,4,taken,2026-09-21T19:50:52.480Z
7ygf,4-alnum,4,taken,2026-09-21T19:50:52.480Z
lo30,4-alnum,4,taken,2026-09-21T19:50:52.480Z
jem4,4-alnum,4,taken,2026-09-21T19:50:52.480Z
y25s,4-alnum,4,taken,2026-09-21T19:50:52.480Z
3st1,4-alnum,4,taken,2026-09-21T19:50:52.480Z
k7j4,4-alnum,4,taken,2026-09-21T19:50:52.480Z
bd07,4-alnum,4,taken,2026-09-21T19:50:52.480Z
bl9e,4-alnum,4,taken,2026-09-21T19:50:52.480Z
ryf4,4-alnum,4,taken,2026-09-21T19:50:52.480Z
an2m,4-alnum,4,taken,2026-09-21T19:50:52.480Z
77t8,4-alnum,4,taken,2026-09-21T19:50:52.480Z
jdh2,4-alnum,4,taken,2026-09-21T19:50:52.480Z
lg5h,4-alnum,4,taken,2026-09-21T19:51:22.966Z
02nu,4-alnum,4,taken,2026-09-21T19:51:22.966Z
5mo5,4-alnum,4,taken,2026-09-21T19:51:22.966Z
bn7a,4-alnum,4,taken,2026-09-21T19:51:22.966Z
bna0,4-alnum,4,taken,2026-09-21T19:51:22.966Z
42x1,4-alnum,4,taken,2026-09-21T19:51:22.966Z
2r3y,4-alnum,4,taken,2026-09-21T19:51:22.966Z
m4ww,4-alnum,4,taken,2026-09-21T19:51:22.966Z
ic4z,4-alnum,4,taken,2026-09-21T19:51:22.966Z
uaw7,4-alnum,4,taken,2026-09-21T19:51:22.966Z
hy1u,4-alnum,4,taken,2026-09-21T19:51:22.966Z
x0op,4-alnum,4,taken,2026-09-21T19:51:22.966Z
ptl0,4-alnum,4,taken,2026-09-21T19:51:22.966Z
x08z,4-alnum,4,taken,2026-09-21T19:51:22.966Z
3ljl,4-alnum,4,taken,2026-09-21T19:51:22.966Z
jl3g,4-alnum,4,taken,2026-09-21T19:51:22.966Z
93gn,4-alnum,4,taken,2026-09-21T19:51:22.966Z
w6py,4-alnum,4,taken,2026-09-21T19:51:22.966Z
6fk9,4-alnum,4,taken,2026-09-21T19:51:22.966Z
t7ei,4-alnum,4,taken,2026-09-21T19:51:22.966Z
6nox,4-alnum,4,taken,2026-09-21T19:51:22.966Z
id0g,4-alnum,4,taken,2026-09-21T19:51:22.966Z
ij9k,4-alnum,4,taken,2026-09-21T19:51:22.966Z
l2ah,4-alnum,4,taken,2026-09-21T19:51:22.966Z
t37t,4-alnum,4,taken,2026-09-21T19:51:22.966Z
vl4u,4-alnum,4,taken,2026-09-21T19:51:22.966Z
ads7,4-alnum,4,taken,2026-09-21T19:51:22.966Z
z0ix,4-alnum,4,taken,2026-09-21T19:51:22.966Z
7r6q,4-alnum,4,taken,2026-09-21T19:51:22.966Z
ypb4,4-alnum,4,taken,2026-09-21T19:51:22.966Z
c5gk,4-alnum,4,taken,2026-09-21T19:51:22.966Z
f26p,4-alnum,4,taken,2026-09-21T19:51:22.966Z
fw8s,4-alnum,4,taken,2026-09-21T19:51:22.966Z
g5yf,4-alnum,4,taken,2026-09-21T19:51:22.966Z
37hy,4-alnum,4,taken,2026-09-21T19:51:22.966Z
c8sy,4-alnum,4,taken,2026-09-21T19:51:22.966Z
r4aq,4-alnum,4,taken,2026-09-21T19:51:22.966Z
iqb8,4-alnum,4,taken,2026-09-21T19:51:22.966Z
9ufq,4-alnum,4,taken,2026-09-21T19:51:22.966Z
v8qw,4-alnum,4,taken,2026-09-21T19:51:22.966Z
n5je,4-alnum,4,taken,2026-09-21T19:51:22.966Z
8lfk,4-alnum,4,taken,2026-09-21T19:51:22.966Z
49ro,4-alnum,4,taken,2026-09-21T19:51:22.966Z
2obl,4-alnum,4,taken,2026-09-21T19:51:22.966Z
zyt0,4-alnum,4,taken,2026-09-21T19:51:22.966Z
8fn5,4-alnum,4,taken,2026-09-21T19:51:22.966Z
3tw5,4-alnum,4,taken,2026-09-21T19:51:22.966Z
1m8x,4-alnum,4,taken,2026-09-21T19:51:22.966Z
6smp,4-alnum,4,taken,2026-09-21T19:51:22.966Z
z8na,4-alnum,4,taken,2026-09-21T19:51:22.966Z
68rf,4-alnum,4,taken,2026-09-21T19:51:22.966Z
7txm,4-alnum,4,taken,2026-09-21T19:51:22.966Z
5pya,4-alnum,4,taken,2026-09-21T19:51:22.966Z
3vt1,4-alnum,4,taken,2026-09-21T19:51:22.966Z
1am1,4-alnum,4,taken,2026-09-21T19:51:22.966Z
ap27,4-alnum,4,taken,2026-09-21T19:51:22.966Z
8yet,4-alnum,4,taken,2026-09-21T19:51:22.966Z
o84i,4-alnum,4,taken,2026-09-21T19:51:22.966Z
ltv3,4-alnum,4,taken,2026-09-21T19:51:22.966Z
w69z,4-alnum,4,taken,2026-09-21T19:51:22.966Z
0bs3,4-alnum,4,taken,2026-09-21T19:51:22.966Z
bek2,4-alnum,4,taken,2026-09-21T19:51:22.966Z
4hfy,4-alnum,4,taken,2026-09-21T19:51:22.966Z
0gfh,4-alnum,4,taken,2026-09-21T19:51:22.966Z
lp3j,4-alnum,4,taken,2026-09-21T19:51:22.966Z
x54f,4-alnum,4,taken,2026-09-21T19:51:22.966Z
1onn,4-alnum,4,taken,2026-09-21T19:51:22.966Z
e5vk,4-alnum,4,taken,2026-09-21T19:51:22.966Z
xcz5,4-alnum,4,taken,2026-09-21T19:51:22.966Z
g2c3,4-alnum,4,taken,2026-09-21T19:51:22.966Z
t12p,4-alnum,4,taken,2026-09-21T19:51:22.966Z
xe27,4-alnum,4,taken,2026-09-21T19:51:22.966Z
h9fb,4-alnum,4,taken,2026-09-21T19:51:22.966Z
22ob,4-alnum,4,taken,2026-09-21T19:51:22.966Z
eqz8,4-alnum,4,taken,2026-09-21T19:51:22.966Z
9f3u,4-alnum,4,taken,2026-09-21T19:51:22.966Z
x3n4,4-alnum,4,taken,2026-09-21T19:51:22.966Z
kd0i,4-alnum,4,taken,2026-09-21T19:51:22.966Z
khr4,4-alnum,4,taken,2026-09-21T19:51:22.966Z
2jy8,4-alnum,4,taken,2026-09-21T19:51:22.966Z
76a0,4-alnum,4,taken,2026-09-21T19:51:22.966Z
la9r,4-alnum,4,taken,2026-09-21T19:51:22.966Z
g83c,4-alnum,4,taken,2026-09-21T19:51:22.966Z
3cxk,4-alnum,4,taken,2026-09-21T19:51:22.966Z
ufd7,4-alnum,4,taken,2026-09-21T19:51:22.966Z
413q,4-alnum,4,taken,2026-09-21T19:51:22.966Z
2nc2,4-alnum,4,taken,2026-09-21T19:51:22.966Z
73sn,4-alnum,4,taken,2026-09-21T19:51:22.966Z
80dn,4-alnum,4,taken,2026-09-21T19:51:22.966Z
19sd,4-alnum,4,taken,2026-09-21T19:51:22.966Z
p92c,4-alnum,4,taken,2026-09-21T19:51:22.966Z
n7e0,4-alnum,4,taken,2026-09-21T19:51:22.966Z
5ax9,4-alnum,4,taken,2026-09-21T19:51:22.966Z
2taw,4-alnum,4,taken,2026-09-21T19:51:22.966Z
d10x,4-alnum,4,taken,2026-09-21T19:51:22.966Z
70y7,4-alnum,4,taken,2026-09-21T19:51:22.966Z
4en9,4-alnum,4,taken,2026-09-21T19:51:22.966Z
ro3z,4-alnum,4,taken,2026-09-21T19:51:22.966Z
9cef,4-alnum,4,taken,2026-09-21T19:51:22.966Z
1xt0,4-alnum,4,taken,2026-09-21T19:51:22.966Z
q2vs,4-alnum,4,taken,2026-09-21T19:51:53.544Z
dwq7,4-alnum,4,taken,2026-09-21T19:51:53.544Z
ff0s,4-alnum,4,taken,2026-09-21T19:51:53.544Z
2vhg,4-alnum,4,taken,2026-09-21T19:51:53.544Z
5aak,4-alnum,4,taken,2026-09-21T19:51:53.544Z
168a,4-alnum,4,taken,2026-09-21T19:51:53.544Z
cbu9,4-alnum,4,taken,2026-09-21T19:51:53.544Z
qus0,4-alnum,4,taken,2026-09-21T19:51:53.544Z
q0fh,4-alnum,4,taken,2026-09-21T19:51:53.544Z
9xxw,4-alnum,4,taken,2026-09-21T19:51:53.544Z
swu2,4-alnum,4,taken,2026-09-21T19:51:53.544Z
zj18,4-alnum,4,taken,2026-09-21T19:51:53.544Z
xfn8,4-alnum,4,taken,2026-09-21T19:51:53.544Z
sc6d,4-alnum,4,taken,2026-09-21T19:51:53.544Z
cx07,4-alnum,4,taken,2026-09-21T19:51:53.544Z
gnl5,4-alnum,4,taken,2026-09-21T19:51:53.544Z
txp0,4-alnum,4,taken,2026-09-21T19:51:53.544Z
9cuo,4-alnum,4,taken,2026-09-21T19:51:53.544Z
62go,4-alnum,4,taken,2026-09-21T19:51:53.544Z
k4ar,4-alnum,4,taken,2026-09-21T19:51:53.544Z
0nd6,4-alnum,4,taken,2026-09-21T19:51:53.544Z
8s5t,4-alnum,4,taken,2026-09-21T19:51:53.544Z
xoj5,4-alnum,4,taken,2026-09-21T19:51:53.544Z
p0p3,4-alnum,4,taken,2026-09-21T19:51:53.544Z
88qw,4-alnum,4,taken,2026-09-21T19:51:53.544Z
6vx8,4-alnum,4,taken,2026-09-21T19:51:53.544Z
zf5k,4-alnum,4,taken,2026-09-21T19:51:53.544Z
e1eh,4-alnum,4,taken,2026-09-21T19:51:53.544Z
77yd,4-alnum,4,taken,2026-09-21T19:51:53.544Z
jss9,4-alnum,4,taken,2026-09-21T19:51:53.544Z
y068,4-alnum,4,taken,2026-09-21T19:51:53.544Z
m1k2,4-alnum,4,taken,2026-09-21T19:51:53.544Z
skz4,4-alnum,4,taken,2026-09-21T19:51:53.544Z
tar9,4-alnum,4,taken,2026-09-21T19:51:53.544Z
vuw0,4-alnum,4,taken,2026-09-21T19:51:53.544Z
5c3a,4-alnum,4,taken,2026-09-21T19:51:53.544Z
pe7r,4-alnum,4,taken,2026-09-21T19:51:53.544Z
i1dq,4-alnum,4,taken,2026-09-21T19:51:53.544Z
mih3,4-alnum,4,taken,2026-09-21T19:51:53.544Z
zv99,4-alnum,4,taken,2026-09-21T19:51:53.544Z
gx89,4-alnum,4,taken,2026-09-21T19:51:53.544Z
1avp,4-alnum,4,taken,2026-09-21T19:51:53.544Z
b9m4,4-alnum,4,taken,2026-09-21T19:51:53.544Z
4otu,4-alnum,4,taken,2026-09-21T19:51:53.544Z
kbs7,4-alnum,4,taken,2026-09-21T19:51:53.544Z
i8t8,4-alnum,4,taken,2026-09-21T19:51:53.544Z
s6sa,4-alnum,4,taken,2026-09-21T19:51:53.544Z
18l7,4-alnum,4,taken,2026-09-21T19:51:53.544Z
a1e3,4-alnum,4,taken,2026-09-21T19:51:53.544Z
6na1,4-alnum,4,taken,2026-09-21T19:51:53.544Z
4df6,4-alnum,4,taken,2026-09-21T19:51:53.544Z
18b3,4-alnum,4,taken,2026-09-21T19:51:53.544Z
yc16,4-alnum,4,taken,2026-09-21T19:51:53.544Z
34qo,4-alnum,4,taken,2026-09-21T19:51:53.544Z
1oes,4-alnum,4,taken,2026-09-21T19:51:53.544Z
8j5s,4-alnum,4,taken,2026-09-21T19:51:53.544Z
1aki,4-alnum,4,taken,2026-09-21T19:51:53.544Z
6nfh,4-alnum,4,taken,2026-09-21T19:51:53.544Z
zv53,4-alnum,4,taken,2026-09-21T19:51:53.544Z
40qo,4-alnum,4,taken,2026-09-21T19:51:53.544Z
dpf1,4-alnum,4,taken,2026-09-21T19:51:53.544Z
6nx5,4-alnum,4,taken,2026-09-21T19:51:53.544Z
ee1n,4-alnum,4,taken,2026-09-21T19:51:53.544Z
p4zr,4-alnum,4,taken,2026-09-21T19:51:53.544Z
dlv6,4-alnum,4,taken,2026-09-21T19:51:53.544Z
1b13,4-alnum,4,taken,2026-09-21T19:51:53.544Z
g3ow,4-alnum,4,taken,2026-09-21T19:51:53.544Z
lj8j,4-alnum,4,taken,2026-09-21T19:51:53.544Z
4xud,4-alnum,4,taken,2026-09-21T19:51:53.544Z
v72q,4-alnum,4,taken,2026-09-21T19:51:53.544Z
5t32,4-alnum,4,taken,2026-09-21T19:51:53.544Z
rg7s,4-alnum,4,taken,2026-09-21T19:51:53.544Z
2o4f,4-alnum,4,taken,2026-09-21T19:51:53.544Z
g6gd,4-alnum,4,taken,2026-09-21T19:51:53.544Z
1j4z,4-alnum,4,taken,2026-09-21T19:51:53.544Z
i2ap,4-alnum,4,taken,2026-09-21T19:51:53.544Z
wfr8,4-alnum,4,taken,2026-09-21T19:51:53.544Z
3js4,4-alnum,4,taken,2026-09-21T19:51:53.544Z
c4ba,4-alnum,4,taken,2026-09-21T19:51:53.544Z
y8wv,4-alnum,4,taken,2026-09-21T19:51:53.544Z
5xrh,4-alnum,4,taken,2026-09-21T19:51:53.544Z
nr6e,4-alnum,4,taken,2026-09-21T19:51:53.544Z
3rrm,4-alnum,4,taken,2026-09-21T19:51:53.544Z
b9oa,4-alnum,4,taken,2026-09-21T19:51:53.544Z
k4rx,4-alnum,4,taken,2026-09-21T19:51:53.544Z
vt7k,4-alnum,4,taken,2026-09-21T19:51:53.544Z
12bd,4-alnum,4,taken,2026-09-21T19:51:53.544Z
3xwt,4-alnum,4,taken,2026-09-21T19:51:53.544Z
faz9,4-alnum,4,taken,2026-09-21T19:51:53.544Z
6yjz,4-alnum,4,taken,2026-09-21T19:51:53.544Z
2b1s,4-alnum,4,taken,2026-09-21T19:51:53.544Z
99px,4-alnum,4,taken,2026-09-21T19:51:53.544Z
fom2,4-alnum,4,taken,2026-09-21T19:51:53.544Z
2gtg,4-alnum,4,taken,2026-09-21T19:51:53.544Z
8x2h,4-alnum,4,taken,2026-09-21T19:51:53.544Z
9sge,4-alnum,4,taken,2026-09-21T19:51:53.544Z
gf1n,4-alnum,4,taken,2026-09-21T19:51:53.544Z
6k5d,4-alnum,4,taken,2026-09-21T19:51:53.544Z
o7tz,4-alnum,4,taken,2026-09-21T19:51:53.544Z
y73z,4-alnum,4,taken,2026-09-21T19:51:53.544Z
ve87,4-alnum,4,taken,2026-09-21T19:52:24.081Z
1yzi,4-alnum,4,taken,2026-09-21T19:52:24.081Z
bg5p,4-alnum,4,taken,2026-09-21T19:52:24.081Z
erl0,4-alnum,4,taken,2026-09-21T19:52:24.081Z
p935,4-alnum,4,taken,2026-09-21T19:52:24.081Z
vl9y,4-alnum,4,taken,2026-09-21T19:52:24.081Z
8k1r,4-alnum,4,taken,2026-09-21T19:52:24.081Z
j7vs,4-alnum,4,taken,2026-09-21T19:52:24.081Z
5ngr,4-alnum,4,taken,2026-09-21T19:52:24.081Z
jvl1,4-alnum,4,taken,2026-09-21T19:52:24.081Z
s20h,4-alnum,4,taken,2026-09-21T19:52:24.081Z
mwh9,4-alnum,4,taken,2026-09-21T19:52:24.081Z
t2ox,4-alnum,4,taken,2026-09-21T19:52:24.081Z
6ful,4-alnum,4,taken,2026-09-21T19:52:24.081Z
5bq0,4-alnum,4,taken,2026-09-21T19:52:24.081Z
5urn,4-alnum,4,taken,2026-09-21T19:52:24.081Z
kvw4,4-alnum,4,taken,2026-09-21T19:52:24.081Z
5vx7,4-alnum,4,taken,2026-09-21T19:52:24.081Z
lxm6,4-alnum,4,taken,2026-09-21T19:52:24.081Z
a5b6,4-alnum,4,taken,2026-09-21T19:52:24.081Z
1qko,4-alnum,4,taken,2026-09-21T19:52:24.081Z
bhr9,4-alnum,4,taken,2026-09-21T19:52:24.081Z
0yh9,4-alnum,4,taken,2026-09-21T19:52:24.081Z
t388,4-alnum,4,taken,2026-09-21T19:52:24.081Z
1csf,4-alnum,4,taken,2026-09-21T19:52:24.081Z
o0iq,4-alnum,4,taken,2026-09-21T19:52:24.081Z
lys6,4-alnum,4,taken,2026-09-21T19:52:24.081Z
p0bb,4-alnum,4,taken,2026-09-21T19:52:24.081Z
jy65,4-alnum,4,taken,2026-09-21T19:52:24.081Z
1wjq,4-alnum,4,taken,2026-09-21T19:52:24.081Z
2ykj,4-alnum,4,taken,2026-09-21T19:52:24.081Z
l3ze,4-alnum,4,taken,2026-09-21T19:52:24.081Z
h1ll,4-alnum,4,taken,2026-09-21T19:52:24.081Z
kjg9,4-alnum,4,taken,2026-09-21T19:52:24.081Z
sr0f,4-alnum,4,taken,2026-09-21T19:52:24.081Z
gp6u,4-alnum,4,taken,2026-09-21T19:52:24.081Z
rca0,4-alnum,4,taken,2026-09-21T19:52:24.081Z
h7g9,4-alnum,4,taken,2026-09-21T19:52:24.081Z
1ngw,4-alnum,4,taken,2026-09-21T19:52:24.081Z
koo3,4-alnum,4,taken,2026-09-21T19:52:24.081Z
tka4,4-alnum,4,taken,2026-09-21T19:52:24.081Z
gmy4,4-alnum,4,taken,2026-09-21T19:52:24.081Z
c0y7,4-alnum,4,taken,2026-09-21T19:52:24.081Z
w22y,4-alnum,4,taken,2026-09-21T19:52:24.081Z
46ml,4-alnum,4,taken,2026-09-21T19:52:24.081Z
7pgw,4-alnum,4,taken,2026-09-21T19:52:24.081Z
7eoj,4-alnum,4,taken,2026-09-21T19:52:24.081Z
2gxy,4-alnum,4,taken,2026-09-21T19:52:24.081Z
034s,4-alnum,4,taken,2026-09-21T19:52:24.081Z
usk7,4-alnum,4,taken,2026-09-21T19:52:24.081Z
2d4h,4-alnum,4,taken,2026-09-21T19:52:24.081Z
77of,4-alnum,4,taken,2026-09-21T19:52:24.081Z
d3dz,4-alnum,4,taken,2026-09-21T19:52:24.081Z
9yqq,4-alnum,4,taken,2026-09-21T19:52:24.081Z
uss6,4-alnum,4,taken,2026-09-21T19:52:24.081Z
3srg,4-alnum,4,taken,2026-09-21T19:52:24.081Z
wxa5,4-alnum,4,taken,2026-09-21T19:52:24.081Z
0grl,4-alnum,4,taken,2026-09-21T19:52:24.081Z
ryz4,4-alnum,4,taken,2026-09-21T19:52:24.081Z
okb1,4-alnum,4,taken,2026-09-21T19:52:24.081Z
k6jm,4-alnum,4,taken,2026-09-21T19:52:24.081Z
15vx,4-alnum,4,taken,2026-09-21T19:52:24.081Z
0ex0,4-alnum,4,taken,2026-09-21T19:52:24.081Z
lcw9,4-alnum,4,taken,2026-09-21T19:52:24.081Z
6yen,4-alnum,4,taken,2026-09-21T19:52:24.081Z
2i4d,4-alnum,4,taken,2026-09-21T19:52:24.081Z
s4ef,4-alnum,4,taken,2026-09-21T19:52:24.081Z
5kg1,4-alnum,4,taken,2026-09-21T19:52:24.081Z
pff5,4-alnum,4,taken,2026-09-21T19:52:24.081Z
d8x1,4-alnum,4,taken,2026-09-21T19:52:24.081Z
kc6h,4-alnum,4,taken,2026-09-21T19:52:24.081Z
6kk1,4-alnum,4,taken,2026-09-21T19:52:24.081Z
x1yt,4-alnum,4,taken,2026-09-21T19:52:24.081Z
co7f,4-alnum,4,taken,2026-09-21T19:52:24.081Z
8tw1,4-alnum,4,taken,2026-09-21T19:52:24.081Z
9do8,4-alnum,4,taken,2026-09-21T19:52:24.081Z
ej23,4-alnum,4,taken,2026-09-21T19:52:24.081Z
3o2v,4-alnum,4,taken,2026-09-21T19:52:24.081Z
de2v,4-alnum,4,taken,2026-09-21T19:52:24.081Z
0g21,4-alnum,4,taken,2026-09-21T19:52:24.081Z
2zil,4-alnum,4,taken,2026-09-21T19:52:24.081Z
6b4v,4-alnum,4,taken,2026-09-21T19:52:24.081Z
qu7x,4-alnum,4,taken,2026-09-21T19:52:24.081Z
f8oi,4-alnum,4,taken,2026-09-21T19:52:24.081Z
anx1,4-alnum,4,taken,2026-09-21T19:52:24.081Z
qj6f,4-alnum,4,taken,2026-09-21T19:52:24.081Z
p4u1,4-alnum,4,taken,2026-09-21T19:52:24.081Z
7l4r,4-alnum,4,taken,2026-09-21T19:52:24.081Z
a0x3,4-alnum,4,taken,2026-09-21T19:52:24.081Z
xu35,4-alnum,4,taken,2026-09-21T19:52:24.081Z
ayo4,4-alnum,4,taken,2026-09-21T19:52:24.081Z
iu4u,4-alnum,4,taken,2026-09-21T19:52:24.081Z
h78v,4-alnum,4,taken,2026-09-21T19:52:24.081Z
scj7,4-alnum,4,taken,2026-09-21T19:52:24.081Z
t0qv,4-alnum,4,taken,2026-09-21T19:52:24.081Z
c9uo,4-alnum,4,taken,2026-09-21T19:52:24.081Z
njn9,4-alnum,4,taken,2026-09-21T19:52:24.081Z
sf59,4-alnum,4,taken,2026-09-21T19:52:24.081Z
vy9h,4-alnum,4,taken,2026-09-21T19:52:24.081Z
m0qs,4-alnum,4,taken,2026-09-21T19:52:24.081Z
g56m,4-alnum,4,taken,2026-09-21T19:52:54.715Z
360n,4-alnum,4,taken,2026-09-21T19:52:54.715Z
f1d3,4-alnum,4,taken,2026-09-21T19:52:54.715Z
w8jw,4-alnum,4,taken,2026-09-21T19:52:54.715Z
cm5g,4-alnum,4,taken,2026-09-21T19:52:54.715Z
3g2b,4-alnum,4,taken,2026-09-21T19:52:54.715Z
0mku,4-alnum,4,taken,2026-09-21T19:52:54.715Z
h9a9,4-alnum,4,taken,2026-09-21T19:52:54.715Z
yb72,4-alnum,4,taken,2026-09-21T19:52:54.715Z
6gkp,4-alnum,4,taken,2026-09-21T19:52:54.715Z
f0wu,4-alnum,4,taken,2026-09-21T19:52:54.715Z
p5fc,4-alnum,4,taken,2026-09-21T19:52:54.715Z
9qjd,4-alnum,4,taken,2026-09-21T19:52:54.715Z
hm4l,4-alnum,4,taken,2026-09-21T19:52:54.715Z
0yr2,4-alnum,4,taken,2026-09-21T19:52:54.715Z
v0w5,4-alnum,4,taken,2026-09-21T19:52:54.715Z
ns0s,4-alnum,4,taken,2026-09-21T19:52:54.715Z
1iph,4-alnum,4,taken,2026-09-21T19:52:54.715Z
tq6c,4-alnum,4,taken,2026-09-21T19:52:54.715Z
66fh,4-alnum,4,taken,2026-09-21T19:52:54.715Z
v525,4-alnum,4,taken,2026-09-21T19:52:54.715Z
f74c,4-alnum,4,taken,2026-09-21T19:52:54.715Z
8j20,4-alnum,4,taken,2026-09-21T19:52:54.715Z
7bxn,4-alnum,4,taken,2026-09-21T19:52:54.715Z
o4x0,4-alnum,4,taken,2026-09-21T19:52:54.715Z
5ofy,4-alnum,4,taken,2026-09-21T19:52:54.715Z
i4lg,4-alnum,4,taken,2026-09-21T19:52:54.715Z
k8gd,4-alnum,4,taken,2026-09-21T19:52:54.715Z
4d09,4-alnum,4,taken,2026-09-21T19:52:54.715Z
f1pz,4-alnum,4,taken,2026-09-21T19:52:54.715Z
g8hh,4-alnum,4,taken,2026-09-21T19:52:54.715Z
wp9k,4-alnum,4,taken,2026-09-21T19:52:54.715Z
5n2y,4-alnum,4,taken,2026-09-21T19:52:54.715Z
ak89,4-alnum,4,taken,2026-09-21T19:52:54.715Z
q8dl,4-alnum,4,taken,2026-09-21T19:52:54.715Z
ty6v,4-alnum,4,taken,2026-09-21T19:52:54.715Z
o7e2,4-alnum,4,taken,2026-09-21T19:52:54.715Z
tyw8,4-alnum,4,taken,2026-09-21T19:52:54.715Z
502k,4-alnum,4,taken,2026-09-21T19:52:54.715Z
p62e,4-alnum,4,taken,2026-09-21T19:52:54.715Z
xq1w,4-alnum,4,taken,2026-09-21T19:52:54.715Z
1t9i,4-alnum,4,taken,2026-09-21T19:52:54.715Z
pvq0,4-alnum,4,taken,2026-09-21T19:52:54.715Z
8vuh,4-alnum,4,taken,2026-09-21T19:52:54.715Z
0u2c,4-alnum,4,taken,2026-09-21T19:52:54.715Z
9ofp,4-alnum,4,taken,2026-09-21T19:52:54.715Z
c6ax,4-alnum,4,taken,2026-09-21T19:52:54.715Z
oz9k,4-alnum,4,taken,2026-09-21T19:52:54.715Z
51s4,4-alnum,4,taken,2026-09-21T19:52:54.715Z
235t,4-alnum,4,taken,2026-09-21T19:52:54.715Z
278u,4-alnum,4,taken,2026-09-21T19:52:54.715Z
cdf4,4-alnum,4,taken,2026-09-21T19:52:54.715Z
5z7z,4-alnum,4,taken,2026-09-21T19:52:54.715Z
25vi,4-alnum,4,taken,2026-09-21T19:52:54.715Z
55nn,4-alnum,4,taken,2026-09-21T19:52:54.715Z
76qt,4-alnum,4,taken,2026-09-21T19:52:54.715Z
mt6b,4-alnum,4,taken,2026-09-21T19:52:54.715Z
gnr8,4-alnum,4,taken,2026-09-21T19:52:54.715Z
6q57,4-alnum,4,taken,2026-09-21T19:52:54.715Z
vc35,4-alnum,4,taken,2026-09-21T19:52:54.715Z
bh54,4-alnum,4,taken,2026-09-21T19:52:54.715Z
ydy6,4-alnum,4,taken,2026-09-21T19:52:54.715Z
un6o,4-alnum,4,taken,2026-09-21T19:52:54.715Z
kx48,4-alnum,4,taken,2026-09-21T19:52:54.715Z
uji9,4-alnum,4,taken,2026-09-21T19:52:54.715Z
o7gj,4-alnum,4,taken,2026-09-21T19:52:54.715Z
c2my,4-alnum,4,taken,2026-09-21T19:52:54.715Z
6v10,4-alnum,4,taken,2026-09-21T19:52:54.715Z
t0np,4-alnum,4,taken,2026-09-21T19:52:54.715Z
tx2q,4-alnum,4,taken,2026-09-21T19:52:54.715Z
58xa,4-alnum,4,taken,2026-09-21T19:52:54.715Z
q4y8,4-alnum,4,taken,2026-09-21T19:52:54.715Z
v04i,4-alnum,4,taken,2026-09-21T19:52:54.715Z
13mj,4-alnum,4,taken,2026-09-21T19:52:54.715Z
u2b1,4-alnum,4,taken,2026-09-21T19:52:54.715Z
un1z,4-alnum,4,taken,2026-09-21T19:52:54.715Z
td0f,4-alnum,4,taken,2026-09-21T19:52:54.715Z
5m3h,4-alnum,4,taken,2026-09-21T19:52:54.715Z
3hky,4-alnum,4,taken,2026-09-21T19:52:54.715Z
ue81,4-alnum,4,taken,2026-09-21T19:52:54.715Z
3e5v,4-alnum,4,taken,2026-09-21T19:52:54.715Z
9ij5,4-alnum,4,taken,2026-09-21T19:52:54.715Z
8hlh,4-alnum,4,taken,2026-09-21T19:52:54.715Z
qz2z,4-alnum,4,taken,2026-09-21T19:52:54.715Z
ql10,4-alnum,4,taken,2026-09-21T19:52:54.715Z
3r01,4-alnum,4,taken,2026-09-21T19:52:54.715Z
nzq2,4-alnum,4,taken,2026-09-21T19:52:54.715Z
j0iu,4-alnum,4,taken,2026-09-21T19:52:54.715Z
xp42,4-alnum,4,taken,2026-09-21T19:52:54.715Z
0h17,4-alnum,4,taken,2026-09-21T19:52:54.715Z
j4qg,4-alnum,4,taken,2026-09-21T19:52:54.715Z
nj37,4-alnum,4,taken,2026-09-21T19:52:54.715Z
y0xv,4-alnum,4,taken,2026-09-21T19:52:54.715Z
guk8,4-alnum,4,taken,2026-09-21T19:52:54.715Z
1pq1,4-alnum,4,taken,2026-09-21T19:52:54.715Z
f95j,4-alnum,4,taken,2026-09-21T19:52:54.715Z
4lab,4-alnum,4,taken,2026-09-21T19:52:54.715Z
e1fc,4-alnum,4,taken,2026-09-21T19:52:54.715Z
mg5q,4-alnum,4,taken,2026-09-21T19:52:54.715Z
9icz,4-alnum,4,taken,2026-09-21T19:52:54.715Z
xg3f,4-alnum,4,taken,2026-09-21T19:53:25.302Z
u6ir,4-alnum,4,taken,2026-09-21T19:53:25.302Z
xs41,4-alnum,4,taken,2026-09-21T19:53:25.302Z
q8dc,4-alnum,4,taken,2026-09-21T19:53:25.302Z
941w,4-alnum,4,taken,2026-09-21T19:53:25.302Z
a82k,4-alnum,4,taken,2026-09-21T19:53:25.302Z
55h8,4-alnum,4,taken,2026-09-21T19:53:25.302Z
98ep,4-alnum,4,taken,2026-09-21T19:53:25.302Z
0sqn,4-alnum,4,taken,2026-09-21T19:53:25.302Z
d665,4-alnum,4,taken,2026-09-21T19:53:25.302Z
hd30,4-alnum,4,taken,2026-09-21T19:53:25.302Z
47gy,4-alnum,4,taken,2026-09-21T19:53:25.302Z
v36g,4-alnum,4,taken,2026-09-21T19:53:25.302Z
668n,4-alnum,4,taken,2026-09-21T19:53:25.302Z
iq4x,4-alnum,4,taken,2026-09-21T19:53:25.302Z
utf1,4-alnum,4,taken,2026-09-21T19:53:25.302Z
06pq,4-alnum,4,taken,2026-09-21T19:53:25.302Z
8fej,4-alnum,4,taken,2026-09-21T19:53:25.302Z
g7lr,4-alnum,4,taken,2026-09-21T19:53:25.302Z
n9u4,4-alnum,4,taken,2026-09-21T19:53:25.302Z
le49,4-alnum,4,taken,2026-09-21T19:53:25.302Z
mv5p,4-alnum,4,taken,2026-09-21T19:53:25.302Z
rb5n,4-alnum,4,taken,2026-09-21T19:53:25.302Z
2rp3,4-alnum,4,taken,2026-09-21T19:53:25.302Z
wfl7,4-alnum,4,taken,2026-09-21T19:53:25.302Z
w8zp,4-alnum,4,taken,2026-09-21T19:53:25.302Z
3p3w,4-alnum,4,taken,2026-09-21T19:53:25.302Z
lay0,4-alnum,4,taken,2026-09-21T19:53:25.302Z
n08z,4-alnum,4,taken,2026-09-21T19:53:25.302Z
s041,4-alnum,4,taken,2026-09-21T19:53:25.302Z
rn6j,4-alnum,4,taken,2026-09-21T19:53:25.302Z
jb1p,4-alnum,4,taken,2026-09-21T19:53:25.302Z
tj4k,4-alnum,4,taken,2026-09-21T19:53:25.302Z
l8ci,4-alnum,4,taken,2026-09-21T19:53:25.302Z
9fwz,4-alnum,4,taken,2026-09-21T19:53:25.302Z
5j98,4-alnum,4,taken,2026-09-21T19:53:25.302Z
qzc4,4-alnum,4,taken,2026-09-21T19:53:25.302Z
ue3y,4-alnum,4,taken,2026-09-21T19:53:25.302Z
ge36,4-alnum,4,taken,2026-09-21T19:53:25.302Z
d0c7,4-alnum,4,taken,2026-09-21T19:53:25.302Z
w6lm,4-alnum,4,taken,2026-09-21T19:53:25.302Z
3svg,4-alnum,4,taken,2026-09-21T19:53:25.302Z
2pm0,4-alnum,4,taken,2026-09-21T19:53:25.302Z
mw2y,4-alnum,4,taken,2026-09-21T19:53:25.302Z
0csv,4-alnum,4,taken,2026-09-21T19:53:25.302Z
dj4m,4-alnum,4,taken,2026-09-21T19:53:25.302Z
v9xc,4-alnum,4,taken,2026-09-21T19:53:25.302Z
lg4w,4-alnum,4,taken,2026-09-21T19:53:25.302Z
3hs3,4-alnum,4,taken,2026-09-21T19:53:25.302Z
puq7,4-alnum,4,taken,2026-09-21T19:53:25.302Z
anb7,4-alnum,4,taken,2026-09-21T19:53:25.302Z
8a8f,4-alnum,4,taken,2026-09-21T19:53:25.302Z
qr0m,4-alnum,4,taken,2026-09-21T19:53:25.302Z
xin8,4-alnum,4,taken,2026-09-21T19:53:25.302Z
22m4,4-alnum,4,taken,2026-09-21T19:53:25.302Z
1fng,4-alnum,4,taken,2026-09-21T19:53:25.302Z
5r1d,4-alnum,4,taken,2026-09-21T19:53:25.302Z
rg58,4-alnum,4,taken,2026-09-21T19:53:25.302Z
7png,4-alnum,4,taken,2026-09-21T19:53:25.302Z
tq19,4-alnum,4,taken,2026-09-21T19:53:25.302Z
u81o,4-alnum,4,taken,2026-09-21T19:53:25.302Z
md2e,4-alnum,4,taken,2026-09-21T19:53:25.302Z
njn7,4-alnum,4,taken,2026-09-21T19:53:25.302Z
24cz,4-alnum,4,taken,2026-09-21T19:53:25.302Z
t9bh,4-alnum,4,taken,2026-09-21T19:53:25.302Z
r9vx,4-alnum,4,taken,2026-09-21T19:53:25.302Z
pc6i,4-alnum,4,taken,2026-09-21T19:53:25.302Z
378k,4-alnum,4,taken,2026-09-21T19:53:25.302Z
7g6u,4-alnum,4,taken,2026-09-21T19:53:25.302Z
9e02,4-alnum,4,taken,2026-09-21T19:53:25.302Z
n95r,4-alnum,4,taken,2026-09-21T19:53:25.302Z
p5ye,4-alnum,4,taken,2026-09-21T19:53:25.302Z
xxx7,4-alnum,4,taken,2026-09-21T19:53:25.302Z
vpo9,4-alnum,4,taken,2026-09-21T19:53:25.302Z
d5x4,4-alnum,4,taken,2026-09-21T19:53:25.302Z
l1fq,4-alnum,4,taken,2026-09-21T19:53:25.302Z
r04p,4-alnum,4,taken,2026-09-21T19:53:25.302Z
6y7a,4-alnum,4,taken,2026-09-21T19:53:25.302Z
3ie3,4-alnum,4,taken,2026-09-21T19:53:25.302Z
hf37,4-alnum,4,taken,2026-09-21T19:53:25.302Z
c7y8,4-alnum,4,taken,2026-09-21T19:53:25.302Z
dah5,4-alnum,4,taken,2026-09-21T19:53:25.302Z
x3zx,4-alnum,4,taken,2026-09-21T19:53:25.302Z
sb87,4-alnum,4,taken,2026-09-21T19:53:25.302Z
0g7a,4-alnum,4,taken,2026-09-21T19:53:25.302Z
2l60,4-alnum,4,taken,2026-09-21T19:53:25.302Z
wnz9,4-alnum,4,taken,2026-09-21T19:53:25.302Z
3ji7,4-alnum,4,taken,2026-09-21T19:53:25.302Z
e4rf,4-alnum,4,taken,2026-09-21T19:53:25.302Z
qy48,4-alnum,4,taken,2026-09-21T19:53:25.302Z
h6ey,4-alnum,4,taken,2026-09-21T19:53:25.302Z
b33h,4-alnum,4,taken,2026-09-21T19:53:25.302Z
ki71,4-alnum,4,taken,2026-09-21T19:53:25.302Z
00xh,4-alnum,4,taken,2026-09-21T19:53:25.302Z
a3tc,4-alnum,4,taken,2026-09-21T19:53:25.302Z
5kaw,4-alnum,4,taken,2026-09-21T19:53:25.302Z
1l6n,4-alnum,4,taken,2026-09-21T19:53:25.302Z
v0cv,4-alnum,4,taken,2026-09-21T19:53:25.302Z
g39r,4-alnum,4,taken,2026-09-21T19:53:25.302Z
suv5,4-alnum,4,taken,2026-09-21T19:53:25.302Z
yj4r,4-alnum,4,taken,2026-09-21T19:53:55.865Z
l55k,4-alnum,4,taken,2026-09-21T19:53:55.865Z
lwj8,4-alnum,4,taken,2026-09-21T19:53:55.865Z
l79h,4-alnum,4,taken,2026-09-21T19:53:55.865Z
1uho,4-alnum,4,taken,2026-09-21T19:53:55.865Z
i461,4-alnum,4,taken,2026-09-21T19:53:55.865Z
c2oi,4-alnum,4,taken,2026-09-21T19:53:55.865Z
u1bt,4-alnum,4,taken,2026-09-21T19:53:55.865Z
0jyu,4-alnum,4,taken,2026-09-21T19:53:55.865Z
297x,4-alnum,4,taken,2026-09-21T19:53:55.865Z
59uu,4-alnum,4,taken,2026-09-21T19:53:55.865Z
w3t2,4-alnum,4,taken,2026-09-21T19:53:55.865Z
utj1,4-alnum,4,taken,2026-09-21T19:53:55.865Z
l5uq,4-alnum,4,taken,2026-09-21T19:53:55.865Z
wr2u,4-alnum,4,taken,2026-09-21T19:53:55.865Z
eb4l,4-alnum,4,taken,2026-09-21T19:53:55.865Z
nva7,4-alnum,4,taken,2026-09-21T19:53:55.865Z
31yo,4-alnum,4,taken,2026-09-21T19:53:55.865Z
uuj1,4-alnum,4,taken,2026-09-21T19:53:55.865Z
lci1,4-alnum,4,taken,2026-09-21T19:53:55.865Z
1jou,4-alnum,4,taken,2026-09-21T19:53:55.865Z
o75y,4-alnum,4,taken,2026-09-21T19:53:55.865Z
g6n2,4-alnum,4,taken,2026-09-21T19:53:55.865Z
47y4,4-alnum,4,taken,2026-09-21T19:53:55.865Z
u5ki,4-alnum,4,taken,2026-09-21T19:53:55.865Z
9wju,4-alnum,4,taken,2026-09-21T19:53:55.865Z
tly4,4-alnum,4,taken,2026-09-21T19:53:55.865Z
8kfl,4-alnum,4,taken,2026-09-21T19:53:55.865Z
wlx8,4-alnum,4,taken,2026-09-21T19:53:55.865Z
0hl2,4-alnum,4,taken,2026-09-21T19:53:55.865Z
5be8,4-alnum,4,taken,2026-09-21T19:53:55.865Z
y335,4-alnum,4,taken,2026-09-21T19:53:55.865Z
mbz5,4-alnum,4,taken,2026-09-21T19:53:55.865Z
f07f,4-alnum,4,taken,2026-09-21T19:53:55.865Z
6toi,4-alnum,4,taken,2026-09-21T19:53:55.865Z
5xlc,4-alnum,4,taken,2026-09-21T19:53:55.865Z
zpl7,4-alnum,4,taken,2026-09-21T19:53:55.865Z
8zxw,4-alnum,4,taken,2026-09-21T19:53:55.865Z
9mte,4-alnum,4,taken,2026-09-21T19:53:55.865Z
1ut0,4-alnum,4,taken,2026-09-21T19:53:55.865Z
4zly,4-alnum,4,taken,2026-09-21T19:53:55.865Z
2nqf,4-alnum,4,taken,2026-09-21T19:53:55.865Z
we6x,4-alnum,4,taken,2026-09-21T19:53:55.865Z
0x5t,4-alnum,4,taken,2026-09-21T19:53:55.865Z
u4ro,4-alnum,4,taken,2026-09-21T19:53:55.865Z
xb1q,4-alnum,4,taken,2026-09-21T19:53:55.865Z
vp7q,4-alnum,4,taken,2026-09-21T19:53:55.865Z
29hz,4-alnum,4,taken,2026-09-21T19:53:55.865Z
t6wb,4-alnum,4,taken,2026-09-21T19:53:55.865Z
55f9,4-alnum,4,taken,2026-09-21T19:53:55.865Z
5en3,4-alnum,4,taken,2026-09-21T19:53:55.865Z
7q8g,4-alnum,4,taken,2026-09-21T19:53:55.865Z
x6nu,4-alnum,4,taken,2026-09-21T19:53:55.865Z
uj2y,4-alnum,4,taken,2026-09-21T19:53:55.865Z
l4cd,4-alnum,4,taken,2026-09-21T19:53:55.865Z
ova9,4-alnum,4,taken,2026-09-21T19:53:55.865Z
7bu6,4-alnum,4,taken,2026-09-21T19:53:55.865Z
14y6,4-alnum,4,taken,2026-09-21T19:53:55.865Z
jq7p,4-alnum,4,taken,2026-09-21T19:53:55.865Z
a5rt,4-alnum,4,taken,2026-09-21T19:53:55.865Z
am0a,4-alnum,4,taken,2026-09-21T19:53:55.865Z
2ji1,4-alnum,4,taken,2026-09-21T19:53:55.865Z
z5a5,4-alnum,4,taken,2026-09-21T19:53:55.865Z
b4ho,4-alnum,4,taken,2026-09-21T19:53:55.865Z
bd6z,4-alnum,4,taken,2026-09-21T19:53:55.865Z
u5dm,4-alnum,4,taken,2026-09-21T19:53:55.865Z
1xd5,4-alnum,4,taken,2026-09-21T19:53:55.865Z
nv2i,4-alnum,4,taken,2026-09-21T19:53:55.865Z
24j0,4-alnum,4,taken,2026-09-21T19:53:55.865Z
1dc9,4-alnum,4,taken,2026-09-21T19:53:55.865Z
n0cw,4-alnum,4,taken,2026-09-21T19:53:55.865Z
pph1,4-alnum,4,taken,2026-09-21T19:53:55.865Z
dt4u,4-alnum,4,taken,2026-09-21T19:53:55.865Z
4gq8,4-alnum,4,taken,2026-09-21T19:53:55.865Z
myk2,4-alnum,4,taken,2026-09-21T19:53:55.865Z
f9eg,4-alnum,4,taken,2026-09-21T19:53:55.865Z
1gmn,4-alnum,4,taken,2026-09-21T19:53:55.865Z
0xks,4-alnum,4,taken,2026-09-21T19:53:55.865Z
1xgs,4-alnum,4,taken,2026-09-21T19:53:55.865Z
n9lh,4-alnum,4,taken,2026-09-21T19:53:55.865Z
69ux,4-alnum,4,taken,2026-09-21T19:53:55.865Z
5wcc,4-alnum,4,taken,2026-09-21T19:53:55.865Z
sef9,4-alnum,4,taken,2026-09-21T19:53:55.865Z
j62c,4-alnum,4,taken,2026-09-21T19:53:55.865Z
9rgo,4-alnum,4,taken,2026-09-21T19:53:55.865Z
zt1r,4-alnum,4,taken,2026-09-21T19:53:55.865Z
sg8i,4-alnum,4,taken,2026-09-21T19:53:55.865Z
gj5j,4-alnum,4,taken,2026-09-21T19:53:55.865Z
cr8p,4-alnum,4,taken,2026-09-21T19:53:55.865Z
t1m3,4-alnum,4,taken,2026-09-21T19:53:55.865Z
phs3,4-alnum,4,taken,2026-09-21T19:53:55.865Z
b2c3,4-alnum,4,taken,2026-09-21T19:53:55.865Z
4i7p,4-alnum,4,taken,2026-09-21T19:53:55.865Z
e15z,4-alnum,4,taken,2026-09-21T19:53:55.865Z
o0ca,4-alnum,4,taken,2026-09-21T19:53:55.865Z
q0xb,4-alnum,4,taken,2026-09-21T19:53:55.865Z
q99g,4-alnum,4,taken,2026-09-21T19:53:55.865Z
sz11,4-alnum,4,taken,2026-09-21T19:53:55.865Z
w0dk,4-alnum,4,taken,2026-09-21T19:53:55.865Z
zy82,4-alnum,4,taken,2026-09-21T19:53:55.865Z
u9j6,4-alnum,4,taken,2026-09-21T19:54:26.400Z
r9jl,4-alnum,4,taken,2026-09-21T19:54:26.400Z
8k3m,4-alnum,4,taken,2026-09-21T19:54:26.400Z
qq1t,4-alnum,4,taken,2026-09-21T19:54:26.400Z
wc98,4-alnum,4,taken,2026-09-21T19:54:26.400Z
g7z3,4-alnum,4,taken,2026-09-21T19:54:26.400Z
crf2,4-alnum,4,taken,2026-09-21T19:54:26.400Z
85ft,4-alnum,4,taken,2026-09-21T19:54:26.400Z
2z3w,4-alnum,4,taken,2026-09-21T19:54:26.400Z
xhi6,4-alnum,4,taken,2026-09-21T19:54:26.400Z
hzi0,4-alnum,4,taken,2026-09-21T19:54:26.400Z
2smf,4-alnum,4,taken,2026-09-21T19:54:26.400Z
qj4x,4-alnum,4,taken,2026-09-21T19:54:26.400Z
00sh,4-alnum,4,taken,2026-09-21T19:54:26.400Z
e93j,4-alnum,4,taken,2026-09-21T19:54:26.400Z
sn9h,4-alnum,4,taken,2026-09-21T19:54:26.400Z
21od,4-alnum,4,taken,2026-09-21T19:54:26.400Z
tuo9,4-alnum,4,taken,2026-09-21T19:54:26.400Z
776t,4-alnum,4,taken,2026-09-21T19:54:26.400Z
9qhv,4-alnum,4,taken,2026-09-21T19:54:26.400Z
z3j5,4-alnum,4,taken,2026-09-21T19:54:26.400Z
wy2e,4-alnum,4,taken,2026-09-21T19:54:26.400Z
h4l4,4-alnum,4,taken,2026-09-21T19:54:26.400Z
cil9,4-alnum,4,taken,2026-09-21T19:54:26.400Z
z5xt,4-alnum,4,taken,2026-09-21T19:54:26.400Z
l7gh,4-alnum,4,taken,2026-09-21T19:54:26.400Z
i9c2,4-alnum,4,taken,2026-09-21T19:54:26.400Z
2q94,4-alnum,4,taken,2026-09-21T19:54:26.400Z
18qq,4-alnum,4,taken,2026-09-21T19:54:26.400Z
0y86,4-alnum,4,taken,2026-09-21T19:54:26.400Z
l9eu,4-alnum,4,taken,2026-09-21T19:54:26.400Z
7saa,4-alnum,4,taken,2026-09-21T19:54:26.400Z
h2xu,4-alnum,4,taken,2026-09-21T19:54:26.400Z
mz5i,4-alnum,4,taken,2026-09-21T19:54:26.400Z
u9kr,4-alnum,4,taken,2026-09-21T19:54:26.400Z
b0vr,4-alnum,4,taken,2026-09-21T19:54:26.400Z
654u,4-alnum,4,taken,2026-09-21T19:54:26.400Z
k18h,4-alnum,4,taken,2026-09-21T19:54:26.400Z
9qh7,4-alnum,4,taken,2026-09-21T19:54:26.400Z
2ina,4-alnum,4,taken,2026-09-21T19:54:26.400Z
698f,4-alnum,4,taken,2026-09-21T19:54:26.400Z
6cab,4-alnum,4,taken,2026-09-21T19:54:26.400Z
m4jw,4-alnum,4,taken,2026-09-21T19:54:26.400Z
113t,4-alnum,4,taken,2026-09-21T19:54:26.400Z
6fir,4-alnum,4,taken,2026-09-21T19:54:26.400Z
44e5,4-alnum,4,taken,2026-09-21T19:54:26.400Z
q5x4,4-alnum,4,taken,2026-09-21T19:54:26.400Z
s6hn,4-alnum,4,taken,2026-09-21T19:54:26.400Z
8f1b,4-alnum,4,taken,2026-09-21T19:54:26.400Z
00ci,4-alnum,4,taken,2026-09-21T19:54:26.400Z
1b0j,4-alnum,4,taken,2026-09-21T19:54:26.400Z
7oz8,4-alnum,4,taken,2026-09-21T19:54:26.400Z
bs04,4-alnum,4,taken,2026-09-21T19:54:26.400Z
owy3,4-alnum,4,taken,2026-09-21T19:54:26.400Z
r2el,4-alnum,4,taken,2026-09-21T19:54:26.400Z
2z3l,4-alnum,4,taken,2026-09-21T19:54:26.400Z
ju1b,4-alnum,4,taken,2026-09-21T19:54:26.400Z
bq36,4-alnum,4,taken,2026-09-21T19:54:26.400Z
lo2e,4-alnum,4,taken,2026-09-21T19:54:26.400Z
eyw9,4-alnum,4,taken,2026-09-21T19:54:26.400Z
8ojk,4-alnum,4,taken,2026-09-21T19:54:26.400Z
7puo,4-alnum,4,taken,2026-09-21T19:54:26.400Z
udf1,4-alnum,4,taken,2026-09-21T19:54:26.400Z
mtb8,4-alnum,4,taken,2026-09-21T19:54:26.400Z
8dpt,4-alnum,4,taken,2026-09-21T19:54:26.400Z
rpe0,4-alnum,4,taken,2026-09-21T19:54:26.400Z
48qp,4-alnum,4,taken,2026-09-21T19:54:26.400Z
iy84,4-alnum,4,taken,2026-09-21T19:54:26.400Z
t7fw,4-alnum,4,taken,2026-09-21T19:54:26.400Z
srq6,4-alnum,4,taken,2026-09-21T19:54:26.400Z
l8tk,4-alnum,4,taken,2026-09-21T19:54:26.400Z
4qr0,4-alnum,4,taken,2026-09-21T19:54:26.400Z
q8r9,4-alnum,4,taken,2026-09-21T19:54:26.400Z
6mjr,4-alnum,4,taken,2026-09-21T19:54:26.400Z
r7r7,4-alnum,4,taken,2026-09-21T19:54:26.400Z
22dp,4-alnum,4,taken,2026-09-21T19:54:26.400Z
61ow,4-alnum,4,taken,2026-09-21T19:54:26.400Z
mn8u,4-alnum,4,taken,2026-09-21T19:54:26.400Z
4u55,4-alnum,4,taken,2026-09-21T19:54:26.400Z
0sso,4-alnum,4,taken,2026-09-21T19:54:26.400Z
3jua,4-alnum,4,taken,2026-09-21T19:54:26.400Z
vi5z,4-alnum,4,taken,2026-09-21T19:54:26.400Z
dj29,4-alnum,4,taken,2026-09-21T19:54:26.400Z
00bb,4-alnum,4,taken,2026-09-21T19:54:26.400Z
6z9z,4-alnum,4,taken,2026-09-21T19:54:26.400Z
eu1j,4-alnum,4,taken,2026-09-21T19:54:26.400Z
fq1c,4-alnum,4,taken,2026-09-21T19:54:26.400Z
2d4s,4-alnum,4,taken,2026-09-21T19:54:26.400Z
u3rx,4-alnum,4,taken,2026-09-21T19:54:26.400Z
s10g,4-alnum,4,taken,2026-09-21T19:54:26.400Z
e5xi,4-alnum,4,taken,2026-09-21T19:54:26.400Z
a52b,4-alnum,4,taken,2026-09-21T19:54:26.400Z
w00z,4-alnum,4,taken,2026-09-21T19:54:26.400Z
1djd,4-alnum,4,taken,2026-09-21T19:54:26.400Z
8mou,4-alnum,4,taken,2026-09-21T19:54:26.400Z
2wwa,4-alnum,4,taken,2026-09-21T19:54:26.400Z
v1gv,4-alnum,4,taken,2026-09-21T19:54:26.400Z
4vsl,4-alnum,4,taken,2026-09-21T19:54:26.400Z
58cd,4-alnum,4,taken,2026-09-21T19:54:26.400Z
u4mz,4-alnum,4,taken,2026-09-21T19:54:26.400Z
49wf,4-alnum,4,taken,2026-09-21T19:54:56.940Z
rh03,4-alnum,4,taken,2026-09-21T19:54:56.940Z
77dw,4-alnum,4,taken,2026-09-21T19:54:56.940Z
4lz1,4-alnum,4,taken,2026-09-21T19:54:56.940Z
3mjw,4-alnum,4,taken,2026-09-21T19:54:56.940Z
tj1u,4-alnum,4,taken,2026-09-21T19:54:56.940Z
tq5i,4-alnum,4,taken,2026-09-21T19:54:56.940Z
3blj,4-alnum,4,taken,2026-09-21T19:54:56.940Z
5dsy,4-alnum,4,taken,2026-09-21T19:54:56.940Z
952k,4-alnum,4,taken,2026-09-21T19:54:56.940Z
a1lf,4-alnum,4,taken,2026-09-21T19:54:56.940Z
w82f,4-alnum,4,taken,2026-09-21T19:54:56.940Z
7q1r,4-alnum,4,taken,2026-09-21T19:54:56.940Z
ctz1,4-alnum,4,taken,2026-09-21T19:54:56.940Z
4il2,4-alnum,4,taken,2026-09-21T19:54:56.940Z
yi4f,4-alnum,4,taken,2026-09-21T19:54:56.940Z
h2qm,4-alnum,4,taken,2026-09-21T19:54:56.940Z
2r89,4-alnum,4,taken,2026-09-21T19:54:56.940Z
q3oj,4-alnum,4,taken,2026-09-21T19:54:56.940Z
o0ps,4-alnum,4,taken,2026-09-21T19:54:56.940Z
ju16,4-alnum,4,taken,2026-09-21T19:54:56.940Z
24nb,4-alnum,4,taken,2026-09-21T19:54:56.940Z
s2w6,4-alnum,4,taken,2026-09-21T19:54:56.940Z
kci8,4-alnum,4,taken,2026-09-21T19:54:56.940Z
on8q,4-alnum,4,taken,2026-09-21T19:54:56.940Z
u04h,4-alnum,4,taken,2026-09-21T19:54:56.940Z
ccr1,4-alnum,4,taken,2026-09-21T19:54:56.940Z
tky4,4-alnum,4,taken,2026-09-21T19:54:56.940Z
qd4j,4-alnum,4,taken,2026-09-21T19:54:56.940Z
kq6g,4-alnum,4,taken,2026-09-21T19:54:56.940Z
1b7a,4-alnum,4,taken,2026-09-21T19:54:56.940Z
18qs,4-alnum,4,taken,2026-09-21T19:54:56.940Z
egz4,4-alnum,4,taken,2026-09-21T19:54:56.940Z
4w7p,4-alnum,4,taken,2026-09-21T19:54:56.940Z
d8rk,4-alnum,4,taken,2026-09-21T19:54:56.940Z
eke8,4-alnum,4,taken,2026-09-21T19:54:56.940Z
3qg1,4-alnum,4,taken,2026-09-21T19:54:56.940Z
in4z,4-alnum,4,taken,2026-09-21T19:54:56.940Z
14ck,4-alnum,4,taken,2026-09-21T19:54:56.940Z
u6h8,4-alnum,4,taken,2026-09-21T19:54:56.940Z
w143,4-alnum,4,taken,2026-09-21T19:54:56.940Z
3bbo,4-alnum,4,taken,2026-09-21T19:54:56.940Z
1srn,4-alnum,4,taken,2026-09-21T19:54:56.940Z
lv4c,4-alnum,4,taken,2026-09-21T19:54:56.940Z
jlr5,4-alnum,4,taken,2026-09-21T19:54:56.940Z
9zz4,4-alnum,4,taken,2026-09-21T19:54:56.940Z
2hi5,4-alnum,4,taken,2026-09-21T19:54:56.940Z
67zy,4-alnum,4,taken,2026-09-21T19:54:56.940Z
5n7h,4-alnum,4,taken,2026-09-21T19:54:56.940Z
z7zp,4-alnum,4,taken,2026-09-21T19:54:56.940Z
n7g0,4-alnum,4,taken,2026-09-21T19:54:56.940Z
z8zn,4-alnum,4,taken,2026-09-21T19:54:56.940Z
yx3f,4-alnum,4,taken,2026-09-21T19:54:56.940Z
chf9,4-alnum,4,taken,2026-09-21T19:54:56.940Z
b6n4,4-alnum,4,taken,2026-09-21T19:54:56.940Z
lvz6,4-alnum,4,taken,2026-09-21T19:54:56.940Z
46b6,4-alnum,4,taken,2026-09-21T19:54:56.940Z
fm69,4-alnum,4,taken,2026-09-21T19:54:56.940Z
3vu1,4-alnum,4,taken,2026-09-21T19:54:56.940Z
fr68,4-alnum,4,taken,2026-09-21T19:54:56.940Z
0tsj,4-alnum,4,taken,2026-09-21T19:54:56.940Z
8ikp,4-alnum,4,taken,2026-09-21T19:54:56.940Z
27gd,4-alnum,4,taken,2026-09-21T19:54:56.940Z
15ww,4-alnum,4,taken,2026-09-21T19:54:56.940Z
9z7h,4-alnum,4,taken,2026-09-21T19:54:56.940Z
0pkn,4-alnum,4,taken,2026-09-21T19:54:56.940Z
h12e,4-alnum,4,taken,2026-09-21T19:54:56.940Z
6rm1,4-alnum,4,taken,2026-09-21T19:54:56.940Z
no4k,4-alnum,4,taken,2026-09-21T19:54:56.940Z
02yw,4-alnum,4,taken,2026-09-21T19:54:56.940Z
h30o,4-alnum,4,taken,2026-09-21T19:54:56.940Z
wn6w,4-alnum,4,taken,2026-09-21T19:54:56.940Z
78v2,4-alnum,4,taken,2026-09-21T19:54:56.940Z
pah6,4-alnum,4,taken,2026-09-21T19:54:56.940Z
up9s,4-alnum,4,taken,2026-09-21T19:54:56.940Z
x8xz,4-alnum,4,taken,2026-09-21T19:54:56.940Z
ku91,4-alnum,4,taken,2026-09-21T19:54:56.940Z
gc68,4-alnum,4,taken,2026-09-21T19:54:56.940Z
2rja,4-alnum,4,taken,2026-09-21T19:54:56.940Z
qb38,4-alnum,4,taken,2026-09-21T19:54:56.940Z
t2q4,4-alnum,4,taken,2026-09-21T19:54:56.940Z
j42y,4-alnum,4,taken,2026-09-21T19:54:56.940Z
95pi,4-alnum,4,taken,2026-09-21T19:54:56.940Z
0ymw,4-alnum,4,taken,2026-09-21T19:54:56.940Z
7j5z,4-alnum,4,taken,2026-09-21T19:54:56.940Z
v2f2,4-alnum,4,taken,2026-09-21T19:54:56.940Z
9f25,4-alnum,4,taken,2026-09-21T19:54:56.940Z
52et,4-alnum,4,taken,2026-09-21T19:54:56.940Z
p19g,4-alnum,4,taken,2026-09-21T19:54:56.940Z
36jp,4-alnum,4,taken,2026-09-21T19:54:56.940Z
67zr,4-alnum,4,taken,2026-09-21T19:54:56.940Z
hc0r,4-alnum,4,taken,2026-09-21T19:54:56.940Z
6h4r,4-alnum,4,taken,2026-09-21T19:54:56.940Z
8q5x,4-alnum,4,taken,2026-09-21T19:54:56.940Z
7uxl,4-alnum,4,taken,2026-09-21T19:54:56.940Z
9l5o,4-alnum,4,taken,2026-09-21T19:54:56.940Z
hos1,4-alnum,4,taken,2026-09-21T19:54:56.940Z
l9aj,4-alnum,4,taken,2026-09-21T19:54:56.940Z
p8n8,4-alnum,4,taken,2026-09-21T19:54:56.940Z
83pq,4-alnum,4,taken,2026-09-21T19:54:56.940Z
q7bs,4-alnum,4,taken,2026-09-21T19:55:27.506Z
9fsj,4-alnum,4,taken,2026-09-21T19:55:27.506Z
0vjt,4-alnum,4,taken,2026-09-21T19:55:27.506Z
f6ks,4-alnum,4,taken,2026-09-21T19:55:27.506Z
9ayp,4-alnum,4,taken,2026-09-21T19:55:27.506Z
9zgi,4-alnum,4,taken,2026-09-21T19:55:27.506Z
h68n,4-alnum,4,taken,2026-09-21T19:55:27.506Z
9b5j,4-alnum,4,taken,2026-09-21T19:55:27.506Z
mf5c,4-alnum,4,taken,2026-09-21T19:55:27.506Z
4myx,4-alnum,4,taken,2026-09-21T19:55:27.506Z
qx4e,4-alnum,4,taken,2026-09-21T19:55:27.506Z
3kq7,4-alnum,4,taken,2026-09-21T19:55:27.506Z
4mf1,4-alnum,4,taken,2026-09-21T19:55:27.506Z
owl2,4-alnum,4,taken,2026-09-21T19:55:27.506Z
y2vt,4-alnum,4,taken,2026-09-21T19:55:27.506Z
8ze2,4-alnum,4,taken,2026-09-21T19:55:27.506Z
t21q,4-alnum,4,taken,2026-09-21T19:55:27.506Z
oax0,4-alnum,4,taken,2026-09-21T19:55:27.506Z
u3bl,4-alnum,4,taken,2026-09-21T19:55:27.506Z
7fsk,4-alnum,4,taken,2026-09-21T19:55:27.506Z
75ld,4-alnum,4,taken,2026-09-21T19:55:27.506Z
79r9,4-alnum,4,taken,2026-09-21T19:55:27.506Z
921a,4-alnum,4,taken,2026-09-21T19:55:27.506Z
1mnw,4-alnum,4,taken,2026-09-21T19:55:27.506Z
0yv0,4-alnum,4,taken,2026-09-21T19:55:27.506Z
3m9f,4-alnum,4,taken,2026-09-21T19:55:27.506Z
9a3u,4-alnum,4,taken,2026-09-21T19:55:27.506Z
ubl6,4-alnum,4,taken,2026-09-21T19:55:27.506Z
kg7c,4-alnum,4,taken,2026-09-21T19:55:27.506Z
x49k,4-alnum,4,taken,2026-09-21T19:55:27.506Z
6i3n,4-alnum,4,taken,2026-09-21T19:55:27.506Z
6wpk,4-alnum,4,taken,2026-09-21T19:55:27.506Z
0dlq,4-alnum,4,taken,2026-09-21T19:55:27.506Z
za2c,4-alnum,4,taken,2026-09-21T19:55:27.506Z
fwo2,4-alnum,4,taken,2026-09-21T19:55:27.506Z
9w17,4-alnum,4,taken,2026-09-21T19:55:27.506Z
tg47,4-alnum,4,taken,2026-09-21T19:55:27.506Z
p8q8,4-alnum,4,taken,2026-09-21T19:55:27.506Z
g8qa,4-alnum,4,taken,2026-09-21T19:55:27.506Z
5gsc,4-alnum,4,taken,2026-09-21T19:55:27.506Z
w3sz,4-alnum,4,taken,2026-09-21T19:55:27.506Z
5wxy,4-alnum,4,taken,2026-09-21T19:55:27.506Z
m4lv,4-alnum,4,taken,2026-09-21T19:55:27.506Z
86k9,4-alnum,4,taken,2026-09-21T19:55:27.506Z
h9cz,4-alnum,4,taken,2026-09-21T19:55:27.506Z
1lqn,4-alnum,4,taken,2026-09-21T19:55:27.506Z
tg5i,4-alnum,4,taken,2026-09-21T19:55:27.506Z
3msg,4-alnum,4,taken,2026-09-21T19:55:27.506Z
2qes,4-alnum,4,taken,2026-09-21T19:55:27.506Z
txw4,4-alnum,4,taken,2026-09-21T19:55:27.506Z
za5r,4-alnum,4,taken,2026-09-21T19:55:27.506Z
nw1n,4-alnum,4,taken,2026-09-21T19:55:27.506Z
88ph,4-alnum,4,taken,2026-09-21T19:55:27.506Z
gs8g,4-alnum,4,taken,2026-09-21T19:55:27.506Z
v8dq,4-alnum,4,taken,2026-09-21T19:55:27.506Z
v8b8,4-alnum,4,taken,2026-09-21T19:55:27.506Z
2ifl,4-alnum,4,taken,2026-09-21T19:55:27.506Z
7wka,4-alnum,4,taken,2026-09-21T19:55:27.506Z
m20n,4-alnum,4,taken,2026-09-21T19:55:27.506Z
x8kn,4-alnum,4,taken,2026-09-21T19:55:27.506Z
xc47,4-alnum,4,taken,2026-09-21T19:55:27.506Z
ix5d,4-alnum,4,taken,2026-09-21T19:55:27.506Z
5er1,4-alnum,4,taken,2026-09-21T19:55:27.506Z
49ux,4-alnum,4,taken,2026-09-21T19:55:27.506Z
238n,4-alnum,4,taken,2026-09-21T19:55:27.506Z
q7qs,4-alnum,4,taken,2026-09-21T19:55:27.506Z
xt6k,4-alnum,4,taken,2026-09-21T19:55:27.506Z
4nri,4-alnum,4,taken,2026-09-21T19:55:27.506Z
anp2,4-alnum,4,taken,2026-09-21T19:55:27.506Z
74z0,4-alnum,4,taken,2026-09-21T19:55:27.506Z
6v8q,4-alnum,4,taken,2026-09-21T19:55:27.506Z
5oly,4-alnum,4,taken,2026-09-21T19:55:27.506Z
7psc,4-alnum,4,taken,2026-09-21T19:55:27.506Z
tn67,4-alnum,4,taken,2026-09-21T19:55:27.506Z
kqm8,4-alnum,4,taken,2026-09-21T19:55:27.506Z
0gb5,4-alnum,4,taken,2026-09-21T19:55:27.506Z
gus1,4-alnum,4,taken,2026-09-21T19:55:27.506Z
lm56,4-alnum,4,taken,2026-09-21T19:55:27.506Z
y2im,4-alnum,4,taken,2026-09-21T19:55:27.506Z
3rqm,4-alnum,4,taken,2026-09-21T19:55:27.506Z
1wco,4-alnum,4,taken,2026-09-21T19:55:27.506Z
9bah,4-alnum,4,taken,2026-09-21T19:55:27.506Z
am36,4-alnum,4,taken,2026-09-21T19:55:27.506Z
8zk9,4-alnum,4,taken,2026-09-21T19:55:27.506Z
9r4l,4-alnum,4,taken,2026-09-21T19:55:27.506Z
h1n7,4-alnum,4,taken,2026-09-21T19:55:27.506Z
46mp,4-alnum,4,taken,2026-09-21T19:55:27.506Z
8l8y,4-alnum,4,taken,2026-09-21T19:55:27.506Z
2mnd,4-alnum,4,taken,2026-09-21T19:55:27.506Z
th3a,4-alnum,4,taken,2026-09-21T19:55:27.506Z
sf0s,4-alnum,4,taken,2026-09-21T19:55:27.506Z
t8nd,4-alnum,4,taken,2026-09-21T19:55:27.506Z
sv8b,4-alnum,4,taken,2026-09-21T19:55:27.506Z
87jt,4-alnum,4,taken,2026-09-21T19:55:27.506Z
713x,4-alnum,4,taken,2026-09-21T19:55:27.506Z
j2ob,4-alnum,4,taken,2026-09-21T19:55:27.506Z
nta0,4-alnum,4,taken,2026-09-21T19:55:27.506Z
ey4l,4-alnum,4,taken,2026-09-21T19:55:27.506Z
6m8n,4-alnum,4,taken,2026-09-21T19:55:27.506Z
f0yw,4-alnum,4,taken,2026-09-21T19:55:27.506Z
kr0j,4-alnum,4,taken,2026-09-21T19:55:58.079Z
d1iq,4-alnum,4,taken,2026-09-21T19:55:58.079Z
327o,4-alnum,4,taken,2026-09-21T19:55:58.079Z
lsl8,4-alnum,4,taken,2026-09-21T19:55:58.079Z
d85s,4-alnum,4,taken,2026-09-21T19:55:58.079Z
75ms,4-alnum,4,taken,2026-09-21T19:55:58.079Z
ano3,4-alnum,4,taken,2026-09-21T19:55:58.079Z
6ewg,4-alnum,4,taken,2026-09-21T19:55:58.079Z
lky0,4-alnum,4,taken,2026-09-21T19:55:58.079Z
wdc9,4-alnum,4,taken,2026-09-21T19:55:58.079Z
61r8,4-alnum,4,taken,2026-09-21T19:55:58.079Z
tp69,4-alnum,4,taken,2026-09-21T19:55:58.079Z
jr8b,4-alnum,4,taken,2026-09-21T19:55:58.079Z
fgp9,4-alnum,4,taken,2026-09-21T19:55:58.079Z
pnt8,4-alnum,4,taken,2026-09-21T19:55:58.079Z
d1kb,4-alnum,4,taken,2026-09-21T19:55:58.079Z
02cd,4-alnum,4,taken,2026-09-21T19:55:58.079Z
0n2v,4-alnum,4,taken,2026-09-21T19:55:58.079Z
7yct,4-alnum,4,taken,2026-09-21T19:55:58.079Z
2lc0,4-alnum,4,taken,2026-09-21T19:55:58.079Z
vxc9,4-alnum,4,taken,2026-09-21T19:55:58.079Z
z01e,4-alnum,4,taken,2026-09-21T19:55:58.079Z
k17u,4-alnum,4,taken,2026-09-21T19:55:58.079Z
m9om,4-alnum,4,taken,2026-09-21T19:55:58.079Z
5syk,4-alnum,4,taken,2026-09-21T19:55:58.079Z
md2c,4-alnum,4,taken,2026-09-21T19:55:58.079Z
04xo,4-alnum,4,taken,2026-09-21T19:55:58.079Z
qbt4,4-alnum,4,taken,2026-09-21T19:55:58.079Z
3exu,4-alnum,4,taken,2026-09-21T19:55:58.079Z
9wjo,4-alnum,4,taken,2026-09-21T19:55:58.079Z
7n9o,4-alnum,4,taken,2026-09-21T19:55:58.079Z
w3kw,4-alnum,4,taken,2026-09-21T19:55:58.079Z
nu2u,4-alnum,4,taken,2026-09-21T19:55:58.079Z
s967,4-alnum,4,taken,2026-09-21T19:55:58.079Z
48pz,4-alnum,4,taken,2026-09-21T19:55:58.079Z
8nie,4-alnum,4,taken,2026-09-21T19:55:58.079Z
q965,4-alnum,4,taken,2026-09-21T19:55:58.079Z
mn3x,4-alnum,4,taken,2026-09-21T19:55:58.079Z
rjk9,4-alnum,4,taken,2026-09-21T19:55:58.079Z
iyr5,4-alnum,4,taken,2026-09-21T19:55:58.079Z
x2z6,4-alnum,4,taken,2026-09-21T19:55:58.079Z
g3ao,4-alnum,4,taken,2026-09-21T19:55:58.079Z
3g2p,4-alnum,4,taken,2026-09-21T19:55:58.079Z
gk5y,4-alnum,4,taken,2026-09-21T19:55:58.079Z
ni95,4-alnum,4,taken,2026-09-21T19:55:58.079Z
chv9,4-alnum,4,taken,2026-09-21T19:55:58.079Z
9mkk,4-alnum,4,taken,2026-09-21T19:55:58.079Z
w3tc,4-alnum,4,taken,2026-09-21T19:55:58.079Z
7y97,4-alnum,4,taken,2026-09-21T19:55:58.079Z
4zx1,4-alnum,4,taken,2026-09-21T19:55:58.079Z
8c9m,4-alnum,4,taken,2026-09-21T19:55:58.079Z
5pgt,4-alnum,4,taken,2026-09-21T19:55:58.079Z
pfa9,4-alnum,4,taken,2026-09-21T19:55:58.079Z
uhu2,4-alnum,4,taken,2026-09-21T19:55:58.079Z
3xbj,4-alnum,4,taken,2026-09-21T19:55:58.079Z
f6ae,4-alnum,4,taken,2026-09-21T19:55:58.079Z
ae38,4-alnum,4,taken,2026-09-21T19:55:58.079Z
b3fk,4-alnum,4,taken,2026-09-21T19:55:58.079Z
f7jn,4-alnum,4,taken,2026-09-21T19:55:58.079Z
yt0s,4-alnum,4,taken,2026-09-21T19:55:58.079Z
65pf,4-alnum,4,taken,2026-09-21T19:55:58.079Z
mk7l,4-alnum,4,taken,2026-09-21T19:55:58.079Z
aia2,4-alnum,4,taken,2026-09-21T19:55:58.079Z
1ga5,4-alnum,4,taken,2026-09-21T19:55:58.079Z
ki0o,4-alnum,4,taken,2026-09-21T19:55:58.079Z
355y,4-alnum,4,taken,2026-09-21T19:55:58.079Z
s332,4-alnum,4,taken,2026-09-21T19:55:58.079Z
n8kt,4-alnum,4,taken,2026-09-21T19:55:58.079Z
rky9,4-alnum,4,taken,2026-09-21T19:55:58.079Z
ip4z,4-alnum,4,taken,2026-09-21T19:55:58.079Z
mm23,4-alnum,4,taken,2026-09-21T19:55:58.079Z
h9mk,4-alnum,4,taken,2026-09-21T19:55:58.079Z
r4z0,4-alnum,4,taken,2026-09-21T19:55:58.079Z
1amv,4-alnum,4,taken,2026-09-21T19:55:58.079Z
9n91,4-alnum,4,taken,2026-09-21T19:55:58.079Z
m3mp,4-alnum,4,taken,2026-09-21T19:55:58.079Z
r3un,4-alnum,4,taken,2026-09-21T19:55:58.079Z
5nfi,4-alnum,4,taken,2026-09-21T19:55:58.079Z
dt1n,4-alnum,4,taken,2026-09-21T19:55:58.079Z
i38c,4-alnum,4,taken,2026-09-21T19:55:58.079Z
49l7,4-alnum,4,taken,2026-09-21T19:55:58.079Z
qp21,4-alnum,4,taken,2026-09-21T19:55:58.079Z
f6wb,4-alnum,4,taken,2026-09-21T19:55:58.079Z
z5sn,4-alnum,4,taken,2026-09-21T19:55:58.079Z
nd38,4-alnum,4,taken,2026-09-21T19:55:58.079Z
6wcw,4-alnum,4,taken,2026-09-21T19:55:58.079Z
px72,4-alnum,4,taken,2026-09-21T19:55:58.079Z
wte2,4-alnum,4,taken,2026-09-21T19:55:58.079Z
n8yp,4-alnum,4,taken,2026-09-21T19:55:58.079Z
842t,4-alnum,4,taken,2026-09-21T19:55:58.079Z
h4ql,4-alnum,4,taken,2026-09-21T19:55:58.079Z
z2j7,4-alnum,4,taken,2026-09-21T19:55:58.079Z
j23y,4-alnum,4,taken,2026-09-21T19:55:58.079Z
4drm,4-alnum,4,taken,2026-09-21T19:55:58.079Z
mmy4,4-alnum,4,taken,2026-09-21T19:55:58.079Z
e7fx,4-alnum,4,taken,2026-09-21T19:55:58.079Z
83vw,4-alnum,4,taken,2026-09-21T19:55:58.079Z
i3cx,4-alnum,4,taken,2026-09-21T19:55:58.079Z
ip2n,4-alnum,4,taken,2026-09-21T19:55:58.079Z
7q9s,4-alnum,4,taken,2026-09-21T19:55:58.079Z
jn8b,4-alnum,4,taken,2026-09-21T19:56:28.652Z
se7y,4-alnum,4,taken,2026-09-21T19:56:28.652Z
za8w,4-alnum,4,taken,2026-09-21T19:56:28.652Z
ni43,4-alnum,4,taken,2026-09-21T19:56:28.652Z
3y1z,4-alnum,4,taken,2026-09-21T19:56:28.652Z
17ct,4-alnum,4,taken,2026-09-21T19:56:28.652Z
4s5q,4-alnum,4,taken,2026-09-21T19:56:28.652Z
a57c,4-alnum,4,taken,2026-09-21T19:56:28.652Z
xem3,4-alnum,4,taken,2026-09-21T19:56:28.652Z
y9hc,4-alnum,4,taken,2026-09-21T19:56:28.652Z
z2ul,4-alnum,4,taken,2026-09-21T19:56:28.652Z
d21r,4-alnum,4,taken,2026-09-21T19:56:28.652Z
jfk1,4-alnum,4,taken,2026-09-21T19:56:28.652Z
rxo2,4-alnum,4,taken,2026-09-21T19:56:28.652Z
2i60,4-alnum,4,taken,2026-09-21T19:56:28.652Z
h6w4,4-alnum,4,taken,2026-09-21T19:56:28.652Z
p15u,4-alnum,4,taken,2026-09-21T19:56:28.652Z
yw5g,4-alnum,4,taken,2026-09-21T19:56:28.652Z
bms2,4-alnum,4,taken,2026-09-21T19:56:28.652Z
yuw8,4-alnum,4,taken,2026-09-21T19:56:28.652Z
xqw6,4-alnum,4,taken,2026-09-21T19:56:28.652Z
up7f,4-alnum,4,taken,2026-09-21T19:56:28.652Z
7qfu,4-alnum,4,taken,2026-09-21T19:56:28.652Z
2q2o,4-alnum,4,taken,2026-09-21T19:56:28.652Z
n1t8,4-alnum,4,taken,2026-09-21T19:56:28.652Z
i3tw,4-alnum,4,taken,2026-09-21T19:56:28.652Z
13xu,4-alnum,4,taken,2026-09-21T19:56:28.652Z
qkv7,4-alnum,4,taken,2026-09-21T19:56:28.652Z
yo1m,4-alnum,4,taken,2026-09-21T19:56:28.652Z
if0u,4-alnum,4,taken,2026-09-21T19:56:28.652Z
9vco,4-alnum,4,taken,2026-09-21T19:56:28.652Z
b4nm,4-alnum,4,taken,2026-09-21T19:56:28.652Z
5jv1,4-alnum,4,taken,2026-09-21T19:56:28.652Z
a38p,4-alnum,4,taken,2026-09-21T19:56:28.652Z
6wgu,4-alnum,4,taken,2026-09-21T19:56:28.652Z
gcp0,4-alnum,4,taken,2026-09-21T19:56:28.652Z
3og1,4-alnum,4,taken,2026-09-21T19:56:28.652Z
vwx7,4-alnum,4,taken,2026-09-21T19:56:28.652Z
x2yi,4-alnum,4,taken,2026-09-21T19:56:28.652Z
ul24,4-alnum,4,taken,2026-09-21T19:56:28.652Z
geo7,4-alnum,4,taken,2026-09-21T19:56:28.652Z
04ra,4-alnum,4,taken,2026-09-21T19:56:28.652Z
xv6a,4-alnum,4,taken,2026-09-21T19:56:28.652Z
v43y,4-alnum,4,taken,2026-09-21T19:56:28.652Z
c6f4,4-alnum,4,taken,2026-09-21T19:56:28.652Z
b4i7,4-alnum,4,taken,2026-09-21T19:56:28.652Z
82j7,4-alnum,4,taken,2026-09-21T19:56:28.652Z
0p45,4-alnum,4,taken,2026-09-21T19:56:28.652Z
6az3,4-alnum,4,taken,2026-09-21T19:56:28.652Z
x59x,4-alnum,4,taken,2026-09-21T19:56:28.652Z
5udo,4-alnum,4,taken,2026-09-21T19:56:28.652Z
w4od,4-alnum,4,taken,2026-09-21T19:56:28.652Z
fqn9,4-alnum,4,taken,2026-09-21T19:56:28.652Z
a5ly,4-alnum,4,taken,2026-09-21T19:56:28.652Z
wf1x,4-alnum,4,taken,2026-09-21T19:56:28.652Z
0fs8,4-alnum,4,taken,2026-09-21T19:56:28.652Z
2kh4,4-alnum,4,taken,2026-09-21T19:56:28.652Z
s1eq,4-alnum,4,taken,2026-09-21T19:56:28.652Z
i9he,4-alnum,4,taken,2026-09-21T19:56:28.652Z
lh9z,4-alnum,4,taken,2026-09-21T19:56:28.652Z
dz0a,4-alnum,4,taken,2026-09-21T19:56:28.652Z
mo18,4-alnum,4,taken,2026-09-21T19:56:28.652Z
27bs,4-alnum,4,taken,2026-09-21T19:56:28.652Z
jz9r,4-alnum,4,taken,2026-09-21T19:56:28.652Z
zdj4,4-alnum,4,taken,2026-09-21T19:56:28.652Z
75ry,4-alnum,4,taken,2026-09-21T19:56:28.652Z
0reb,4-alnum,4,taken,2026-09-21T19:56:28.652Z
9z1o,4-alnum,4,taken,2026-09-21T19:56:28.652Z
5zug,4-alnum,4,taken,2026-09-21T19:56:28.652Z
87re,4-alnum,4,taken,2026-09-21T19:56:28.652Z
16vj,4-alnum,4,taken,2026-09-21T19:56:28.652Z
h29u,4-alnum,4,taken,2026-09-21T19:56:28.652Z
ir82,4-alnum,4,taken,2026-09-21T19:56:28.652Z
ke3f,4-alnum,4,taken,2026-09-21T19:56:28.652Z
jol0,4-alnum,4,taken,2026-09-21T19:56:28.652Z
tkk1,4-alnum,4,taken,2026-09-21T19:56:28.652Z
vl00,4-alnum,4,taken,2026-09-21T19:56:28.652Z
20gn,4-alnum,4,taken,2026-09-21T19:56:28.652Z
fpw9,4-alnum,4,taken,2026-09-21T19:56:28.652Z
de4i,4-alnum,4,taken,2026-09-21T19:56:28.652Z
77t3,4-alnum,4,taken,2026-09-21T19:56:28.652Z
589p,4-alnum,4,taken,2026-09-21T19:56:28.652Z
ncl0,4-alnum,4,taken,2026-09-21T19:56:28.652Z
nw50,4-alnum,4,taken,2026-09-21T19:56:28.652Z
n2i5,4-alnum,4,taken,2026-09-21T19:56:28.652Z
x02p,4-alnum,4,taken,2026-09-21T19:56:28.652Z
6ky4,4-alnum,4,taken,2026-09-21T19:56:28.652Z
0bnf,4-alnum,4,taken,2026-09-21T19:56:28.652Z
fg6y,4-alnum,4,taken,2026-09-21T19:56:28.652Z
07g5,4-alnum,4,taken,2026-09-21T19:56:28.652Z
7v74,4-alnum,4,taken,2026-09-21T19:56:28.652Z
2epr,4-alnum,4,taken,2026-09-21T19:56:28.652Z
mb6q,4-alnum,4,taken,2026-09-21T19:56:28.652Z
j31p,4-alnum,4,taken,2026-09-21T19:56:28.652Z
j2bh,4-alnum,4,taken,2026-09-21T19:56:28.652Z
u8v1,4-alnum,4,taken,2026-09-21T19:56:28.652Z
8oz6,4-alnum,4,taken,2026-09-21T19:56:28.652Z
5ird,4-alnum,4,taken,2026-09-21T19:56:28.652Z
lpp1,4-alnum,4,taken,2026-09-21T19:56:28.652Z
1lh9,4-alnum,4,taken,2026-09-21T19:56:28.652Z
9vlv,4-alnum,4,taken,2026-09-21T19:56:59.216Z
rkq0,4-alnum,4,taken,2026-09-21T19:56:59.216Z
nc81,4-alnum,4,taken,2026-09-21T19:56:59.216Z
h507,4-alnum,4,taken,2026-09-21T19:56:59.216Z
pc5k,4-alnum,4,taken,2026-09-21T19:56:59.216Z
01ej,4-alnum,4,taken,2026-09-21T19:56:59.216Z
3ub3,4-alnum,4,taken,2026-09-21T19:56:59.216Z
zr63,4-alnum,4,taken,2026-09-21T19:56:59.216Z
m4on,4-alnum,4,taken,2026-09-21T19:56:59.216Z
u0jv,4-alnum,4,taken,2026-09-21T19:56:59.216Z
rq4v,4-alnum,4,taken,2026-09-21T19:56:59.216Z
5bwp,4-alnum,4,taken,2026-09-21T19:56:59.216Z
zsj5,4-alnum,4,taken,2026-09-21T19:56:59.216Z
9fgj,4-alnum,4,taken,2026-09-21T19:56:59.216Z
3h6q,4-alnum,4,taken,2026-09-21T19:56:59.216Z
yn7z,4-alnum,4,taken,2026-09-21T19:56:59.216Z
ba59,4-alnum,4,taken,2026-09-21T19:56:59.216Z
5x32,4-alnum,4,taken,2026-09-21T19:56:59.216Z
gh9f,4-alnum,4,taken,2026-09-21T19:56:59.216Z
iwj8,4-alnum,4,taken,2026-09-21T19:56:59.216Z
0q67,4-alnum,4,taken,2026-09-21T19:56:59.216Z
4vcm,4-alnum,4,taken,2026-09-21T19:56:59.216Z
p09x,4-alnum,4,taken,2026-09-21T19:56:59.216Z
6qjw,4-alnum,4,taken,2026-09-21T19:56:59.216Z
p89m,4-alnum,4,taken,2026-09-21T19:56:59.216Z
eeq6,4-alnum,4,taken,2026-09-21T19:56:59.216Z
s845,4-alnum,4,taken,2026-09-21T19:56:59.216Z
1rbx,4-alnum,4,taken,2026-09-21T19:56:59.216Z
5ztz,4-alnum,4,taken,2026-09-21T19:56:59.216Z
2hys,4-alnum,4,taken,2026-09-21T19:56:59.216Z
iv75,4-alnum,4,taken,2026-09-21T19:56:59.216Z
80l6,4-alnum,4,taken,2026-09-21T19:56:59.216Z
4z91,4-alnum,4,taken,2026-09-21T19:56:59.216Z
sxq2,4-alnum,4,taken,2026-09-21T19:56:59.216Z
z2n1,4-alnum,4,taken,2026-09-21T19:56:59.216Z
ix0f,4-alnum,4,taken,2026-09-21T19:56:59.216Z
917g,4-alnum,4,taken,2026-09-21T19:56:59.216Z
a3m6,4-alnum,4,taken,2026-09-21T19:56:59.216Z
7wh4,4-alnum,4,taken,2026-09-21T19:56:59.216Z
4w9f,4-alnum,4,taken,2026-09-21T19:56:59.216Z
wta6,4-alnum,4,taken,2026-09-21T19:56:59.216Z
o55x,4-alnum,4,taken,2026-09-21T19:56:59.216Z
5z4m,4-alnum,4,taken,2026-09-21T19:56:59.216Z
fg1a,4-alnum,4,taken,2026-09-21T19:56:59.216Z
4c2z,4-alnum,4,taken,2026-09-21T19:56:59.216Z
5o0z,4-alnum,4,taken,2026-09-21T19:56:59.216Z
9xs8,4-alnum,4,taken,2026-09-21T19:56:59.216Z
pf2x,4-alnum,4,taken,2026-09-21T19:56:59.216Z
z9z2,4-alnum,4,taken,2026-09-21T19:56:59.216Z
y6v7,4-alnum,4,taken,2026-09-21T19:56:59.216Z
nb1n,4-alnum,4,taken,2026-09-21T19:56:59.216Z
6a61,4-alnum,4,taken,2026-09-21T19:56:59.216Z
pq7b,4-alnum,4,taken,2026-09-21T19:56:59.216Z
zd45,4-alnum,4,taken,2026-09-21T19:56:59.216Z
4ly4,4-alnum,4,taken,2026-09-21T19:56:59.216Z
5egt,4-alnum,4,taken,2026-09-21T19:56:59.216Z
f96x,4-alnum,4,taken,2026-09-21T19:56:59.216Z
10dr,4-alnum,4,taken,2026-09-21T19:56:59.216Z
as12,4-alnum,4,taken,2026-09-21T19:56:59.216Z
do1j,4-alnum,4,taken,2026-09-21T19:56:59.216Z
8vi9,4-alnum,4,taken,2026-09-21T19:56:59.216Z
h0cv,4-alnum,4,taken,2026-09-21T19:56:59.216Z
6gnh,4-alnum,4,taken,2026-09-21T19:56:59.216Z
u68s,4-alnum,4,taken,2026-09-21T19:56:59.216Z
xf2e,4-alnum,4,taken,2026-09-21T19:56:59.216Z
6na8,4-alnum,4,taken,2026-09-21T19:56:59.216Z
o06q,4-alnum,4,taken,2026-09-21T19:56:59.216Z
m3ai,4-alnum,4,taken,2026-09-21T19:56:59.216Z
kpf2,4-alnum,4,taken,2026-09-21T19:56:59.216Z
vx1y,4-alnum,4,taken,2026-09-21T19:56:59.216Z
db9l,4-alnum,4,taken,2026-09-21T19:56:59.216Z
izx9,4-alnum,4,taken,2026-09-21T19:56:59.216Z
17qf,4-alnum,4,taken,2026-09-21T19:56:59.216Z
pb6k,4-alnum,4,taken,2026-09-21T19:56:59.216Z
v0kt,4-alnum,4,taken,2026-09-21T19:56:59.216Z
6clk,4-alnum,4,taken,2026-09-21T19:56:59.216Z
o6b5,4-alnum,4,taken,2026-09-21T19:56:59.216Z
1hah,4-alnum,4,taken,2026-09-21T19:56:59.216Z
va06,4-alnum,4,taken,2026-09-21T19:56:59.216Z
z93f,4-alnum,4,taken,2026-09-21T19:56:59.216Z
w4bm,4-alnum,4,taken,2026-09-21T19:56:59.216Z
37po,4-alnum,4,taken,2026-09-21T19:56:59.216Z
og02,4-alnum,4,taken,2026-09-21T19:56:59.216Z
41oa,4-alnum,4,taken,2026-09-21T19:56:59.216Z
l3vl,4-alnum,4,taken,2026-09-21T19:56:59.216Z
659z,4-alnum,4,taken,2026-09-21T19:56:59.216Z
wyi7,4-alnum,4,taken,2026-09-21T19:56:59.216Z
slz4,4-alnum,4,taken,2026-09-21T19:56:59.216Z
8qa9,4-alnum,4,taken,2026-09-21T19:56:59.216Z
t2ha,4-alnum,4,taken,2026-09-21T19:56:59.216Z
vy4l,4-alnum,4,taken,2026-09-21T19:56:59.216Z
3oc3,4-alnum,4,taken,2026-09-21T19:56:59.216Z
534z,4-alnum,4,taken,2026-09-21T19:56:59.216Z
1q51,4-alnum,4,taken,2026-09-21T19:56:59.216Z
0q4d,4-alnum,4,taken,2026-09-21T19:56:59.216Z
x8w9,4-alnum,4,taken,2026-09-21T19:56:59.216Z
0t9j,4-alnum,4,taken,2026-09-21T19:56:59.216Z
1ogr,4-alnum,4,taken,2026-09-21T19:56:59.216Z
gx83,4-alnum,4,taken,2026-09-21T19:56:59.216Z
z2zn,4-alnum,4,taken,2026-09-21T19:56:59.216Z
z5nv,4-alnum,4,taken,2026-09-21T19:57:29.795Z
o0a2,4-alnum,4,taken,2026-09-21T19:57:29.795Z
oje8,4-alnum,4,taken,2026-09-21T19:57:29.795Z
1h0q,4-alnum,4,taken,2026-09-21T19:57:29.795Z
2zx1,4-alnum,4,taken,2026-09-21T19:57:29.795Z
rwz9,4-alnum,4,taken,2026-09-21T19:57:29.795Z
bp2o,4-alnum,4,taken,2026-09-21T19:57:29.795Z
nek0,4-alnum,4,taken,2026-09-21T19:57:29.795Z
e14z,4-alnum,4,taken,2026-09-21T19:57:29.795Z
rye1,4-alnum,4,taken,2026-09-21T19:57:29.795Z
1a9g,4-alnum,4,taken,2026-09-21T19:57:29.795Z
0ktd,4-alnum,4,taken,2026-09-21T19:57:29.795Z
0c2p,4-alnum,4,taken,2026-09-21T19:57:29.795Z
jzn7,4-alnum,4,taken,2026-09-21T19:57:29.795Z
5rw5,4-alnum,4,taken,2026-09-21T19:57:29.795Z
o9v8,4-alnum,4,taken,2026-09-21T19:57:29.795Z
rg3y,4-alnum,4,taken,2026-09-21T19:57:29.795Z
eq75,4-alnum,4,taken,2026-09-21T19:57:29.795Z
ev43,4-alnum,4,taken,2026-09-21T19:57:29.795Z
yx2q,4-alnum,4,taken,2026-09-21T19:57:29.795Z
l23o,4-alnum,4,taken,2026-09-21T19:57:29.795Z
9tca,4-alnum,4,taken,2026-09-21T19:57:29.795Z
a3nm,4-alnum,4,taken,2026-09-21T19:57:29.795Z
98ub,4-alnum,4,taken,2026-09-21T19:57:29.795Z
6jfx,4-alnum,4,taken,2026-09-21T19:57:29.795Z
9sce,4-alnum,4,taken,2026-09-21T19:57:29.795Z
1kd1,4-alnum,4,taken,2026-09-21T19:57:29.795Z
uo0z,4-alnum,4,taken,2026-09-21T19:57:29.795Z
i4u4,4-alnum,4,taken,2026-09-21T19:57:29.795Z
d4ot,4-alnum,4,taken,2026-09-21T19:57:29.795Z
8duc,4-alnum,4,taken,2026-09-21T19:57:29.795Z
66jc,4-alnum,4,taken,2026-09-21T19:57:29.795Z
1wun,4-alnum,4,taken,2026-09-21T19:57:29.795Z
cuf3,4-alnum,4,taken,2026-09-21T19:57:29.795Z
ts4b,4-alnum,4,taken,2026-09-21T19:57:29.795Z
o8tb,4-alnum,4,taken,2026-09-21T19:57:29.795Z
ab9g,4-alnum,4,taken,2026-09-21T19:57:29.795Z
an8c,4-alnum,4,taken,2026-09-21T19:57:29.795Z
7i9a,4-alnum,4,taken,2026-09-21T19:57:29.795Z
6m3g,4-alnum,4,taken,2026-09-21T19:57:29.795Z
nci0,4-alnum,4,taken,2026-09-21T19:57:29.795Z
3a7s,4-alnum,4,taken,2026-09-21T19:57:29.795Z
nv20,4-alnum,4,taken,2026-09-21T19:57:29.795Z
bir5,4-alnum,4,taken,2026-09-21T19:57:29.795Z
ie8g,4-alnum,4,taken,2026-09-21T19:57:29.795Z
7buj,4-alnum,4,taken,2026-09-21T19:57:29.795Z
76ia,4-alnum,4,taken,2026-09-21T19:57:29.795Z
nv94,4-alnum,4,taken,2026-09-21T19:57:29.795Z
i52f,4-alnum,4,taken,2026-09-21T19:57:29.795Z
tan3,4-alnum,4,taken,2026-09-21T19:57:29.795Z
47pm,4-alnum,4,taken,2026-09-21T19:57:29.795Z
jkb5,4-alnum,4,taken,2026-09-21T19:57:29.795Z
3lfe,4-alnum,4,taken,2026-09-21T19:57:29.795Z
van5,4-alnum,4,taken,2026-09-21T19:57:29.795Z
034q,4-alnum,4,taken,2026-09-21T19:57:29.795Z
82zk,4-alnum,4,taken,2026-09-21T19:57:29.795Z
7t4n,4-alnum,4,taken,2026-09-21T19:57:29.795Z
9vv7,4-alnum,4,taken,2026-09-21T19:57:29.795Z
ym5a,4-alnum,4,taken,2026-09-21T19:57:29.795Z
85p6,4-alnum,4,taken,2026-09-21T19:57:29.795Z
dm83,4-alnum,4,taken,2026-09-21T19:57:29.795Z
7dee,4-alnum,4,taken,2026-09-21T19:57:29.795Z
wkl8,4-alnum,4,taken,2026-09-21T19:57:29.795Z
cf1p,4-alnum,4,taken,2026-09-21T19:57:29.795Z
2wc0,4-alnum,4,taken,2026-09-21T19:57:29.795Z
0bne,4-alnum,4,taken,2026-09-21T19:57:29.795Z
z1sl,4-alnum,4,taken,2026-09-21T19:57:29.795Z
nqt3,4-alnum,4,taken,2026-09-21T19:57:29.795Z
01o2,4-alnum,4,taken,2026-09-21T19:57:29.795Z
4d90,4-alnum,4,taken,2026-09-21T19:57:29.795Z
pjk4,4-alnum,4,taken,2026-09-21T19:57:29.795Z
h639,4-alnum,4,taken,2026-09-21T19:57:29.795Z
0xk0,4-alnum,4,taken,2026-09-21T19:57:29.795Z
wrw6,4-alnum,4,taken,2026-09-21T19:57:29.795Z
0hhh,4-alnum,4,taken,2026-09-21T19:57:29.795Z
q9y3,4-alnum,4,taken,2026-09-21T19:57:29.795Z
8znq,4-alnum,4,taken,2026-09-21T19:57:29.795Z
6l16,4-alnum,4,taken,2026-09-21T19:57:29.795Z
x9vk,4-alnum,4,taken,2026-09-21T19:57:29.795Z
lw28,4-alnum,4,taken,2026-09-21T19:57:29.795Z
ln89,4-alnum,4,taken,2026-09-21T19:57:29.795Z
k69c,4-alnum,4,taken,2026-09-21T19:57:29.795Z
p7it,4-alnum,4,taken,2026-09-21T19:57:29.795Z
1k8t,4-alnum,4,taken,2026-09-21T19:57:29.795Z
l6h7,4-alnum,4,taken,2026-09-21T19:57:29.795Z
01rs,4-alnum,4,taken,2026-09-21T19:57:29.795Z
hjr3,4-alnum,4,taken,2026-09-21T19:57:29.795Z
4jvc,4-alnum,4,taken,2026-09-21T19:57:29.795Z
wfz8,4-alnum,4,taken,2026-09-21T19:57:29.795Z
6maf,4-alnum,4,taken,2026-09-21T19:57:29.795Z
5fjh,4-alnum,4,taken,2026-09-21T19:57:29.795Z
hb7k,4-alnum,4,taken,2026-09-21T19:57:29.795Z
oe6h,4-alnum,4,taken,2026-09-21T19:57:29.795Z
z2w7,4-alnum,4,taken,2026-09-21T19:57:29.795Z
9vjw,4-alnum,4,taken,2026-09-21T19:57:29.795Z
zt55,4-alnum,4,taken,2026-09-21T19:57:29.795Z
fn7u,4-alnum,4,taken,2026-09-21T19:57:29.795Z
f6wz,4-alnum,4,taken,2026-09-21T19:57:29.795Z
z9pt,4-alnum,4,taken,2026-09-21T19:57:29.795Z
afe5,4-alnum,4,taken,2026-09-21T19:57:29.795Z
66yp,4-alnum,4,taken,2026-09-21T19:58:00.400Z
w418,4-alnum,4,taken,2026-09-21T19:58:00.400Z
is0v,4-alnum,4,taken,2026-09-21T19:58:00.400Z
w0dw,4-alnum,4,taken,2026-09-21T19:58:00.400Z
enp7,4-alnum,4,taken,2026-09-21T19:58:00.400Z
50u0,4-alnum,4,taken,2026-09-21T19:58:00.400Z
4wzt,4-alnum,4,taken,2026-09-21T19:58:00.400Z
91li,4-alnum,4,taken,2026-09-21T19:58:00.400Z
m30r,4-alnum,4,taken,2026-09-21T19:58:00.400Z
f718,4-alnum,4,taken,2026-09-21T19:58:00.400Z
r6n0,4-alnum,4,taken,2026-09-21T19:58:00.400Z
yux2,4-alnum,4,taken,2026-09-21T19:58:00.400Z
4q7x,4-alnum,4,taken,2026-09-21T19:58:00.400Z
0s00,4-alnum,4,taken,2026-09-21T19:58:00.400Z
1bys,4-alnum,4,taken,2026-09-21T19:58:00.400Z
1bjx,4-alnum,4,taken,2026-09-21T19:58:00.400Z
uim5,4-alnum,4,taken,2026-09-21T19:58:00.400Z
1bfz,4-alnum,4,taken,2026-09-21T19:58:00.400Z
i4nq,4-alnum,4,taken,2026-09-21T19:58:00.400Z
17s1,4-alnum,4,taken,2026-09-21T19:58:00.400Z
y8yp,4-alnum,4,taken,2026-09-21T19:58:00.400Z
bf4u,4-alnum,4,taken,2026-09-21T19:58:00.400Z
d5po,4-alnum,4,taken,2026-09-21T19:58:00.400Z
sc3a,4-alnum,4,taken,2026-09-21T19:58:00.400Z
u4dw,4-alnum,4,taken,2026-09-21T19:58:00.400Z
2d6l,4-alnum,4,taken,2026-09-21T19:58:00.400Z
7i6k,4-alnum,4,taken,2026-09-21T19:58:00.400Z
v6qz,4-alnum,4,taken,2026-09-21T19:58:00.400Z
i5yr,4-alnum,4,taken,2026-09-21T19:58:00.400Z
u10d,4-alnum,4,taken,2026-09-21T19:58:00.400Z
pry5,4-alnum,4,taken,2026-09-21T19:58:00.400Z
4u4y,4-alnum,4,taken,2026-09-21T19:58:00.400Z
7tay,4-alnum,4,taken,2026-09-21T19:58:00.400Z
umm7,4-alnum,4,taken,2026-09-21T19:58:00.400Z
1bvo,4-alnum,4,taken,2026-09-21T19:58:00.400Z
a9q8,4-alnum,4,taken,2026-09-21T19:58:00.400Z
wm7z,4-alnum,4,taken,2026-09-21T19:58:00.400Z
bl2l,4-alnum,4,taken,2026-09-21T19:58:00.400Z
4ny3,4-alnum,4,taken,2026-09-21T19:58:00.400Z
j4eg,4-alnum,4,taken,2026-09-21T19:58:00.400Z
50q4,4-alnum,4,taken,2026-09-21T19:58:00.400Z
03j9,4-alnum,4,taken,2026-09-21T19:58:00.400Z
70r6,4-alnum,4,taken,2026-09-21T19:58:00.400Z
mk5k,4-alnum,4,taken,2026-09-21T19:58:00.400Z
tux1,4-alnum,4,taken,2026-09-21T19:58:00.400Z
vjg5,4-alnum,4,taken,2026-09-21T19:58:00.400Z
rq4l,4-alnum,4,taken,2026-09-21T19:58:00.400Z
l9ao,4-alnum,4,taken,2026-09-21T19:58:00.400Z
rz1o,4-alnum,4,taken,2026-09-21T19:58:00.400Z
emy3,4-alnum,4,taken,2026-09-21T19:58:00.400Z
xpc8,4-alnum,4,taken,2026-09-21T19:58:00.400Z
3iwj,4-alnum,4,taken,2026-09-21T19:58:00.400Z
g6mj,4-alnum,4,taken,2026-09-21T19:58:00.400Z
xu6w,4-alnum,4,taken,2026-09-21T19:58:00.400Z
1skk,4-alnum,4,taken,2026-09-21T19:58:00.400Z
s88z,4-alnum,4,taken,2026-09-21T19:58:00.400Z
yy52,4-alnum,4,taken,2026-09-21T19:58:00.400Z
yz3u,4-alnum,4,taken,2026-09-21T19:58:00.400Z
i9vf,4-alnum,4,taken,2026-09-21T19:58:00.400Z
ls0x,4-alnum,4,taken,2026-09-21T19:58:00.400Z
1mms,4-alnum,4,taken,2026-09-21T19:58:00.400Z
q1bv,4-alnum,4,taken,2026-09-21T19:58:00.400Z
bu2x,4-alnum,4,taken,2026-09-21T19:58:00.400Z
89wf,4-alnum,4,taken,2026-09-21T19:58:00.400Z
tc70,4-alnum,4,taken,2026-09-21T19:58:00.400Z
906c,4-alnum,4,taken,2026-09-21T19:58:00.400Z
v0ws,4-alnum,4,taken,2026-09-21T19:58:00.400Z
7gpr,4-alnum,4,taken,2026-09-21T19:58:00.400Z
11ha,4-alnum,4,taken,2026-09-21T19:58:00.400Z
yh7n,4-alnum,4,taken,2026-09-21T19:58:00.400Z
8xup,4-alnum,4,taken,2026-09-21T19:58:00.400Z
i625,4-alnum,4,taken,2026-09-21T19:58:00.400Z
vle6,4-alnum,4,taken,2026-09-21T19:58:00.400Z
7blv,4-alnum,4,taken,2026-09-21T19:58:00.400Z
6cyo,4-alnum,4,taken,2026-09-21T19:58:00.400Z
w5xl,4-alnum,4,taken,2026-09-21T19:58:00.400Z
cmr6,4-alnum,4,taken,2026-09-21T19:58:00.400Z
m85s,4-alnum,4,taken,2026-09-21T19:58:00.400Z
oth1,4-alnum,4,taken,2026-09-21T19:58:00.400Z
e18s,4-alnum,4,taken,2026-09-21T19:58:00.400Z
ma20,4-alnum,4,taken,2026-09-21T19:58:00.400Z
7a8l,4-alnum,4,taken,2026-09-21T19:58:00.400Z
r5ko,4-alnum,4,taken,2026-09-21T19:58:00.400Z
e7cq,4-alnum,4,taken,2026-09-21T19:58:00.400Z
i8id,4-alnum,4,taken,2026-09-21T19:58:00.400Z
8oyq,4-alnum,4,taken,2026-09-21T19:58:00.400Z
fkx8,4-alnum,4,taken,2026-09-21T19:58:00.400Z
h1l4,4-alnum,4,taken,2026-09-21T19:58:00.400Z
7cqk,4-alnum,4,taken,2026-09-21T19:58:00.400Z
j0ma,4-alnum,4,taken,2026-09-21T19:58:00.400Z
5eyc,4-alnum,4,taken,2026-09-21T19:58:00.400Z
fiw4,4-alnum,4,taken,2026-09-21T19:58:00.400Z
6jeu,4-alnum,4,taken,2026-09-21T19:58:00.400Z
90j5,4-alnum,4,taken,2026-09-21T19:58:00.400Z
lb55,4-alnum,4,taken,2026-09-21T19:58:00.400Z
4x3z,4-alnum,4,taken,2026-09-21T19:58:00.400Z
4yq7,4-alnum,4,taken,2026-09-21T19:58:00.400Z
ys1f,4-alnum,4,taken,2026-09-21T19:58:00.400Z
5aht,4-alnum,4,taken,2026-09-21T19:58:00.400Z
z21y,4-alnum,4,taken,2026-09-21T19:58:00.400Z
s2jf,4-alnum,4,taken,2026-09-21T19:58:31.067Z
7wxk,4-alnum,4,taken,2026-09-21T19:58:31.067Z
g69b,4-alnum,4,taken,2026-09-21T19:58:31.067Z
fo9g,4-alnum,4,taken,2026-09-21T19:58:31.067Z
0b24,4-alnum,4,taken,2026-09-21T19:58:31.067Z
otg9,4-alnum,4,taken,2026-09-21T19:58:31.067Z
d4c6,4-alnum,4,taken,2026-09-21T19:58:31.067Z
370x,4-alnum,4,taken,2026-09-21T19:58:31.067Z
mu9a,4-alnum,4,taken,2026-09-21T19:58:31.067Z
h9c7,4-alnum,4,taken,2026-09-21T19:58:31.067Z
u3ju,4-alnum,4,taken,2026-09-21T19:58:31.067Z
q9s2,4-alnum,4,taken,2026-09-21T19:58:31.067Z
msn9,4-alnum,4,taken,2026-09-21T19:58:31.067Z
2kjf,4-alnum,4,taken,2026-09-21T19:58:31.067Z
k5tt,4-alnum,4,taken,2026-09-21T19:58:31.067Z
dll2,4-alnum,4,taken,2026-09-21T19:58:31.067Z
bdb2,4-alnum,4,taken,2026-09-21T19:58:31.067Z
o87f,4-alnum,4,taken,2026-09-21T19:58:31.067Z
v4gv,4-alnum,4,taken,2026-09-21T19:58:31.067Z
733i,4-alnum,4,taken,2026-09-21T19:58:31.067Z
70nt,4-alnum,4,taken,2026-09-21T19:58:31.067Z
o7ia,4-alnum,4,taken,2026-09-21T19:58:31.067Z
3cq0,4-alnum,4,taken,2026-09-21T19:58:31.067Z
ujq9,4-alnum,4,taken,2026-09-21T19:58:31.067Z
o1iv,4-alnum,4,taken,2026-09-21T19:58:31.067Z
vq2t,4-alnum,4,taken,2026-09-21T19:58:31.067Z
4z2q,4-alnum,4,taken,2026-09-21T19:58:31.067Z
go9b,4-alnum,4,taken,2026-09-21T19:58:31.067Z
z4nk,4-alnum,4,taken,2026-09-21T19:58:31.067Z
si7f,4-alnum,4,taken,2026-09-21T19:58:31.067Z
k7fn,4-alnum,4,taken,2026-09-21T19:58:31.067Z
o6no,4-alnum,4,taken,2026-09-21T19:58:31.067Z
s2xi,4-alnum,4,taken,2026-09-21T19:58:31.067Z
0jic,4-alnum,4,taken,2026-09-21T19:58:31.067Z
p539,4-alnum,4,taken,2026-09-21T19:58:31.067Z
l32p,4-alnum,4,taken,2026-09-21T19:58:31.067Z
80g,3-alnum,3,taken,2026-09-21T19:58:31.067Z
zhl,3-alnum,3,taken,2026-09-21T19:58:31.067Z
4tb,3-alnum,3,taken,2026-09-21T19:58:31.067Z
u74,3-alnum,3,taken,2026-09-21T19:58:31.067Z
dkr,3-alnum,3,taken,2026-09-21T19:58:31.067Z
vm8,3-alnum,3,taken,2026-09-21T19:58:31.067Z
jfe,3-alnum,3,taken,2026-09-21T19:58:31.067Z
81u,3-alnum,3,taken,2026-09-21T19:58:31.067Z
670,3-alnum,3,taken,2026-09-21T19:58:31.067Z
8n4,3-alnum,3,taken,2026-09-21T19:58:31.067Z
r2u,3-alnum,3,taken,2026-09-21T19:58:31.067Z
zp0,3-alnum,3,taken,2026-09-21T19:58:31.067Z
m7n,3-alnum,3,taken,2026-09-21T19:58:31.067Z
4ez,3-alnum,3,taken,2026-09-21T19:58:31.067Z
7jm,3-alnum,3,taken,2026-09-21T19:58:31.067Z
uxo,3-alnum,3,taken,2026-09-21T19:58:31.067Z
brj,3-alnum,3,taken,2026-09-21T19:58:31.067Z
rus,3-alnum,3,taken,2026-09-21T19:58:31.067Z
fnf,3-alnum,3,taken,2026-09-21T19:58:31.067Z
j6j,3-alnum,3,taken,2026-09-21T19:58:31.067Z
ltd,3-alnum,3,taken,2026-09-21T19:58:31.067Z
mqy,3-alnum,3,taken,2026-09-21T19:58:31.067Z
w4e,3-alnum,3,taken,2026-09-21T19:58:31.067Z
vgy,3-alnum,3,taken,2026-09-21T19:58:31.067Z
ii4,3-alnum,3,taken,2026-09-21T19:58:31.067Z
218,3-alnum,3,taken,2026-09-21T19:58:31.067Z
n96,3-alnum,3,taken,2026-09-21T19:58:31.067Z
8mc,3-alnum,3,taken,2026-09-21T19:58:31.067Z
gl6,3-alnum,3,taken,2026-09-21T19:58:31.067Z
f3m,3-alnum,3,taken,2026-09-21T19:58:31.067Z
u0x,3-alnum,3,taken,2026-09-21T19:58:31.067Z
xyo,3-alnum,3,taken,2026-09-21T19:58:31.067Z
109,3-alnum,3,taken,2026-09-21T19:58:31.067Z
gq0,3-alnum,3,taken,2026-09-21T19:58:31.067Z
h8i,3-alnum,3,taken,2026-09-21T19:58:31.067Z
zjo,3-alnum,3,taken,2026-09-21T19:58:31.067Z
vk4,3-alnum,3,taken,2026-09-21T19:58:31.067Z
tep,3-alnum,3,taken,2026-09-21T19:58:31.067Z
ijw,3-alnum,3,taken,2026-09-21T19:58:31.067Z
tx2,3-alnum,3,taken,2026-09-21T19:58:31.067Z
kfz,3-alnum,3,taken,2026-09-21T19:58:31.067Z
4it,3-alnum,3,taken,2026-09-21T19:58:31.067Z
sx8,3-alnum,3,taken,2026-09-21T19:58:31.067Z
yol,3-alnum,3,taken,2026-09-21T19:58:31.067Z
czf,3-alnum,3,taken,2026-09-21T19:58:31.067Z
mjj,3-alnum,3,taken,2026-09-21T19:58:31.067Z
f6a,3-alnum,3,taken,2026-09-21T19:58:31.067Z
m8e,3-alnum,3,taken,2026-09-21T19:58:31.067Z
5ax,3-alnum,3,taken,2026-09-21T19:58:31.067Z
jrl,3-alnum,3,taken,2026-09-21T19:58:31.067Z
dcr,3-alnum,3,taken,2026-09-21T19:58:31.067Z
tn6,3-alnum,3,taken,2026-09-21T19:58:31.067Z
c2w,3-alnum,3,taken,2026-09-21T19:58:31.067Z
xfx,3-alnum,3,taken,2026-09-21T19:58:31.067Z
x02,3-alnum,3,taken,2026-09-21T19:58:31.067Z
la9,3-alnum,3,taken,2026-09-21T19:58:31.067Z
l77,3-alnum,3,taken,2026-09-21T19:58:31.067Z
7vt,3-alnum,3,taken,2026-09-21T19:58:31.067Z
xva,3-alnum,3,taken,2026-09-21T19:58:31.067Z
3qo,3-alnum,3,taken,2026-09-21T19:58:31.067Z
1tm,3-alnum,3,taken,2026-09-21T19:58:31.067Z
ips,3-alnum,3,taken,2026-09-21T19:58:31.067Z
6sd,3-alnum,3,taken,2026-09-21T19:58:31.067Z
9if,3-alnum,3,taken,2026-09-21T19:58:31.067Z
j48,3-alnum,3,taken,2026-09-21T19:59:01.595Z
k95,3-alnum,3,taken,2026-09-21T19:59:01.595Z
qfu,3-alnum,3,taken,2026-09-21T19:59:01.595Z
8ww,3-alnum,3,taken,2026-09-21T19:59:01.595Z
e2e,3-alnum,3,taken,2026-09-21T19:59:01.595Z
pg5,3-alnum,3,taken,2026-09-21T19:59:01.595Z
c1u,3-alnum,3,taken,2026-09-21T19:59:01.595Z
sfo,3-alnum,3,taken,2026-09-21T19:59:01.595Z
9da,3-alnum,3,taken,2026-09-21T19:59:01.595Z
3zq,3-alnum,3,taken,2026-09-21T19:59:01.595Z
mic,3-alnum,3,taken,2026-09-21T19:59:01.595Z
y7m,3-alnum,3,taken,2026-09-21T19:59:01.595Z
nq3,3-alnum,3,taken,2026-09-21T19:59:01.595Z
ozf,3-alnum,3,taken,2026-09-21T19:59:01.595Z
4ro,3-alnum,3,taken,2026-09-21T19:59:01.595Z
y9n,3-alnum,3,taken,2026-09-21T19:59:01.595Z
7oh,3-alnum,3,taken,2026-09-21T19:59:01.595Z
787,3-alnum,3,taken,2026-09-21T19:59:01.595Z
dt5,3-alnum,3,taken,2026-09-21T19:59:01.595Z
7n3,3-alnum,3,taken,2026-09-21T19:59:01.595Z
72t,3-alnum,3,taken,2026-09-21T19:59:01.595Z
bzb,3-alnum,3,taken,2026-09-21T19:59:01.595Z
xf8,3-alnum,3,taken,2026-09-21T19:59:01.595Z
wcf,3-alnum,3,taken,2026-09-21T19:59:01.595Z
162,3-alnum,3,taken,2026-09-21T19:59:01.595Z
ft0,3-alnum,3,taken,2026-09-21T19:59:01.595Z
hqy,3-alnum,3,taken,2026-09-21T19:59:01.595Z
sjh,3-alnum,3,taken,2026-09-21T19:59:01.595Z
c52,3-alnum,3,taken,2026-09-21T19:59:01.595Z
mry,3-alnum,3,taken,2026-09-21T19:59:01.595Z
tb4,3-alnum,3,taken,2026-09-21T19:59:01.595Z
5ee,3-alnum,3,taken,2026-09-21T19:59:01.595Z
w0d,3-alnum,3,taken,2026-09-21T19:59:01.595Z
pn3,3-alnum,3,taken,2026-09-21T19:59:01.595Z
wvh,3-alnum,3,taken,2026-09-21T19:59:01.595Z
2y1,3-alnum,3,taken,2026-09-21T19:59:01.595Z
vw0,3-alnum,3,taken,2026-09-21T19:59:01.595Z
7rk,3-alnum,3,taken,2026-09-21T19:59:01.595Z
prv,3-alnum,3,taken,2026-09-21T19:59:01.595Z
do3,3-alnum,3,taken,2026-09-21T19:59:01.595Z
zzx,3-alnum,3,taken,2026-09-21T19:59:01.595Z
10t,3-alnum,3,taken,2026-09-21T19:59:01.595Z
2t3,3-alnum,3,taken,2026-09-21T19:59:01.595Z
gwy,3-alnum,3,taken,2026-09-21T19:59:01.595Z
blx,3-alnum,3,taken,2026-09-21T19:59:01.595Z
aui,3-alnum,3,taken,2026-09-21T19:59:01.595Z
3tm,3-alnum,3,taken,2026-09-21T19:59:01.595Z
emi,3-alnum,3,taken,2026-09-21T19:59:01.595Z
tap,3-alnum,3,taken,2026-09-21T19:59:01.595Z
eit,3-alnum,3,taken,2026-09-21T19:59:01.595Z
z1i,3-alnum,3,taken,2026-09-21T19:59:01.595Z
65x,3-alnum,3,taken,2026-09-21T19:59:01.595Z
u9u,3-alnum,3,taken,2026-09-21T19:59:01.595Z
plo,3-alnum,3,taken,2026-09-21T19:59:01.595Z
ymw,3-alnum,3,taken,2026-09-21T19:59:01.595Z
zim,3-alnum,3,taken,2026-09-21T19:59:01.595Z
l9p,3-alnum,3,taken,2026-09-21T19:59:01.595Z
9tm,3-alnum,3,taken,2026-09-21T19:59:01.595Z
y5d,3-alnum,3,taken,2026-09-21T19:59:01.595Z
5tc,3-alnum,3,taken,2026-09-21T19:59:01.595Z
7iq,3-alnum,3,taken,2026-09-21T19:59:01.595Z
dif,3-alnum,3,taken,2026-09-21T19:59:01.595Z
bii,3-alnum,3,taken,2026-09-21T19:59:01.595Z
sf5,3-alnum,3,taken,2026-09-21T19:59:01.595Z
fwr,3-alnum,3,taken,2026-09-21T19:59:01.595Z
ahx,3-alnum,3,taken,2026-09-21T19:59:01.595Z
523,3-alnum,3,taken,2026-09-21T19:59:01.595Z
a1y,3-alnum,3,taken,2026-09-21T19:59:01.595Z
ed3,3-alnum,3,taken,2026-09-21T19:59:01.595Z
a44,3-alnum,3,taken,2026-09-21T19:59:01.595Z
5dc,3-alnum,3,taken,2026-09-21T19:59:01.595Z
fh9,3-alnum,3,taken,2026-09-21T19:59:01.595Z
5ol,3-alnum,3,taken,2026-09-21T19:59:01.595Z
v2y,3-alnum,3,taken,2026-09-21T19:59:01.595Z
qil,3-alnum,3,taken,2026-09-21T19:59:01.595Z
q7d,3-alnum,3,taken,2026-09-21T19:59:01.595Z
oes,3-alnum,3,taken,2026-09-21T19:59:01.595Z
4db,3-alnum,3,taken,2026-09-21T19:59:01.595Z
7wb,3-alnum,3,taken,2026-09-21T19:59:01.595Z
e63,3-alnum,3,taken,2026-09-21T19:59:01.595Z
age,3-alnum,3,taken,2026-09-21T19:59:01.595Z
76q,3-alnum,3,taken,2026-09-21T19:59:01.595Z
1kw,3-alnum,3,taken,2026-09-21T19:59:01.595Z
pt3,3-alnum,3,taken,2026-09-21T19:59:01.595Z
r1l,3-alnum,3,taken,2026-09-21T19:59:01.595Z
ks9,3-alnum,3,taken,2026-09-21T19:59:01.595Z
n9y,3-alnum,3,taken,2026-09-21T19:59:01.595Z
tna,3-alnum,3,taken,2026-09-21T19:59:01.595Z
jzh,3-alnum,3,taken,2026-09-21T19:59:01.595Z
moa,3-alnum,3,taken,2026-09-21T19:59:01.595Z
525,3-alnum,3,taken,2026-09-21T19:59:01.595Z
ev4,3-alnum,3,taken,2026-09-21T19:59:01.595Z
25z,3-alnum,3,taken,2026-09-21T19:59:01.595Z
rlx,3-alnum,3,taken,2026-09-21T19:59:01.595Z
ahi,3-alnum,3,taken,2026-09-21T19:59:01.595Z
h3k,3-alnum,3,taken,2026-09-21T19:59:01.595Z
yu9,3-alnum,3,taken,2026-09-21T19:59:01.595Z
mgv,3-alnum,3,taken,2026-09-21T19:59:01.595Z
gkz,3-alnum,3,taken,2026-09-21T19:59:01.595Z
031,3-alnum,3,taken,2026-09-21T19:59:01.595Z
vcf,3-alnum,3,taken,2026-09-21T19:59:32.104Z
p6y,3-alnum,3,taken,2026-09-21T19:59:32.104Z
5nx,3-alnum,3,taken,2026-09-21T19:59:32.104Z
0cj,3-alnum,3,taken,2026-09-21T19:59:32.104Z
x82,3-alnum,3,taken,2026-09-21T19:59:32.104Z
f78,3-alnum,3,taken,2026-09-21T19:59:32.104Z
4zo,3-alnum,3,taken,2026-09-21T19:59:32.104Z
wca,3-alnum,3,taken,2026-09-21T19:59:32.104Z
jq5,3-alnum,3,taken,2026-09-21T19:59:32.104Z
1dk,3-alnum,3,taken,2026-09-21T19:59:32.104Z
9go,3-alnum,3,taken,2026-09-21T19:59:32.104Z
bn3,3-alnum,3,taken,2026-09-21T19:59:32.104Z
d06,3-alnum,3,taken,2026-09-21T19:59:32.104Z
695,3-alnum,3,taken,2026-09-21T19:59:32.104Z
c4y,3-alnum,3,taken,2026-09-21T19:59:32.104Z
dst,3-alnum,3,taken,2026-09-21T19:59:32.104Z
he9,3-alnum,3,taken,2026-09-21T19:59:32.104Z
9r1,3-alnum,3,taken,2026-09-21T19:59:32.104Z
6u0,3-alnum,3,taken,2026-09-21T19:59:32.104Z
1hx,3-alnum,3,taken,2026-09-21T19:59:32.104Z
ybi,3-alnum,3,taken,2026-09-21T19:59:32.104Z
snd,3-alnum,3,taken,2026-09-21T19:59:32.104Z
329,3-alnum,3,taken,2026-09-21T19:59:32.104Z
g8l,3-alnum,3,taken,2026-09-21T19:59:32.104Z
82l,3-alnum,3,taken,2026-09-21T19:59:32.104Z
f5r,3-alnum,3,taken,2026-09-21T19:59:32.104Z
l5s,3-alnum,3,taken,2026-09-21T19:59:32.104Z
591,3-alnum,3,taken,2026-09-21T19:59:32.104Z
mcs,3-alnum,3,taken,2026-09-21T19:59:32.104Z
sdv,3-alnum,3,taken,2026-09-21T19:59:32.104Z
6hb,3-alnum,3,taken,2026-09-21T19:59:32.104Z
hu9,3-alnum,3,taken,2026-09-21T19:59:32.104Z
yio,3-alnum,3,taken,2026-09-21T19:59:32.104Z
1bn,3-alnum,3,taken,2026-09-21T19:59:32.104Z
bi5,3-alnum,3,taken,2026-09-21T19:59:32.104Z
b4a,3-alnum,3,taken,2026-09-21T19:59:32.104Z
81e,3-alnum,3,taken,2026-09-21T19:59:32.104Z
gvk,3-alnum,3,taken,2026-09-21T19:59:32.104Z
55a,3-alnum,3,taken,2026-09-21T19:59:32.104Z
g6d,3-alnum,3,taken,2026-09-21T19:59:32.104Z
vhq,3-alnum,3,taken,2026-09-21T19:59:32.104Z
sle,3-alnum,3,taken,2026-09-21T19:59:32.104Z
ty9,3-alnum,3,taken,2026-09-21T19:59:32.104Z
wwl,3-alnum,3,taken,2026-09-21T19:59:32.104Z
70n,3-alnum,3,taken,2026-09-21T19:59:32.104Z
0yu,3-alnum,3,taken,2026-09-21T19:59:32.104Z
yks,3-alnum,3,taken,2026-09-21T19:59:32.104Z
x7k,3-alnum,3,taken,2026-09-21T19:59:32.104Z
a02,3-alnum,3,taken,2026-09-21T19:59:32.104Z
8q3,3-alnum,3,taken,2026-09-21T19:59:32.104Z
3sa,3-alnum,3,taken,2026-09-21T19:59:32.104Z
dvf,3-alnum,3,taken,2026-09-21T19:59:32.104Z
1p0,3-alnum,3,taken,2026-09-21T19:59:32.104Z
33v,3-alnum,3,taken,2026-09-21T19:59:32.104Z
mm5,3-alnum,3,taken,2026-09-21T19:59:32.104Z
3kt,3-alnum,3,taken,2026-09-21T19:59:32.104Z
h5m,3-alnum,3,taken,2026-09-21T19:59:32.104Z
46k,3-alnum,3,taken,2026-09-21T19:59:32.104Z
g1j,3-alnum,3,taken,2026-09-21T19:59:32.104Z
zkb,3-alnum,3,taken,2026-09-21T19:59:32.104Z
vul,3-alnum,3,taken,2026-09-21T19:59:32.104Z
jn9,3-alnum,3,taken,2026-09-21T19:59:32.104Z
qsx,3-alnum,3,taken,2026-09-21T19:59:32.104Z
jq2,3-alnum,3,taken,2026-09-21T19:59:32.104Z
zmp,3-alnum,3,taken,2026-09-21T19:59:32.104Z
hv0,3-alnum,3,taken,2026-09-21T19:59:32.104Z
qfv,3-alnum,3,taken,2026-09-21T19:59:32.104Z
wwy,3-alnum,3,taken,2026-09-21T19:59:32.104Z
up0,3-alnum,3,taken,2026-09-21T19:59:32.104Z
dhl,3-alnum,3,taken,2026-09-21T19:59:32.104Z
t2x,3-alnum,3,taken,2026-09-21T19:59:32.104Z
6mi,3-alnum,3,taken,2026-09-21T19:59:32.104Z
snb,3-alnum,3,taken,2026-09-21T19:59:32.104Z
69z,3-alnum,3,taken,2026-09-21T19:59:32.104Z
9d8,3-alnum,3,taken,2026-09-21T19:59:32.104Z
ii3,3-alnum,3,taken,2026-09-21T19:59:32.104Z
9ct,3-alnum,3,taken,2026-09-21T19:59:32.104Z
wwn,3-alnum,3,taken,2026-09-21T19:59:32.104Z
e04,3-alnum,3,taken,2026-09-21T19:59:32.104Z
xvp,3-alnum,3,taken,2026-09-21T19:59:32.104Z
bwu,3-alnum,3,taken,2026-09-21T19:59:32.104Z
qwb,3-alnum,3,taken,2026-09-21T19:59:32.104Z
ts6,3-alnum,3,taken,2026-09-21T19:59:32.104Z
ipk,3-alnum,3,taken,2026-09-21T19:59:32.104Z
t6a,3-alnum,3,taken,2026-09-21T19:59:32.104Z
849,3-alnum,3,taken,2026-09-21T19:59:32.104Z
tj3,3-alnum,3,taken,2026-09-21T19:59:32.104Z
i9c,3-alnum,3,taken,2026-09-21T19:59:32.104Z
pwa,3-alnum,3,taken,2026-09-21T19:59:32.104Z
l4j,3-alnum,3,taken,2026-09-21T19:59:32.104Z
0s1,3-alnum,3,taken,2026-09-21T19:59:32.104Z
8nh,3-alnum,3,taken,2026-09-21T19:59:32.104Z
7s6,3-alnum,3,taken,2026-09-21T19:59:32.104Z
rk5,3-alnum,3,taken,2026-09-21T19:59:32.104Z
12a,3-alnum,3,taken,2026-09-21T19:59:32.104Z
9nr,3-alnum,3,taken,2026-09-21T19:59:32.104Z
xk1,3-alnum,3,taken,2026-09-21T19:59:32.104Z
mw9,3-alnum,3,taken,2026-09-21T19:59:32.104Z
9jj,3-alnum,3,taken,2026-09-21T19:59:32.104Z
cgn,3-alnum,3,taken,2026-09-21T19:59:32.104Z
wew,3-alnum,3,taken,2026-09-21T20:00:02.683Z
3x9,3-alnum,3,taken,2026-09-21T20:00:02.683Z
uye,3-alnum,3,taken,2026-09-21T20:00:02.683Z
no9,3-alnum,3,taken,2026-09-21T20:00:02.683Z
fkw,3-alnum,3,taken,2026-09-21T20:00:02.683Z
m5o,3-alnum,3,taken,2026-09-21T20:00:02.683Z
sjm,3-alnum,3,taken,2026-09-21T20:00:02.683Z
066,3-alnum,3,taken,2026-09-21T20:00:02.683Z
wsb,3-alnum,3,taken,2026-09-21T20:00:02.683Z
qii,3-alnum,3,taken,2026-09-21T20:00:02.683Z
gzw,3-alnum,3,taken,2026-09-21T20:00:02.683Z
yz0,3-alnum,3,taken,2026-09-21T20:00:02.683Z
zib,3-alnum,3,taken,2026-09-21T20:00:02.683Z
wdu,3-alnum,3,taken,2026-09-21T20:00:02.683Z
3e5,3-alnum,3,taken,2026-09-21T20:00:02.683Z
ada,3-alnum,3,taken,2026-09-21T20:00:02.683Z
ffh,3-alnum,3,taken,2026-09-21T20:00:02.683Z
816,3-alnum,3,taken,2026-09-21T20:00:02.683Z
3go,3-alnum,3,taken,2026-09-21T20:00:02.683Z
m6l,3-alnum,3,taken,2026-09-21T20:00:02.683Z
535,3-alnum,3,taken,2026-09-21T20:00:02.683Z
m4x,3-alnum,3,taken,2026-09-21T20:00:02.683Z
a53,3-alnum,3,taken,2026-09-21T20:00:02.683Z
sla,3-alnum,3,taken,2026-09-21T20:00:02.683Z
7hz,3-alnum,3,taken,2026-09-21T20:00:02.683Z
zt6,3-alnum,3,taken,2026-09-21T20:00:02.683Z
w9s,3-alnum,3,taken,2026-09-21T20:00:02.683Z
c3i,3-alnum,3,taken,2026-09-21T20:00:02.683Z
ljo,3-alnum,3,taken,2026-09-21T20:00:02.683Z
nwt,3-alnum,3,taken,2026-09-21T20:00:02.683Z
1l8,3-alnum,3,taken,2026-09-21T20:00:02.683Z
js5,3-alnum,3,taken,2026-09-21T20:00:02.683Z
umy,3-alnum,3,taken,2026-09-21T20:00:02.683Z
0kg,3-alnum,3,taken,2026-09-21T20:00:02.683Z
b53,3-alnum,3,taken,2026-09-21T20:00:02.683Z
96f,3-alnum,3,taken,2026-09-21T20:00:02.683Z
5ey,3-alnum,3,taken,2026-09-21T20:00:02.683Z
f3i,3-alnum,3,taken,2026-09-21T20:00:02.683Z
im3,3-alnum,3,taken,2026-09-21T20:00:02.683Z
yte,3-alnum,3,taken,2026-09-21T20:00:02.683Z
awy,3-alnum,3,taken,2026-09-21T20:00:02.683Z
cd5,3-alnum,3,taken,2026-09-21T20:00:02.683Z
len,3-alnum,3,taken,2026-09-21T20:00:02.683Z
3qr,3-alnum,3,taken,2026-09-21T20:00:02.683Z
32b,3-alnum,3,taken,2026-09-21T20:00:02.683Z
0ss,3-alnum,3,taken,2026-09-21T20:00:02.683Z
4sq,3-alnum,3,taken,2026-09-21T20:00:02.683Z
k74,3-alnum,3,taken,2026-09-21T20:00:02.683Z
vm6,3-alnum,3,taken,2026-09-21T20:00:02.683Z
gfx,3-alnum,3,taken,2026-09-21T20:00:02.683Z
77q,3-alnum,3,taken,2026-09-21T20:00:02.683Z
ive,3-alnum,3,taken,2026-09-21T20:00:02.683Z
z4i,3-alnum,3,taken,2026-09-21T20:00:02.683Z
4z0,3-alnum,3,taken,2026-09-21T20:00:02.683Z
ep9,3-alnum,3,taken,2026-09-21T20:00:02.683Z
zlx,3-alnum,3,taken,2026-09-21T20:00:02.683Z
k92,3-alnum,3,taken,2026-09-21T20:00:02.683Z
xmd,3-alnum,3,taken,2026-09-21T20:00:02.683Z
eie,3-alnum,3,taken,2026-09-21T20:00:02.683Z
vqp,3-alnum,3,taken,2026-09-21T20:00:02.683Z
x7t,3-alnum,3,taken,2026-09-21T20:00:02.683Z
fsp,3-alnum,3,taken,2026-09-21T20:00:02.683Z
u1x,3-alnum,3,taken,2026-09-21T20:00:02.683Z
w6m,3-alnum,3,taken,2026-09-21T20:00:02.683Z
,3-alnum,3,blocked,2026-09-21T20:39:35.646Z
ndo,3-alnum,3,taken,2026-09-21T20:00:02.683Z
b7g,3-alnum,3,taken,2026-09-21T20:00:02.683Z
fb0,3-alnum,3,taken,2026-09-21T20:00:02.683Z
nhp,3-alnum,3,taken,2026-09-21T20:00:02.683Z
k3x,3-alnum,3,taken,2026-09-21T20:00:02.683Z
p9v,3-alnum,3,taken,2026-09-21T20:00:02.683Z
bjo,3-alnum,3,taken,2026-09-21T20:00:02.683Z
v1i,3-alnum,3,taken,2026-09-21T20:00:02.683Z
9j2,3-alnum,3,taken,2026-09-21T20:00:02.683Z
1op,3-alnum,3,taken,2026-09-21T20:00:02.683Z
ww1,3-alnum,3,taken,2026-09-21T20:00:02.683Z
bov,3-alnum,3,taken,2026-09-21T20:00:02.683Z
edc,3-alnum,3,taken,2026-09-21T20:00:02.683Z
piv,3-alnum,3,taken,2026-09-21T20:00:02.683Z
e5i,3-alnum,3,taken,2026-09-21T20:00:02.683Z
n63,3-alnum,3,taken,2026-09-21T20:00:02.683Z
2kj,3-alnum,3,taken,2026-09-21T20:00:02.683Z
c67,3-alnum,3,taken,2026-09-21T20:00:02.683Z
1r0,3-alnum,3,taken,2026-09-21T20:00:02.683Z
dtp,3-alnum,3,taken,2026-09-21T20:00:02.683Z
j0q,3-alnum,3,taken,2026-09-21T20:00:02.683Z
nhv,3-alnum,3,taken,2026-09-21T20:00:02.683Z
723,3-alnum,3,taken,2026-09-21T20:00:02.683Z
0ui,3-alnum,3,taken,2026-09-21T20:00:02.683Z
9lc,3-alnum,3,taken,2026-09-21T20:00:02.683Z
iue,3-alnum,3,taken,2026-09-21T20:00:02.683Z
i5k,3-alnum,3,taken,2026-09-21T20:00:02.683Z
shg,3-alnum,3,taken,2026-09-21T20:00:02.683Z
a6l,3-alnum,3,taken,2026-09-21T20:00:02.683Z
nrr,3-alnum,3,taken,2026-09-21T20:00:02.683Z
8mm,3-alnum,3,taken,2026-09-21T20:00:02.683Z
y33,3-alnum,3,taken,2026-09-21T20:00:02.683Z
258,3-alnum,3,taken,2026-09-21T20:00:02.683Z
f1a,3-alnum,3,taken,2026-09-21T20:00:02.683Z
t4c,3-alnum,3,taken,2026-09-21T20:00:02.683Z
z7w,3-alnum,3,taken,2026-09-21T20:00:33.249Z
byi,3-alnum,3,taken,2026-09-21T20:00:33.249Z
o8u,3-alnum,3,taken,2026-09-21T20:00:33.249Z
86r,3-alnum,3,taken,2026-09-21T20:00:33.249Z
6nm,3-alnum,3,taken,2026-09-21T20:00:33.249Z
d3x,3-alnum,3,taken,2026-09-21T20:00:33.249Z
pab,3-alnum,3,taken,2026-09-21T20:00:33.249Z
kp3,3-alnum,3,taken,2026-09-21T20:00:33.249Z
3j3,3-alnum,3,taken,2026-09-21T20:00:33.249Z
037,3-alnum,3,taken,2026-09-21T20:00:33.249Z
5md,3-alnum,3,taken,2026-09-21T20:00:33.249Z
h41,3-alnum,3,taken,2026-09-21T20:00:33.249Z
qww,3-alnum,3,taken,2026-09-21T20:00:33.249Z
4zm,3-alnum,3,taken,2026-09-21T20:00:33.249Z
cm3,3-alnum,3,taken,2026-09-21T20:00:33.249Z
4mm,3-alnum,3,taken,2026-09-21T20:00:33.249Z
wru,3-alnum,3,taken,2026-09-21T20:00:33.249Z
taf,3-alnum,3,taken,2026-09-21T20:00:33.249Z
uwx,3-alnum,3,taken,2026-09-21T20:00:33.249Z
sel,3-alnum,3,taken,2026-09-21T20:00:33.249Z
i85,3-alnum,3,taken,2026-09-21T20:00:33.249Z
w50,3-alnum,3,taken,2026-09-21T20:00:33.249Z
wod,3-alnum,3,taken,2026-09-21T20:00:33.249Z
86d,3-alnum,3,taken,2026-09-21T20:00:33.249Z
2bv,3-alnum,3,taken,2026-09-21T20:00:33.249Z
y3i,3-alnum,3,taken,2026-09-21T20:00:33.249Z
ljw,3-alnum,3,taken,2026-09-21T20:00:33.249Z
jkb,3-alnum,3,taken,2026-09-21T20:00:33.249Z
coa,3-alnum,3,taken,2026-09-21T20:00:33.249Z
8et,3-alnum,3,taken,2026-09-21T20:00:33.249Z
uin,3-alnum,3,taken,2026-09-21T20:00:33.249Z
15g,3-alnum,3,taken,2026-09-21T20:00:33.249Z
uxt,3-alnum,3,taken,2026-09-21T20:00:33.249Z
we9,3-alnum,3,taken,2026-09-21T20:00:33.249Z
jk4,3-alnum,3,taken,2026-09-21T20:00:33.249Z
sun,3-alnum,3,taken,2026-09-21T20:00:33.249Z
7rf,3-alnum,3,taken,2026-09-21T20:00:33.249Z
umb,3-alnum,3,taken,2026-09-21T20:00:33.249Z
1wp,3-alnum,3,taken,2026-09-21T20:00:33.249Z
3gf,3-alnum,3,taken,2026-09-21T20:00:33.249Z
3zu,3-alnum,3,taken,2026-09-21T20:00:33.249Z
zxp,3-alnum,3,taken,2026-09-21T20:00:33.249Z
h7p,3-alnum,3,taken,2026-09-21T20:00:33.249Z
5ud,3-alnum,3,taken,2026-09-21T20:00:33.249Z
opv,3-alnum,3,taken,2026-09-21T20:00:33.249Z
2y5,3-alnum,3,taken,2026-09-21T20:00:33.249Z
p7t,3-alnum,3,taken,2026-09-21T20:00:33.249Z
a7y,3-alnum,3,taken,2026-09-21T20:00:33.249Z
dh9,3-alnum,3,taken,2026-09-21T20:00:33.249Z
a5s,3-alnum,3,taken,2026-09-21T20:00:33.249Z
2um,3-alnum,3,taken,2026-09-21T20:00:33.249Z
0e8,3-alnum,3,taken,2026-09-21T20:00:33.249Z
fvn,3-alnum,3,taken,2026-09-21T20:00:33.249Z
xof,3-alnum,3,taken,2026-09-21T20:00:33.249Z
25l,3-alnum,3,taken,2026-09-21T20:00:33.249Z
25t,3-alnum,3,taken,2026-09-21T20:00:33.249Z
cj1,3-alnum,3,taken,2026-09-21T20:00:33.249Z
rjr,3-alnum,3,taken,2026-09-21T20:00:33.249Z
7el,3-alnum,3,taken,2026-09-21T20:00:33.249Z
ie8,3-alnum,3,taken,2026-09-21T20:00:33.249Z
w2m,3-alnum,3,taken,2026-09-21T20:00:33.249Z
q4c,3-alnum,3,taken,2026-09-21T20:00:33.249Z
3pz,3-alnum,3,taken,2026-09-21T20:00:33.249Z
8rb,3-alnum,3,taken,2026-09-21T20:00:33.249Z
usd,3-alnum,3,taken,2026-09-21T20:00:33.249Z
zsn,3-alnum,3,taken,2026-09-21T20:00:33.249Z
6jj,3-alnum,3,taken,2026-09-21T20:00:33.249Z
3yz,3-alnum,3,taken,2026-09-21T20:00:33.249Z
kf4,3-alnum,3,taken,2026-09-21T20:00:33.249Z
rt0,3-alnum,3,taken,2026-09-21T20:00:33.249Z
6sn,3-alnum,3,taken,2026-09-21T20:00:33.249Z
nz8,3-alnum,3,taken,2026-09-21T20:00:33.249Z
dgp,3-alnum,3,taken,2026-09-21T20:00:33.249Z
2xs,3-alnum,3,taken,2026-09-21T20:00:33.249Z
u1u,3-alnum,3,taken,2026-09-21T20:00:33.249Z
wa8,3-alnum,3,taken,2026-09-21T20:00:33.249Z
wm4,3-alnum,3,taken,2026-09-21T20:00:33.249Z
wql,3-alnum,3,taken,2026-09-21T20:00:33.249Z
la6,3-alnum,3,taken,2026-09-21T20:00:33.249Z
2av,3-alnum,3,taken,2026-09-21T20:00:33.249Z
jkq,3-alnum,3,taken,2026-09-21T20:00:33.249Z
v3i,3-alnum,3,taken,2026-09-21T20:00:33.249Z
4tv,3-alnum,3,taken,2026-09-21T20:00:33.249Z
ktg,3-alnum,3,taken,2026-09-21T20:00:33.249Z
ec6,3-alnum,3,taken,2026-09-21T20:00:33.249Z
8y2,3-alnum,3,taken,2026-09-21T20:00:33.249Z
z79,3-alnum,3,taken,2026-09-21T20:00:33.249Z
kag,3-alnum,3,taken,2026-09-21T20:00:33.249Z
mcv,3-alnum,3,taken,2026-09-21T20:00:33.249Z
d7d,3-alnum,3,taken,2026-09-21T20:00:33.249Z
gly,3-alnum,3,taken,2026-09-21T20:00:33.249Z
wvt,3-alnum,3,taken,2026-09-21T20:00:33.249Z
5gy,3-alnum,3,taken,2026-09-21T20:00:33.249Z
v0f,3-alnum,3,taken,2026-09-21T20:00:33.249Z
hr1,3-alnum,3,taken,2026-09-21T20:00:33.249Z
jid,3-alnum,3,taken,2026-09-21T20:00:33.249Z
u8k,3-alnum,3,taken,2026-09-21T20:00:33.249Z
l5l,3-alnum,3,taken,2026-09-21T20:00:33.249Z
r2o,3-alnum,3,taken,2026-09-21T20:00:33.249Z
a3c,3-alnum,3,taken,2026-09-21T20:00:33.249Z
c72,3-alnum,3,taken,2026-09-21T20:01:03.897Z
mms,3-alnum,3,taken,2026-09-21T20:01:03.897Z
c89,3-alnum,3,taken,2026-09-21T20:01:03.897Z
c2p,3-alnum,3,taken,2026-09-21T20:01:03.897Z
k6u,3-alnum,3,taken,2026-09-21T20:01:03.897Z
qah,3-alnum,3,taken,2026-09-21T20:01:03.897Z
suu,3-alnum,3,taken,2026-09-21T20:01:03.897Z
3b6,3-alnum,3,taken,2026-09-21T20:01:03.897Z
9gj,3-alnum,3,taken,2026-09-21T20:01:03.897Z
9kk,3-alnum,3,taken,2026-09-21T20:01:03.897Z
9vq,3-alnum,3,taken,2026-09-21T20:01:03.897Z
a3g,3-alnum,3,taken,2026-09-21T20:01:03.897Z
reo,3-alnum,3,taken,2026-09-21T20:01:03.897Z
6ja,3-alnum,3,taken,2026-09-21T20:01:03.897Z
wur,3-alnum,3,taken,2026-09-21T20:01:03.897Z
vz0,3-alnum,3,taken,2026-09-21T20:01:03.897Z
h5l,3-alnum,3,taken,2026-09-21T20:01:03.897Z
qjm,3-alnum,3,taken,2026-09-21T20:01:03.897Z
xmr,3-alnum,3,taken,2026-09-21T20:01:03.897Z
r3e,3-alnum,3,taken,2026-09-21T20:01:03.897Z
bjk,3-alnum,3,taken,2026-09-21T20:01:03.897Z
2oa,3-alnum,3,taken,2026-09-21T20:01:03.897Z
mir,3-alnum,3,taken,2026-09-21T20:01:03.897Z
lr2,3-alnum,3,taken,2026-09-21T20:01:03.897Z
wx5,3-alnum,3,taken,2026-09-21T20:01:03.897Z
e9i,3-alnum,3,taken,2026-09-21T20:01:03.897Z
acp,3-alnum,3,taken,2026-09-21T20:01:03.897Z
xck,3-alnum,3,taken,2026-09-21T20:01:03.897Z
xsw,3-alnum,3,taken,2026-09-21T20:01:03.897Z
674,3-alnum,3,taken,2026-09-21T20:01:03.897Z
32u,3-alnum,3,taken,2026-09-21T20:01:03.897Z
hu4,3-alnum,3,taken,2026-09-21T20:01:03.897Z
3o4,3-alnum,3,taken,2026-09-21T20:01:03.897Z
5vp,3-alnum,3,taken,2026-09-21T20:01:03.897Z
3ua,3-alnum,3,taken,2026-09-21T20:01:03.897Z
2f3,3-alnum,3,taken,2026-09-21T20:01:03.897Z
7h1,3-alnum,3,taken,2026-09-21T20:01:03.897Z
5uy,3-alnum,3,taken,2026-09-21T20:01:03.897Z
xii,3-alnum,3,taken,2026-09-21T20:01:03.897Z
b1l,3-alnum,3,taken,2026-09-21T20:01:03.897Z
g8r,3-alnum,3,taken,2026-09-21T20:01:03.897Z
m2g,3-alnum,3,taken,2026-09-21T20:01:03.897Z
bqo,3-alnum,3,taken,2026-09-21T20:01:03.897Z
vsu,3-alnum,3,taken,2026-09-21T20:01:03.897Z
dln,3-alnum,3,taken,2026-09-21T20:01:03.897Z
tnq,3-alnum,3,taken,2026-09-21T20:01:03.897Z
917,3-alnum,3,taken,2026-09-21T20:01:03.897Z
2f4,3-alnum,3,taken,2026-09-21T20:01:03.897Z
4yj,3-alnum,3,taken,2026-09-21T20:01:03.897Z
r2v,3-alnum,3,taken,2026-09-21T20:01:03.897Z
fmw,3-alnum,3,taken,2026-09-21T20:01:03.897Z
na8,3-alnum,3,taken,2026-09-21T20:01:03.897Z
4i2,3-alnum,3,taken,2026-09-21T20:01:03.897Z
3bl,3-alnum,3,taken,2026-09-21T20:01:03.897Z
xv0,3-alnum,3,taken,2026-09-21T20:01:03.897Z
83u,3-alnum,3,taken,2026-09-21T20:01:03.897Z
wv2,3-alnum,3,taken,2026-09-21T20:01:03.897Z
gw2,3-alnum,3,taken,2026-09-21T20:01:03.897Z
pgb,3-alnum,3,taken,2026-09-21T20:01:03.897Z
rme,3-alnum,3,taken,2026-09-21T20:01:03.897Z
94m,3-alnum,3,taken,2026-09-21T20:01:03.897Z
xg6,3-alnum,3,taken,2026-09-21T20:01:03.897Z
j2l,3-alnum,3,taken,2026-09-21T20:01:03.897Z
ar2,3-alnum,3,taken,2026-09-21T20:01:03.897Z
j6q,3-alnum,3,taken,2026-09-21T20:01:03.897Z
wf5,3-alnum,3,taken,2026-09-21T20:01:03.897Z
33q,3-alnum,3,taken,2026-09-21T20:01:03.897Z
0hb,3-alnum,3,taken,2026-09-21T20:01:03.897Z
9fn,3-alnum,3,taken,2026-09-21T20:01:03.897Z
h8s,3-alnum,3,taken,2026-09-21T20:01:03.897Z
f32,3-alnum,3,taken,2026-09-21T20:01:03.897Z
ky7,3-alnum,3,taken,2026-09-21T20:01:03.897Z
dnx,3-alnum,3,taken,2026-09-21T20:01:03.897Z
izs,3-alnum,3,taken,2026-09-21T20:01:03.897Z
upj,3-alnum,3,taken,2026-09-21T20:01:03.897Z
aot,3-alnum,3,taken,2026-09-21T20:01:03.897Z
hi4,3-alnum,3,taken,2026-09-21T20:01:03.897Z
2s0,3-alnum,3,taken,2026-09-21T20:01:03.897Z
kui,3-alnum,3,taken,2026-09-21T20:01:03.897Z
fj8,3-alnum,3,taken,2026-09-21T20:01:03.897Z
n76,3-alnum,3,taken,2026-09-21T20:01:03.897Z
t6m,3-alnum,3,taken,2026-09-21T20:01:03.897Z
oss,3-alnum,3,taken,2026-09-21T20:01:03.897Z
a9y,3-alnum,3,taken,2026-09-21T20:01:03.897Z
7xx,3-alnum,3,taken,2026-09-21T20:01:03.897Z
bwh,3-alnum,3,taken,2026-09-21T20:01:03.897Z
5f2,3-alnum,3,taken,2026-09-21T20:01:03.897Z
r44,3-alnum,3,taken,2026-09-21T20:01:03.897Z
zyh,3-alnum,3,taken,2026-09-21T20:01:03.897Z
77u,3-alnum,3,taken,2026-09-21T20:01:03.897Z
7p8,3-alnum,3,taken,2026-09-21T20:01:03.897Z
5pb,3-alnum,3,taken,2026-09-21T20:01:03.897Z
1rs,3-alnum,3,taken,2026-09-21T20:01:03.897Z
ce9,3-alnum,3,taken,2026-09-21T20:01:03.897Z
rdu,3-alnum,3,taken,2026-09-21T20:01:03.897Z
2wy,3-alnum,3,taken,2026-09-21T20:01:03.897Z
bb0,3-alnum,3,taken,2026-09-21T20:01:03.897Z
5t4,3-alnum,3,taken,2026-09-21T20:01:03.897Z
9no,3-alnum,3,taken,2026-09-21T20:01:03.897Z
q0b,3-alnum,3,taken,2026-09-21T20:01:03.897Z
uzq,3-alnum,3,taken,2026-09-21T20:01:34.614Z
jkx,3-alnum,3,taken,2026-09-21T20:01:34.614Z
tbp,3-alnum,3,taken,2026-09-21T20:01:34.614Z
4p7,3-alnum,3,taken,2026-09-21T20:01:34.614Z
sz8,3-alnum,3,taken,2026-09-21T20:01:34.614Z
p8z,3-alnum,3,taken,2026-09-21T20:01:34.614Z
ko8,3-alnum,3,taken,2026-09-21T20:01:34.614Z
upa,3-alnum,3,taken,2026-09-21T20:01:34.614Z
lnk,3-alnum,3,taken,2026-09-21T20:01:34.614Z
h5a,3-alnum,3,taken,2026-09-21T20:01:34.614Z
4pg,3-alnum,3,taken,2026-09-21T20:01:34.614Z
gws,3-alnum,3,taken,2026-09-21T20:01:34.614Z
098,3-alnum,3,taken,2026-09-21T20:01:34.614Z
4l8,3-alnum,3,taken,2026-09-21T20:01:34.614Z
197,3-alnum,3,taken,2026-09-21T20:01:34.614Z
0jf,3-alnum,3,taken,2026-09-21T20:01:34.614Z
w4a,3-alnum,3,taken,2026-09-21T20:01:34.614Z
yja,3-alnum,3,taken,2026-09-21T20:01:34.614Z
qva,3-alnum,3,taken,2026-09-21T20:01:34.614Z
3b1,3-alnum,3,taken,2026-09-21T20:01:34.614Z
gy4,3-alnum,3,taken,2026-09-21T20:01:34.614Z
xpu,3-alnum,3,taken,2026-09-21T20:01:34.614Z
mbq,3-alnum,3,taken,2026-09-21T20:01:34.614Z
psn,3-alnum,3,taken,2026-09-21T20:01:34.614Z
jrs,3-alnum,3,taken,2026-09-21T20:01:34.614Z
p02,3-alnum,3,taken,2026-09-21T20:01:34.614Z
75j,3-alnum,3,taken,2026-09-21T20:01:34.614Z
b6x,3-alnum,3,taken,2026-09-21T20:01:34.614Z
ymc,3-alnum,3,taken,2026-09-21T20:01:34.614Z
ebv,3-alnum,3,taken,2026-09-21T20:01:34.614Z
juj,3-alnum,3,taken,2026-09-21T20:01:34.614Z
y6x,3-alnum,3,taken,2026-09-21T20:01:34.614Z
c51,3-alnum,3,taken,2026-09-21T20:01:34.614Z
8s9,3-alnum,3,taken,2026-09-21T20:01:34.614Z
fuz,3-alnum,3,taken,2026-09-21T20:01:34.614Z
qsy,3-alnum,3,taken,2026-09-21T20:01:34.614Z
g3m,3-alnum,3,taken,2026-09-21T20:01:34.614Z
k9t,3-alnum,3,taken,2026-09-21T20:01:34.614Z
em1,3-alnum,3,taken,2026-09-21T20:01:34.614Z
9bb,3-alnum,3,taken,2026-09-21T20:01:34.614Z
0xs,3-alnum,3,taken,2026-09-21T20:01:34.614Z
pet,3-alnum,3,taken,2026-09-21T20:01:34.614Z
zfa,3-alnum,3,taken,2026-09-21T20:01:34.614Z
msv,3-alnum,3,taken,2026-09-21T20:01:34.614Z
fpc,3-alnum,3,taken,2026-09-21T20:01:34.614Z
1ay,3-alnum,3,taken,2026-09-21T20:01:34.614Z
0xg,3-alnum,3,taken,2026-09-21T20:01:34.614Z
lfk,3-alnum,3,taken,2026-09-21T20:01:34.614Z
a83,3-alnum,3,taken,2026-09-21T20:01:34.614Z
153,3-alnum,3,taken,2026-09-21T20:01:34.614Z
dt9,3-alnum,3,taken,2026-09-21T20:01:34.614Z
rlz,3-alnum,3,taken,2026-09-21T20:01:34.614Z
uj4,3-alnum,3,taken,2026-09-21T20:01:34.614Z
rem,3-alnum,3,taken,2026-09-21T20:01:34.614Z
oq0,3-alnum,3,taken,2026-09-21T20:01:34.614Z
1qk,3-alnum,3,taken,2026-09-21T20:01:34.614Z
v07,3-alnum,3,taken,2026-09-21T20:01:34.614Z
1gi,3-alnum,3,taken,2026-09-21T20:01:34.614Z
vyo,3-alnum,3,taken,2026-09-21T20:01:34.614Z
jbh,3-alnum,3,taken,2026-09-21T20:01:34.614Z
6nq,3-alnum,3,taken,2026-09-21T20:01:34.614Z
m72,3-alnum,3,taken,2026-09-21T20:01:34.614Z
h20,3-alnum,3,taken,2026-09-21T20:01:34.614Z
zzt,3-alnum,3,taken,2026-09-21T20:01:34.614Z
d40,3-alnum,3,taken,2026-09-21T20:01:34.614Z
xks,3-alnum,3,taken,2026-09-21T20:01:34.614Z
934,3-alnum,3,taken,2026-09-21T20:01:34.614Z
6w5,3-alnum,3,taken,2026-09-21T20:01:34.614Z
wna,3-alnum,3,taken,2026-09-21T20:01:34.614Z
o9h,3-alnum,3,taken,2026-09-21T20:01:34.614Z
wne,3-alnum,3,taken,2026-09-21T20:01:34.614Z
tyo,3-alnum,3,taken,2026-09-21T20:01:34.614Z
4ki,3-alnum,3,taken,2026-09-21T20:01:34.614Z
w8o,3-alnum,3,taken,2026-09-21T20:01:34.614Z
1bs,3-alnum,3,taken,2026-09-21T20:01:34.614Z
c3u,3-alnum,3,taken,2026-09-21T20:01:34.614Z
eaa,3-alnum,3,taken,2026-09-21T20:01:34.614Z
58n,3-alnum,3,taken,2026-09-21T20:01:34.614Z
jmj,3-alnum,3,taken,2026-09-21T20:01:34.614Z
yj7,3-alnum,3,taken,2026-09-21T20:01:34.614Z
m4p,3-alnum,3,taken,2026-09-21T20:01:34.614Z
dbc,3-alnum,3,taken,2026-09-21T20:01:34.614Z
07p,3-alnum,3,taken,2026-09-21T20:01:34.614Z
945,3-alnum,3,taken,2026-09-21T20:01:34.614Z
olo,3-alnum,3,taken,2026-09-21T20:01:34.614Z
5bv,3-alnum,3,taken,2026-09-21T20:01:34.614Z
5c2,3-alnum,3,taken,2026-09-21T20:01:34.614Z
w1t,3-alnum,3,taken,2026-09-21T20:01:34.614Z
jrq,3-alnum,3,taken,2026-09-21T20:01:34.614Z
ev3,3-alnum,3,taken,2026-09-21T20:01:34.614Z
2k2,3-alnum,3,taken,2026-09-21T20:01:34.614Z
rax,3-alnum,3,taken,2026-09-21T20:01:34.614Z
w2p,3-alnum,3,taken,2026-09-21T20:01:34.614Z
77y,3-alnum,3,taken,2026-09-21T20:01:34.614Z
i9t,3-alnum,3,taken,2026-09-21T20:01:34.614Z
d2u,3-alnum,3,taken,2026-09-21T20:01:34.614Z
l6o,3-alnum,3,taken,2026-09-21T20:01:34.614Z
dox,3-alnum,3,taken,2026-09-21T20:01:34.614Z
fhv,3-alnum,3,taken,2026-09-21T20:01:34.614Z
33d,3-alnum,3,taken,2026-09-21T20:01:34.614Z
tpo,3-alnum,3,taken,2026-09-21T20:02:05.237Z
8zb,3-alnum,3,taken,2026-09-21T20:02:05.237Z
uew,3-alnum,3,taken,2026-09-21T20:02:05.237Z
ars,3-alnum,3,taken,2026-09-21T20:02:05.237Z
zvv,3-alnum,3,taken,2026-09-21T20:02:05.237Z
cr0,3-alnum,3,taken,2026-09-21T20:02:05.237Z
n7x,3-alnum,3,taken,2026-09-21T20:02:05.237Z
0o2,3-alnum,3,taken,2026-09-21T20:02:05.237Z
dkv,3-alnum,3,taken,2026-09-21T20:02:05.237Z
k29,3-alnum,3,taken,2026-09-21T20:02:05.237Z
f1s,3-alnum,3,taken,2026-09-21T20:02:05.237Z
quo,3-alnum,3,taken,2026-09-21T20:02:05.237Z
g9h,3-alnum,3,taken,2026-09-21T20:02:05.237Z
m2v,3-alnum,3,taken,2026-09-21T20:02:05.237Z
oul,3-alnum,3,taken,2026-09-21T20:02:05.237Z
uju,3-alnum,3,taken,2026-09-21T20:02:05.237Z
twk,3-alnum,3,taken,2026-09-21T20:02:05.237Z
vbk,3-alnum,3,taken,2026-09-21T20:02:05.237Z
r2t,3-alnum,3,taken,2026-09-21T20:02:05.237Z
zpe,3-alnum,3,taken,2026-09-21T20:02:05.237Z
6j4,3-alnum,3,taken,2026-09-21T20:02:05.237Z
j14,3-alnum,3,taken,2026-09-21T20:02:05.237Z
qau,3-alnum,3,taken,2026-09-21T20:02:05.237Z
qru,3-alnum,3,taken,2026-09-21T20:02:05.237Z
qyd,3-alnum,3,taken,2026-09-21T20:02:05.237Z
mk9,3-alnum,3,taken,2026-09-21T20:02:05.237Z
mzd,3-alnum,3,taken,2026-09-21T20:02:05.237Z
12j,3-alnum,3,taken,2026-09-21T20:02:05.237Z
nt1,3-alnum,3,taken,2026-09-21T20:02:05.237Z
z2c,3-alnum,3,taken,2026-09-21T20:02:05.237Z
899,3-alnum,3,taken,2026-09-21T20:02:05.237Z
nwi,3-alnum,3,taken,2026-09-21T20:02:05.237Z
mp0,3-alnum,3,taken,2026-09-21T20:02:05.237Z
tje,3-alnum,3,taken,2026-09-21T20:02:05.237Z
dsh,3-alnum,3,taken,2026-09-21T20:02:05.237Z
f1f,3-alnum,3,taken,2026-09-21T20:02:05.237Z
hh4,3-alnum,3,taken,2026-09-21T20:02:05.237Z
upy,3-alnum,3,taken,2026-09-21T20:02:05.237Z
yf1,3-alnum,3,taken,2026-09-21T20:02:05.237Z
efj,3-alnum,3,taken,2026-09-21T20:02:05.237Z
jxn,3-alnum,3,taken,2026-09-21T20:02:05.237Z
wya,3-alnum,3,taken,2026-09-21T20:02:05.237Z
l4d,3-alnum,3,taken,2026-09-21T20:02:05.237Z
fw4,3-alnum,3,taken,2026-09-21T20:02:05.237Z
grb,3-alnum,3,taken,2026-09-21T20:02:05.237Z
o4l,3-alnum,3,taken,2026-09-21T20:02:05.237Z
b77,3-alnum,3,taken,2026-09-21T20:02:05.237Z
h0f,3-alnum,3,taken,2026-09-21T20:02:05.237Z
bls,3-alnum,3,taken,2026-09-21T20:02:05.237Z
08f,3-alnum,3,taken,2026-09-21T20:02:05.237Z
6dy,3-alnum,3,taken,2026-09-21T20:02:05.237Z
7nw,3-alnum,3,taken,2026-09-21T20:02:05.237Z
g0i,3-alnum,3,taken,2026-09-21T20:02:05.237Z
6ri,3-alnum,3,taken,2026-09-21T20:02:05.237Z
7ui,3-alnum,3,taken,2026-09-21T20:02:05.237Z
pz3,3-alnum,3,taken,2026-09-21T20:02:05.237Z
ey0,3-alnum,3,taken,2026-09-21T20:02:05.237Z
byb,3-alnum,3,taken,2026-09-21T20:02:05.237Z
9q4,3-alnum,3,taken,2026-09-21T20:02:05.237Z
ioq,3-alnum,3,taken,2026-09-21T20:02:05.237Z
hy0,3-alnum,3,taken,2026-09-21T20:02:05.237Z
5oe,3-alnum,3,taken,2026-09-21T20:02:05.237Z
8fv,3-alnum,3,taken,2026-09-21T20:02:05.237Z
bqf,3-alnum,3,taken,2026-09-21T20:02:05.237Z
p4r,3-alnum,3,taken,2026-09-21T20:02:05.237Z
w1o,3-alnum,3,taken,2026-09-21T20:02:05.237Z
kqw,3-alnum,3,taken,2026-09-21T20:02:05.237Z
7ec,3-alnum,3,taken,2026-09-21T20:02:05.237Z
91f,3-alnum,3,taken,2026-09-21T20:02:05.237Z
m4l,3-alnum,3,taken,2026-09-21T20:02:05.237Z
zgz,3-alnum,3,taken,2026-09-21T20:02:05.237Z
24l,3-alnum,3,taken,2026-09-21T20:02:05.237Z
y3x,3-alnum,3,taken,2026-09-21T20:02:05.237Z
n7m,3-alnum,3,taken,2026-09-21T20:02:05.237Z
8kv,3-alnum,3,taken,2026-09-21T20:02:05.237Z
laz,3-alnum,3,taken,2026-09-21T20:02:05.237Z
ylk,3-alnum,3,taken,2026-09-21T20:02:05.237Z
no7,3-alnum,3,taken,2026-09-21T20:02:05.237Z
5hs,3-alnum,3,taken,2026-09-21T20:02:05.237Z
f0o,3-alnum,3,taken,2026-09-21T20:02:05.237Z
x5f,3-alnum,3,taken,2026-09-21T20:02:05.237Z
qdo,3-alnum,3,taken,2026-09-21T20:02:05.237Z
ubd,3-alnum,3,taken,2026-09-21T20:02:05.237Z
fpw,3-alnum,3,taken,2026-09-21T20:02:05.237Z
p2n,3-alnum,3,taken,2026-09-21T20:02:05.237Z
z3b,3-alnum,3,taken,2026-09-21T20:02:05.237Z
xn2,3-alnum,3,taken,2026-09-21T20:02:05.237Z
m9x,3-alnum,3,taken,2026-09-21T20:02:05.237Z
1gp,3-alnum,3,taken,2026-09-21T20:02:05.237Z
6mx,3-alnum,3,taken,2026-09-21T20:02:05.237Z
dlt,3-alnum,3,taken,2026-09-21T20:02:05.237Z
dpe,3-alnum,3,taken,2026-09-21T20:02:05.237Z
c36,3-alnum,3,taken,2026-09-21T20:02:05.237Z
9m6,3-alnum,3,taken,2026-09-21T20:02:05.237Z
c81,3-alnum,3,taken,2026-09-21T20:02:05.237Z
cuy,3-alnum,3,taken,2026-09-21T20:02:05.237Z
mnl,3-alnum,3,taken,2026-09-21T20:02:05.237Z
gsn,3-alnum,3,taken,2026-09-21T20:02:05.237Z
htx,3-alnum,3,taken,2026-09-21T20:02:05.237Z
cee,3-alnum,3,taken,2026-09-21T20:02:05.237Z
gz7,3-alnum,3,taken,2026-09-21T20:02:35.792Z
gdt,3-alnum,3,taken,2026-09-21T20:02:35.792Z
1i1,3-alnum,3,taken,2026-09-21T20:02:35.792Z
sq5,3-alnum,3,taken,2026-09-21T20:02:35.792Z
24n,3-alnum,3,taken,2026-09-21T20:02:35.792Z
4fx,3-alnum,3,taken,2026-09-21T20:02:35.792Z
h5j,3-alnum,3,taken,2026-09-21T20:02:35.792Z
n21,3-alnum,3,taken,2026-09-21T20:02:35.792Z
1qo,3-alnum,3,taken,2026-09-21T20:02:35.792Z
vkz,3-alnum,3,taken,2026-09-21T20:02:35.792Z
eaj,3-alnum,3,taken,2026-09-21T20:02:35.792Z
41b,3-alnum,3,taken,2026-09-21T20:02:35.792Z
vtk,3-alnum,3,taken,2026-09-21T20:02:35.792Z
y6r,3-alnum,3,taken,2026-09-21T20:02:35.792Z
41q,3-alnum,3,taken,2026-09-21T20:02:35.792Z
o1e,3-alnum,3,taken,2026-09-21T20:02:35.792Z
v7g,3-alnum,3,taken,2026-09-21T20:02:35.792Z
up3,3-alnum,3,taken,2026-09-21T20:02:35.792Z
ln7,3-alnum,3,taken,2026-09-21T20:02:35.792Z
di3,3-alnum,3,taken,2026-09-21T20:02:35.792Z
d2t,3-alnum,3,taken,2026-09-21T20:02:35.792Z
z4q,3-alnum,3,taken,2026-09-21T20:02:35.792Z
6fi,3-alnum,3,taken,2026-09-21T20:02:35.792Z
8gu,3-alnum,3,taken,2026-09-21T20:02:35.792Z
bwy,3-alnum,3,taken,2026-09-21T20:02:35.792Z
0l6,3-alnum,3,taken,2026-09-21T20:02:35.792Z
y87,3-alnum,3,taken,2026-09-21T20:02:35.792Z
5ts,3-alnum,3,taken,2026-09-21T20:02:35.792Z
3m6,3-alnum,3,taken,2026-09-21T20:02:35.792Z
9rl,3-alnum,3,taken,2026-09-21T20:02:35.792Z
qem,3-alnum,3,taken,2026-09-21T20:02:35.792Z
lzn,3-alnum,3,taken,2026-09-21T20:02:35.792Z
six,3-alnum,3,taken,2026-09-21T20:02:35.792Z
c6h,3-alnum,3,taken,2026-09-21T20:02:35.792Z
7sz,3-alnum,3,taken,2026-09-21T20:02:35.792Z
0p2,3-alnum,3,taken,2026-09-21T20:02:35.792Z
p92,3-alnum,3,taken,2026-09-21T20:02:35.792Z
tyx,3-alnum,3,taken,2026-09-21T20:02:35.792Z
7b7,3-alnum,3,taken,2026-09-21T20:02:35.792Z
c32,3-alnum,3,taken,2026-09-21T20:02:35.792Z
5oa,3-alnum,3,taken,2026-09-21T20:02:35.792Z
o0f,3-alnum,3,taken,2026-09-21T20:02:35.792Z
srl,3-alnum,3,taken,2026-09-21T20:02:35.792Z
ixq,3-alnum,3,taken,2026-09-21T20:02:35.792Z
1uo,3-alnum,3,taken,2026-09-21T20:02:35.792Z
q17,3-alnum,3,taken,2026-09-21T20:02:35.792Z
fcp,3-alnum,3,taken,2026-09-21T20:02:35.792Z
11n,3-alnum,3,taken,2026-09-21T20:02:35.792Z
ao5,3-alnum,3,taken,2026-09-21T20:02:35.792Z
c9d,3-alnum,3,taken,2026-09-21T20:02:35.792Z
yqo,3-alnum,3,taken,2026-09-21T20:02:35.792Z
0en,3-alnum,3,taken,2026-09-21T20:02:35.792Z
stu,3-alnum,3,taken,2026-09-21T20:02:35.792Z
f6g,3-alnum,3,taken,2026-09-21T20:02:35.792Z
8s5,3-alnum,3,taken,2026-09-21T20:02:35.792Z
pj9,3-alnum,3,taken,2026-09-21T20:02:35.792Z
aow,3-alnum,3,taken,2026-09-21T20:02:35.792Z
ps6,3-alnum,3,taken,2026-09-21T20:02:35.792Z
mtt,3-alnum,3,taken,2026-09-21T20:02:35.792Z
9mo,3-alnum,3,taken,2026-09-21T20:02:35.792Z
kkn,3-alnum,3,taken,2026-09-21T20:02:35.792Z
epc,3-alnum,3,taken,2026-09-21T20:02:35.792Z
y0o,3-alnum,3,taken,2026-09-21T20:02:35.792Z
uj8,3-alnum,3,taken,2026-09-21T20:02:35.792Z
386,3-alnum,3,taken,2026-09-21T20:02:35.792Z
a1m,3-alnum,3,taken,2026-09-21T20:02:35.792Z
u36,3-alnum,3,taken,2026-09-21T20:02:35.792Z
bja,3-alnum,3,taken,2026-09-21T20:02:35.792Z
d6v,3-alnum,3,taken,2026-09-21T20:02:35.792Z
jx9,3-alnum,3,taken,2026-09-21T20:02:35.792Z
n6i,3-alnum,3,taken,2026-09-21T20:02:35.792Z
oz6,3-alnum,3,taken,2026-09-21T20:02:35.792Z
ix2,3-alnum,3,taken,2026-09-21T20:02:35.792Z
klr,3-alnum,3,taken,2026-09-21T20:02:35.792Z
0wh,3-alnum,3,taken,2026-09-21T20:02:35.792Z
3am,3-alnum,3,taken,2026-09-21T20:02:35.792Z
zt0,3-alnum,3,taken,2026-09-21T20:02:35.792Z
57z,3-alnum,3,taken,2026-09-21T20:02:35.792Z
zmv,3-alnum,3,taken,2026-09-21T20:02:35.792Z
qty,3-alnum,3,taken,2026-09-21T20:02:35.792Z
d0d,3-alnum,3,taken,2026-09-21T20:02:35.792Z
bed,3-alnum,3,taken,2026-09-21T20:02:35.792Z
w18,3-alnum,3,taken,2026-09-21T20:02:35.792Z
sob,3-alnum,3,taken,2026-09-21T20:02:35.792Z
jt7,3-alnum,3,taken,2026-09-21T20:02:35.792Z
cux,3-alnum,3,taken,2026-09-21T20:02:35.792Z
48o,3-alnum,3,taken,2026-09-21T20:02:35.792Z
ds7,3-alnum,3,taken,2026-09-21T20:02:35.792Z
oed,3-alnum,3,taken,2026-09-21T20:02:35.792Z
rck,3-alnum,3,taken,2026-09-21T20:02:35.792Z
j3x,3-alnum,3,taken,2026-09-21T20:02:35.792Z
yn4,3-alnum,3,taken,2026-09-21T20:02:35.792Z
wik,3-alnum,3,taken,2026-09-21T20:02:35.792Z
gky,3-alnum,3,taken,2026-09-21T20:02:35.792Z
c95,3-alnum,3,taken,2026-09-21T20:02:35.792Z
pee,3-alnum,3,taken,2026-09-21T20:02:35.792Z
0q7,3-alnum,3,taken,2026-09-21T20:02:35.792Z
pxa,3-alnum,3,taken,2026-09-21T20:02:35.792Z
0bh,3-alnum,3,taken,2026-09-21T20:02:35.792Z
yh6,3-alnum,3,taken,2026-09-21T20:02:35.792Z
06n,3-alnum,3,taken,2026-09-21T20:03:06.322Z
0ek,3-alnum,3,taken,2026-09-21T20:03:06.322Z
jm5,3-alnum,3,taken,2026-09-21T20:03:06.322Z
66l,3-alnum,3,taken,2026-09-21T20:03:06.322Z
m1q,3-alnum,3,taken,2026-09-21T20:03:06.322Z
jk7,3-alnum,3,taken,2026-09-21T20:03:06.322Z
3yy,3-alnum,3,taken,2026-09-21T20:03:06.322Z
gti,3-alnum,3,taken,2026-09-21T20:03:06.322Z
ij0,3-alnum,3,taken,2026-09-21T20:03:06.322Z
qrh,3-alnum,3,taken,2026-09-21T20:03:06.322Z
n6q,3-alnum,3,taken,2026-09-21T20:03:06.322Z
1pd,3-alnum,3,taken,2026-09-21T20:03:06.322Z
c8d,3-alnum,3,taken,2026-09-21T20:03:06.322Z
pnk,3-alnum,3,taken,2026-09-21T20:03:06.322Z
o4b,3-alnum,3,taken,2026-09-21T20:03:06.322Z
g3j,3-alnum,3,taken,2026-09-21T20:03:06.322Z
lxc,3-alnum,3,taken,2026-09-21T20:03:06.322Z
trv,3-alnum,3,taken,2026-09-21T20:03:06.322Z
mdj,3-alnum,3,taken,2026-09-21T20:03:06.322Z
k34,3-alnum,3,taken,2026-09-21T20:03:06.322Z
rlm,3-alnum,3,taken,2026-09-21T20:03:06.322Z
yzr,3-alnum,3,taken,2026-09-21T20:03:06.322Z
6p6,3-alnum,3,taken,2026-09-21T20:03:06.322Z
axi,3-alnum,3,taken,2026-09-21T20:03:06.322Z
rya,3-alnum,3,taken,2026-09-21T20:03:06.322Z
v58,3-alnum,3,taken,2026-09-21T20:03:06.322Z
pbg,3-alnum,3,taken,2026-09-21T20:03:06.322Z
is8,3-alnum,3,taken,2026-09-21T20:03:06.322Z
i9v,3-alnum,3,taken,2026-09-21T20:03:06.322Z
rk2,3-alnum,3,taken,2026-09-21T20:03:06.322Z
ql0,3-alnum,3,taken,2026-09-21T20:03:06.322Z
f6q,3-alnum,3,taken,2026-09-21T20:03:06.322Z
u53,3-alnum,3,taken,2026-09-21T20:03:06.322Z
76n,3-alnum,3,taken,2026-09-21T20:03:06.322Z
6um,3-alnum,3,taken,2026-09-21T20:03:06.322Z
qbi,3-alnum,3,taken,2026-09-21T20:03:06.322Z
ox9,3-alnum,3,taken,2026-09-21T20:03:06.322Z
mbk,3-alnum,3,taken,2026-09-21T20:03:06.322Z
v9x,3-alnum,3,taken,2026-09-21T20:03:06.322Z
7so,3-alnum,3,taken,2026-09-21T20:03:06.322Z
073,3-alnum,3,taken,2026-09-21T20:03:06.322Z
tzo,3-alnum,3,taken,2026-09-21T20:03:06.322Z
0qz,3-alnum,3,taken,2026-09-21T20:03:06.322Z
2qj,3-alnum,3,taken,2026-09-21T20:03:06.322Z
rsz,3-alnum,3,taken,2026-09-21T20:03:06.322Z
1df,3-alnum,3,taken,2026-09-21T20:03:06.322Z
ayk,3-alnum,3,taken,2026-09-21T20:03:06.322Z
4ue,3-alnum,3,taken,2026-09-21T20:03:06.322Z
d8d,3-alnum,3,taken,2026-09-21T20:03:06.322Z
yfc,3-alnum,3,taken,2026-09-21T20:03:06.322Z
k9k,3-alnum,3,taken,2026-09-21T20:03:06.322Z
05l,3-alnum,3,taken,2026-09-21T20:03:06.322Z
tbg,3-alnum,3,taken,2026-09-21T20:03:06.322Z
c1f,3-alnum,3,taken,2026-09-21T20:03:06.322Z
mif,3-alnum,3,taken,2026-09-21T20:03:06.322Z
kr1,3-alnum,3,taken,2026-09-21T20:03:06.322Z
0fx,3-alnum,3,taken,2026-09-21T20:03:06.322Z
nvh,3-alnum,3,taken,2026-09-21T20:03:06.322Z
229,3-alnum,3,taken,2026-09-21T20:03:06.322Z
0ww,3-alnum,3,taken,2026-09-21T20:03:06.322Z
md8,3-alnum,3,taken,2026-09-21T20:03:06.322Z
ud8,3-alnum,3,taken,2026-09-21T20:03:06.322Z
vuq,3-alnum,3,taken,2026-09-21T20:03:06.322Z
s2o,3-alnum,3,taken,2026-09-21T20:03:06.322Z
xdr,3-alnum,3,taken,2026-09-21T20:03:06.322Z
sqw,3-alnum,3,taken,2026-09-21T20:03:06.322Z
wip,3-alnum,3,taken,2026-09-21T20:03:06.322Z
t5t,3-alnum,3,taken,2026-09-21T20:03:06.322Z
1fp,3-alnum,3,taken,2026-09-21T20:03:06.322Z
55d,3-alnum,3,taken,2026-09-21T20:03:06.322Z
3af,3-alnum,3,taken,2026-09-21T20:03:06.322Z
yw4,3-alnum,3,taken,2026-09-21T20:03:06.322Z
lu6,3-alnum,3,taken,2026-09-21T20:03:06.322Z
3ix,3-alnum,3,taken,2026-09-21T20:03:06.322Z
fmx,3-alnum,3,taken,2026-09-21T20:03:06.322Z
090,3-alnum,3,taken,2026-09-21T20:03:06.322Z
xj8,3-alnum,3,taken,2026-09-21T20:03:06.322Z
ytb,3-alnum,3,taken,2026-09-21T20:03:06.322Z
hnu,3-alnum,3,taken,2026-09-21T20:03:06.322Z
5ce,3-alnum,3,taken,2026-09-21T20:03:06.322Z
n7h,3-alnum,3,taken,2026-09-21T20:03:06.322Z
qj1,3-alnum,3,taken,2026-09-21T20:03:06.322Z
qzo,3-alnum,3,taken,2026-09-21T20:03:06.322Z
kwx,3-alnum,3,taken,2026-09-21T20:03:06.322Z
zp8,3-alnum,3,taken,2026-09-21T20:03:06.322Z
djl,3-alnum,3,taken,2026-09-21T20:03:06.322Z
nl1,3-alnum,3,taken,2026-09-21T20:03:06.322Z
pdg,3-alnum,3,taken,2026-09-21T20:03:06.322Z
tf3,3-alnum,3,taken,2026-09-21T20:03:06.322Z
emo,3-alnum,3,taken,2026-09-21T20:03:06.322Z
0xi,3-alnum,3,taken,2026-09-21T20:03:06.322Z
kw2,3-alnum,3,taken,2026-09-21T20:03:06.322Z
dyp,3-alnum,3,taken,2026-09-21T20:03:06.322Z
086,3-alnum,3,taken,2026-09-21T20:03:06.322Z
xre,3-alnum,3,taken,2026-09-21T20:03:06.322Z
t06,3-alnum,3,taken,2026-09-21T20:03:06.322Z
jly,3-alnum,3,taken,2026-09-21T20:03:06.322Z
42e,3-alnum,3,taken,2026-09-21T20:03:06.322Z
hx0,3-alnum,3,taken,2026-09-21T20:03:06.322Z
3nt,3-alnum,3,taken,2026-09-21T20:03:06.322Z
idn,3-alnum,3,taken,2026-09-21T20:03:36.846Z
ghk,3-alnum,3,taken,2026-09-21T20:03:36.846Z
y7v,3-alnum,3,taken,2026-09-21T20:03:36.846Z
ibx,3-alnum,3,taken,2026-09-21T20:03:36.846Z
j6t,3-alnum,3,taken,2026-09-21T20:03:36.846Z
wwg,3-alnum,3,taken,2026-09-21T20:03:36.846Z
0x1,3-alnum,3,taken,2026-09-21T20:03:36.846Z
mjr,3-alnum,3,taken,2026-09-21T20:03:36.846Z
ryz,3-alnum,3,taken,2026-09-21T20:03:36.846Z
fw8,3-alnum,3,taken,2026-09-21T20:03:36.846Z
o36,3-alnum,3,taken,2026-09-21T20:03:36.846Z
gny,3-alnum,3,taken,2026-09-21T20:03:36.846Z
1xe,3-alnum,3,taken,2026-09-21T20:03:36.846Z
5p3,3-alnum,3,taken,2026-09-21T20:03:36.846Z
ndq,3-alnum,3,taken,2026-09-21T20:03:36.846Z
d92,3-alnum,3,taken,2026-09-21T20:03:36.846Z
hv5,3-alnum,3,taken,2026-09-21T20:03:36.846Z
8hv,3-alnum,3,taken,2026-09-21T20:03:36.846Z
ajg,3-alnum,3,taken,2026-09-21T20:03:36.846Z
auf,3-alnum,3,taken,2026-09-21T20:03:36.846Z
lyz,3-alnum,3,taken,2026-09-21T20:03:36.846Z
029,3-alnum,3,taken,2026-09-21T20:03:36.846Z
txb,3-alnum,3,taken,2026-09-21T20:03:36.846Z
8hi,3-alnum,3,taken,2026-09-21T20:03:36.846Z
e5k,3-alnum,3,taken,2026-09-21T20:03:36.846Z
vew,3-alnum,3,taken,2026-09-21T20:03:36.846Z
k40,3-alnum,3,taken,2026-09-21T20:03:36.846Z
7y4,3-alnum,3,taken,2026-09-21T20:03:36.846Z
pe7,3-alnum,3,taken,2026-09-21T20:03:36.846Z
fme,3-alnum,3,taken,2026-09-21T20:03:36.846Z
cnj,3-alnum,3,taken,2026-09-21T20:03:36.846Z
9z4,3-alnum,3,taken,2026-09-21T20:03:36.846Z
kg2,3-alnum,3,taken,2026-09-21T20:03:36.846Z
2zb,3-alnum,3,taken,2026-09-21T20:03:36.846Z
etn,3-alnum,3,taken,2026-09-21T20:03:36.846Z
pjj,3-alnum,3,taken,2026-09-21T20:03:36.846Z
nvtbs,5-letters,5,taken,2026-09-21T20:03:36.846Z
sakau,5-letters,5,taken,2026-09-21T20:03:36.846Z
esfdn,5-letters,5,taken,2026-09-21T20:03:36.846Z
lkzgt,5-letters,5,taken,2026-09-21T20:03:36.846Z
uhsbp,5-letters,5,taken,2026-09-21T20:03:36.846Z
eecdh,5-letters,5,taken,2026-09-21T20:03:36.846Z
swnmu,5-letters,5,taken,2026-09-21T20:03:36.846Z
ujjmp,5-letters,5,taken,2026-09-21T20:03:36.846Z
rxcpz,5-letters,5,taken,2026-09-21T20:03:36.846Z
vmcpi,5-letters,5,taken,2026-09-21T20:03:36.846Z
bkvfk,5-letters,5,taken,2026-09-21T20:03:36.846Z
rpyoz,5-letters,5,taken,2026-09-21T20:03:36.846Z
astjf,5-letters,5,taken,2026-09-21T20:03:36.846Z
hfpjj,5-letters,5,taken,2026-09-21T20:03:36.846Z
sucpx,5-letters,5,taken,2026-09-21T20:03:36.846Z
emrkk,5-letters,5,taken,2026-09-21T20:03:36.846Z
slsge,5-letters,5,taken,2026-09-21T20:03:36.846Z
szrxn,5-letters,5,taken,2026-09-21T20:03:36.846Z
svyhd,5-letters,5,taken,2026-09-21T20:03:36.846Z
yrpmi,5-letters,5,taken,2026-09-21T20:03:36.846Z
wzcda,5-letters,5,taken,2026-09-21T20:03:36.846Z
hmveb,5-letters,5,taken,2026-09-21T20:03:36.846Z
bidtc,5-letters,5,taken,2026-09-21T20:03:36.846Z
tsncq,5-letters,5,taken,2026-09-21T20:03:36.846Z
ejukq,5-letters,5,taken,2026-09-21T20:03:36.846Z
lbzio,5-letters,5,taken,2026-09-21T20:03:36.846Z
zblaa,5-letters,5,taken,2026-09-21T20:03:36.846Z
yqfey,5-letters,5,taken,2026-09-21T20:03:36.846Z
inlam,5-letters,5,taken,2026-09-21T20:03:36.846Z
ykdjd,5-letters,5,taken,2026-09-21T20:03:36.846Z
bcjat,5-letters,5,taken,2026-09-21T20:03:36.846Z
nzexf,5-letters,5,taken,2026-09-21T20:03:36.846Z
smioq,5-letters,5,taken,2026-09-21T20:03:36.846Z
pugci,5-letters,5,taken,2026-09-21T20:03:36.846Z
eqvrk,5-letters,5,taken,2026-09-21T20:03:36.846Z
dahvy,5-letters,5,taken,2026-09-21T20:03:36.846Z
zetul,5-letters,5,taken,2026-09-21T20:03:36.846Z
leswz,5-letters,5,taken,2026-09-21T20:03:36.846Z
feeju,5-letters,5,taken,2026-09-21T20:03:36.846Z
gzbax,5-letters,5,taken,2026-09-21T20:03:36.846Z
epdic,5-letters,5,taken,2026-09-21T20:03:36.846Z
jtwep,5-letters,5,taken,2026-09-21T20:03:36.846Z
iuvha,5-letters,5,taken,2026-09-21T20:03:36.846Z
zmsih,5-letters,5,taken,2026-09-21T20:03:36.846Z
uequz,5-letters,5,taken,2026-09-21T20:03:36.846Z
mbuhy,5-letters,5,taken,2026-09-21T20:03:36.846Z
noucw,5-letters,5,taken,2026-09-21T20:03:36.846Z
tgonq,5-letters,5,taken,2026-09-21T20:03:36.846Z
bkpgn,5-letters,5,taken,2026-09-21T20:03:36.846Z
cdhls,5-letters,5,taken,2026-09-21T20:03:36.846Z
dqziv,5-letters,5,taken,2026-09-21T20:03:36.846Z
oqexj,5-letters,5,taken,2026-09-21T20:03:36.846Z
aoqil,5-letters,5,taken,2026-09-21T20:03:36.846Z
fezll,5-letters,5,taken,2026-09-21T20:03:36.846Z
izzjg,5-letters,5,taken,2026-09-21T20:03:36.846Z
mmspc,5-letters,5,taken,2026-09-21T20:03:36.846Z
ankvc,5-letters,5,taken,2026-09-21T20:03:36.846Z
mrmad,5-letters,5,taken,2026-09-21T20:03:36.846Z
bfgfw,5-letters,5,taken,2026-09-21T20:03:36.846Z
qbfum,5-letters,5,taken,2026-09-21T20:03:36.846Z
puefv,5-letters,5,taken,2026-09-21T20:03:36.846Z
iqpbi,5-letters,5,taken,2026-09-21T20:03:36.846Z
snnns,5-letters,5,taken,2026-09-21T20:03:36.846Z
ocwze,5-letters,5,taken,2026-09-21T20:03:36.846Z
jdcpw,5-letters,5,taken,2026-09-21T20:04:07.374Z
jjfzz,5-letters,5,taken,2026-09-21T20:04:07.374Z
quhjv,5-letters,5,taken,2026-09-21T20:04:07.374Z
yznzv,5-letters,5,taken,2026-09-21T20:04:07.374Z
lmrob,5-letters,5,taken,2026-09-21T20:04:07.374Z
ubstz,5-letters,5,taken,2026-09-21T20:04:07.374Z
levpg,5-letters,5,taken,2026-09-21T20:04:07.374Z
zysds,5-letters,5,taken,2026-09-21T20:04:07.374Z
oswxi,5-letters,5,taken,2026-09-21T20:04:07.374Z
zpsci,5-letters,5,taken,2026-09-21T20:04:07.374Z
xfywi,5-letters,5,taken,2026-09-21T20:04:07.374Z
icbeh,5-letters,5,taken,2026-09-21T20:04:07.374Z
sqovd,5-letters,5,taken,2026-09-21T20:04:07.374Z
nzpxp,5-letters,5,taken,2026-09-21T20:04:07.374Z
ndszo,5-letters,5,taken,2026-09-21T20:04:07.374Z
cjzoh,5-letters,5,taken,2026-09-21T20:04:07.374Z
uiolz,5-letters,5,taken,2026-09-21T20:04:07.374Z
onzcx,5-letters,5,taken,2026-09-21T20:04:07.374Z
lagfc,5-letters,5,taken,2026-09-21T20:04:07.374Z
vwmzq,5-letters,5,taken,2026-09-21T20:04:07.374Z
xeyby,5-letters,5,taken,2026-09-21T20:04:07.374Z
icxdu,5-letters,5,taken,2026-09-21T20:04:07.374Z
ooxqo,5-letters,5,taken,2026-09-21T20:04:07.374Z
dbklk,5-letters,5,taken,2026-09-21T20:04:07.374Z
yiout,5-letters,5,taken,2026-09-21T20:04:07.374Z
evssk,5-letters,5,taken,2026-09-21T20:04:07.374Z
ejtnv,5-letters,5,taken,2026-09-21T20:04:07.374Z
rgkaq,5-letters,5,taken,2026-09-21T20:04:07.374Z
ifvnh,5-letters,5,taken,2026-09-21T20:04:07.374Z
pmrth,5-letters,5,taken,2026-09-21T20:04:07.374Z
kulum,5-letters,5,taken,2026-09-21T20:04:07.374Z
njvpj,5-letters,5,taken,2026-09-21T20:04:07.374Z
twljl,5-letters,5,taken,2026-09-21T20:04:07.374Z
rngrj,5-letters,5,taken,2026-09-21T20:04:07.374Z
mzcxp,5-letters,5,taken,2026-09-21T20:04:07.374Z
oxjdd,5-letters,5,taken,2026-09-21T20:04:07.374Z
hwjgy,5-letters,5,taken,2026-09-21T20:04:07.374Z
qyacx,5-letters,5,taken,2026-09-21T20:04:07.374Z
viscx,5-letters,5,taken,2026-09-21T20:04:07.374Z
fswjv,5-letters,5,taken,2026-09-21T20:04:07.374Z
eqdcy,5-letters,5,taken,2026-09-21T20:04:07.374Z
zlosg,5-letters,5,taken,2026-09-21T20:04:07.374Z
vkvmt,5-letters,5,taken,2026-09-21T20:04:07.374Z
bkxjz,5-letters,5,taken,2026-09-21T20:04:07.374Z
dnzeu,5-letters,5,taken,2026-09-21T20:04:07.374Z
zksqe,5-letters,5,taken,2026-09-21T20:04:07.374Z
rfcoy,5-letters,5,taken,2026-09-21T20:04:07.374Z
ysrvr,5-letters,5,taken,2026-09-21T20:04:07.374Z
vsqgg,5-letters,5,taken,2026-09-21T20:04:07.374Z
ejgum,5-letters,5,taken,2026-09-21T20:04:07.374Z
bqsea,5-letters,5,taken,2026-09-21T20:04:07.374Z
wttty,5-letters,5,taken,2026-09-21T20:04:07.374Z
arlsh,5-letters,5,taken,2026-09-21T20:04:07.374Z
skrxj,5-letters,5,taken,2026-09-21T20:04:07.374Z
siqhp,5-letters,5,taken,2026-09-21T20:04:07.374Z
ayqpe,5-letters,5,taken,2026-09-21T20:04:07.374Z
nabfx,5-letters,5,taken,2026-09-21T20:04:07.374Z
fmiru,5-letters,5,taken,2026-09-21T20:04:07.374Z
zzxlh,5-letters,5,taken,2026-09-21T20:04:07.374Z
kwqum,5-letters,5,taken,2026-09-21T20:04:07.374Z
qalyb,5-letters,5,taken,2026-09-21T20:04:07.374Z
pzcjk,5-letters,5,taken,2026-09-21T20:04:07.374Z
qlyki,5-letters,5,taken,2026-09-21T20:04:07.374Z
iqaey,5-letters,5,taken,2026-09-21T20:04:07.374Z
txgfu,5-letters,5,taken,2026-09-21T20:04:07.374Z
lsshm,5-letters,5,taken,2026-09-21T20:04:07.374Z
emuuu,5-letters,5,taken,2026-09-21T20:04:07.374Z
rirtz,5-letters,5,taken,2026-09-21T20:04:07.374Z
yewme,5-letters,5,taken,2026-09-21T20:04:07.374Z
zdsxs,5-letters,5,taken,2026-09-21T20:04:07.374Z
bffet,5-letters,5,taken,2026-09-21T20:04:07.374Z
ttaor,5-letters,5,taken,2026-09-21T20:04:07.374Z
gozyi,5-letters,5,taken,2026-09-21T20:04:07.374Z
cshne,5-letters,5,taken,2026-09-21T20:04:07.374Z
ixjzk,5-letters,5,taken,2026-09-21T20:04:07.374Z
pbban,5-letters,5,taken,2026-09-21T20:04:07.374Z
rjscj,5-letters,5,taken,2026-09-21T20:04:07.374Z
jzegm,5-letters,5,taken,2026-09-21T20:04:07.374Z
gbkeo,5-letters,5,taken,2026-09-21T20:04:07.374Z
rouam,5-letters,5,taken,2026-09-21T20:04:07.374Z
ibwku,5-letters,5,taken,2026-09-21T20:04:07.374Z
gdavr,5-letters,5,taken,2026-09-21T20:04:07.374Z
ssrjw,5-letters,5,taken,2026-09-21T20:04:07.374Z
tiinu,5-letters,5,taken,2026-09-21T20:04:07.374Z
lmfso,5-letters,5,taken,2026-09-21T20:04:07.374Z
ilrff,5-letters,5,taken,2026-09-21T20:04:07.374Z
loqha,5-letters,5,taken,2026-09-21T20:04:07.374Z
qlmfd,5-letters,5,taken,2026-09-21T20:04:07.374Z
anihi,5-letters,5,taken,2026-09-21T20:04:07.374Z
hagmo,5-letters,5,taken,2026-09-21T20:04:07.374Z
stnlg,5-letters,5,taken,2026-09-21T20:04:07.374Z
ohjos,5-letters,5,taken,2026-09-21T20:04:07.374Z
ltbhc,5-letters,5,taken,2026-09-21T20:04:07.374Z
zcjpo,5-letters,5,taken,2026-09-21T20:04:07.374Z
hxnmf,5-letters,5,taken,2026-09-21T20:04:07.374Z
gvcna,5-letters,5,taken,2026-09-21T20:04:07.374Z
twhjg,5-letters,5,taken,2026-09-21T20:04:07.374Z
nrdbe,5-letters,5,taken,2026-09-21T20:04:07.374Z
euyao,5-letters,5,taken,2026-09-21T20:04:07.374Z
scqqh,5-letters,5,taken,2026-09-21T20:04:07.374Z
uwwcx,5-letters,5,taken,2026-09-21T20:04:37.925Z
syfsg,5-letters,5,taken,2026-09-21T20:04:37.925Z
jeeff,5-letters,5,taken,2026-09-21T20:04:37.925Z
granu,5-letters,5,taken,2026-09-21T20:04:37.925Z
jneit,5-letters,5,taken,2026-09-21T20:04:37.925Z
sgbhv,5-letters,5,taken,2026-09-21T20:04:37.925Z
uaiil,5-letters,5,taken,2026-09-21T20:04:37.925Z
pdkly,5-letters,5,taken,2026-09-21T20:04:37.925Z
yzgdz,5-letters,5,taken,2026-09-21T20:04:37.925Z
wmtya,5-letters,5,taken,2026-09-21T20:04:37.925Z
crdgj,5-letters,5,taken,2026-09-21T20:04:37.925Z
nsdcm,5-letters,5,taken,2026-09-21T20:04:37.925Z
wbril,5-letters,5,taken,2026-09-21T20:04:37.925Z
zqbyp,5-letters,5,taken,2026-09-21T20:04:37.925Z
ybfgd,5-letters,5,taken,2026-09-21T20:04:37.925Z
nvmka,5-letters,5,taken,2026-09-21T20:04:37.925Z
nfipn,5-letters,5,taken,2026-09-21T20:04:37.925Z
lgqoo,5-letters,5,taken,2026-09-21T20:04:37.925Z
hhfam,5-letters,5,taken,2026-09-21T20:04:37.925Z
qtvcx,5-letters,5,taken,2026-09-21T20:04:37.925Z
nzupp,5-letters,5,taken,2026-09-21T20:04:37.925Z
mxpsg,5-letters,5,taken,2026-09-21T20:04:37.925Z
pkuhk,5-letters,5,taken,2026-09-21T20:04:37.925Z
mtpfa,5-letters,5,taken,2026-09-21T20:04:37.925Z
szhzl,5-letters,5,taken,2026-09-21T20:04:37.925Z
xslzz,5-letters,5,taken,2026-09-21T20:04:37.925Z
qhqfc,5-letters,5,taken,2026-09-21T20:04:37.925Z
wqung,5-letters,5,taken,2026-09-21T20:04:37.925Z
tdbfn,5-letters,5,taken,2026-09-21T20:04:37.925Z
ymong,5-letters,5,taken,2026-09-21T20:04:37.925Z
fgmkt,5-letters,5,taken,2026-09-21T20:04:37.925Z
shclg,5-letters,5,taken,2026-09-21T20:04:37.925Z
qaxbh,5-letters,5,taken,2026-09-21T20:04:37.925Z
kzskl,5-letters,5,taken,2026-09-21T20:04:37.925Z
xszjf,5-letters,5,taken,2026-09-21T20:04:37.925Z
oenat,5-letters,5,taken,2026-09-21T20:04:37.925Z
afdaz,5-letters,5,taken,2026-09-21T20:04:37.925Z
bkoob,5-letters,5,taken,2026-09-21T20:04:37.925Z
xsnfy,5-letters,5,taken,2026-09-21T20:04:37.925Z
qtrdr,5-letters,5,taken,2026-09-21T20:04:37.925Z
pbbtm,5-letters,5,taken,2026-09-21T20:04:37.925Z
uvwwy,5-letters,5,taken,2026-09-21T20:04:37.925Z
yphhj,5-letters,5,taken,2026-09-21T20:04:37.925Z
jrewj,5-letters,5,taken,2026-09-21T20:04:37.925Z
kqpbk,5-letters,5,taken,2026-09-21T20:04:37.925Z
rbpuw,5-letters,5,taken,2026-09-21T20:04:37.925Z
jjubh,5-letters,5,taken,2026-09-21T20:04:37.925Z
xqcux,5-letters,5,taken,2026-09-21T20:04:37.925Z
yqlkv,5-letters,5,taken,2026-09-21T20:04:37.925Z
naund,5-letters,5,taken,2026-09-21T20:04:37.925Z
jwjou,5-letters,5,taken,2026-09-21T20:04:37.925Z
krluz,5-letters,5,taken,2026-09-21T20:04:37.925Z
fcyee,5-letters,5,taken,2026-09-21T20:04:37.925Z
qcrxv,5-letters,5,taken,2026-09-21T20:04:37.925Z
,5-letters,5,blocked,2026-09-21T20:39:37.126Z
bwdit,5-letters,5,taken,2026-09-21T20:04:37.925Z
thoek,5-letters,5,taken,2026-09-21T20:04:37.925Z
lcvjz,5-letters,5,taken,2026-09-21T20:04:37.925Z
nmwdz,5-letters,5,taken,2026-09-21T20:04:37.925Z
yqdck,5-letters,5,taken,2026-09-21T20:04:37.925Z
sdsup,5-letters,5,taken,2026-09-21T20:04:37.925Z
ndwko,5-letters,5,taken,2026-09-21T20:04:37.925Z
kqpxm,5-letters,5,taken,2026-09-21T20:04:37.925Z
hgvsp,5-letters,5,taken,2026-09-21T20:04:37.925Z
hwtgf,5-letters,5,taken,2026-09-21T20:04:37.925Z
micaj,5-letters,5,taken,2026-09-21T20:04:37.925Z
usbri,5-letters,5,taken,2026-09-21T20:04:37.925Z
jceoj,5-letters,5,taken,2026-09-21T20:04:37.925Z
vrlrv,5-letters,5,taken,2026-09-21T20:04:37.925Z
fxhbi,5-letters,5,taken,2026-09-21T20:04:37.925Z
xswbj,5-letters,5,taken,2026-09-21T20:04:37.925Z
kqdqd,5-letters,5,taken,2026-09-21T20:04:37.925Z
odnud,5-letters,5,taken,2026-09-21T20:04:37.925Z
oqtux,5-letters,5,taken,2026-09-21T20:04:37.925Z
kfuru,5-letters,5,taken,2026-09-21T20:04:37.925Z
xddoj,5-letters,5,taken,2026-09-21T20:04:37.925Z
brjyk,5-letters,5,taken,2026-09-21T20:04:37.925Z
hqlwj,5-letters,5,taken,2026-09-21T20:04:37.925Z
hvifg,5-letters,5,taken,2026-09-21T20:04:37.925Z
gldzu,5-letters,5,taken,2026-09-21T20:04:37.925Z
kiyuc,5-letters,5,taken,2026-09-21T20:04:37.925Z
xevte,5-letters,5,taken,2026-09-21T20:04:37.925Z
grmlb,5-letters,5,taken,2026-09-21T20:04:37.925Z
irqwf,5-letters,5,taken,2026-09-21T20:04:37.925Z
mnqhl,5-letters,5,taken,2026-09-21T20:04:37.925Z
oqcgo,5-letters,5,taken,2026-09-21T20:04:37.925Z
dvaob,5-letters,5,taken,2026-09-21T20:04:37.925Z
qtwpa,5-letters,5,taken,2026-09-21T20:04:37.925Z
mhwqt,5-letters,5,taken,2026-09-21T20:04:37.925Z
psojt,5-letters,5,taken,2026-09-21T20:04:37.925Z
xsovm,5-letters,5,taken,2026-09-21T20:04:37.925Z
phlhz,5-letters,5,taken,2026-09-21T20:04:37.925Z
ykwpy,5-letters,5,taken,2026-09-21T20:04:37.925Z
wawka,5-letters,5,taken,2026-09-21T20:04:37.925Z
rlhgq,5-letters,5,taken,2026-09-21T20:04:37.925Z
uaxbs,5-letters,5,taken,2026-09-21T20:04:37.925Z
igrfj,5-letters,5,taken,2026-09-21T20:04:37.925Z
wdbss,5-letters,5,taken,2026-09-21T20:04:37.925Z
lmrpp,5-letters,5,taken,2026-09-21T20:04:37.925Z
tksmp,5-letters,5,taken,2026-09-21T20:04:37.925Z
kkkdf,5-letters,5,taken,2026-09-21T20:05:09.183Z
dlefy,5-letters,5,taken,2026-09-21T20:05:09.183Z
gslvr,5-letters,5,taken,2026-09-21T20:05:09.183Z
gibnz,5-letters,5,taken,2026-09-21T20:05:09.183Z
dkcrq,5-letters,5,taken,2026-09-21T20:05:09.183Z
ulwzz,5-letters,5,taken,2026-09-21T20:05:09.183Z
yduyd,5-letters,5,taken,2026-09-21T20:05:09.183Z
xruwx,5-letters,5,taken,2026-09-21T20:05:09.183Z
zljtd,5-letters,5,taken,2026-09-21T20:05:09.183Z
wehin,5-letters,5,taken,2026-09-21T20:05:09.183Z
jsaqs,5-letters,5,taken,2026-09-21T20:05:09.183Z
zsunl,5-letters,5,taken,2026-09-21T20:05:09.183Z
vrfcw,5-letters,5,taken,2026-09-21T20:05:09.183Z
ywhur,5-letters,5,taken,2026-09-21T20:05:09.183Z
fkija,5-letters,5,taken,2026-09-21T20:05:09.183Z
lsbae,5-letters,5,taken,2026-09-21T20:05:09.183Z
bcynh,5-letters,5,taken,2026-09-21T20:05:09.183Z
jmaqw,5-letters,5,taken,2026-09-21T20:05:09.183Z
nqxzf,5-letters,5,taken,2026-09-21T20:05:09.183Z
fvykk,5-letters,5,taken,2026-09-21T20:05:09.183Z
egevz,5-letters,5,taken,2026-09-21T20:05:09.183Z
dawit,5-letters,5,taken,2026-09-21T20:05:09.183Z
iwwjc,5-letters,5,taken,2026-09-21T20:05:09.183Z
ehlbi,5-letters,5,taken,2026-09-21T20:05:09.183Z
yndzk,5-letters,5,taken,2026-09-21T20:05:09.183Z
gynbw,5-letters,5,taken,2026-09-21T20:05:09.183Z
flmfa,5-letters,5,taken,2026-09-21T20:05:09.183Z
udmod,5-letters,5,taken,2026-09-21T20:05:09.183Z
qxaic,5-letters,5,taken,2026-09-21T20:05:09.183Z
rppjg,5-letters,5,taken,2026-09-21T20:05:09.183Z
zncuo,5-letters,5,taken,2026-09-21T20:05:09.183Z
eqkrr,5-letters,5,taken,2026-09-21T20:05:09.183Z
vfgxv,5-letters,5,taken,2026-09-21T20:05:09.183Z
otlaz,5-letters,5,taken,2026-09-21T20:05:09.183Z
ducov,5-letters,5,taken,2026-09-21T20:05:09.183Z
keosh,5-letters,5,taken,2026-09-21T20:05:09.183Z
lnmbl,5-letters,5,taken,2026-09-21T20:05:09.183Z
yqxll,5-letters,5,taken,2026-09-21T20:05:09.183Z
iymks,5-letters,5,taken,2026-09-21T20:05:09.183Z
flxfl,5-letters,5,taken,2026-09-21T20:05:09.183Z
wcvix,5-letters,5,taken,2026-09-21T20:05:09.183Z
totcf,5-letters,5,taken,2026-09-21T20:05:09.183Z
fyxwh,5-letters,5,taken,2026-09-21T20:05:09.183Z
nusxo,5-letters,5,taken,2026-09-21T20:05:09.183Z
zbzon,5-letters,5,taken,2026-09-21T20:05:09.183Z
lltyx,5-letters,5,taken,2026-09-21T20:05:09.183Z
hvuvu,5-letters,5,taken,2026-09-21T20:05:09.183Z
eivgj,5-letters,5,taken,2026-09-21T20:05:09.183Z
qfixz,5-letters,5,taken,2026-09-21T20:05:09.183Z
aeigl,5-letters,5,taken,2026-09-21T20:05:09.183Z
rhycx,5-letters,5,taken,2026-09-21T20:05:09.183Z
spinb,5-letters,5,taken,2026-09-21T20:05:09.183Z
rrlhw,5-letters,5,taken,2026-09-21T20:05:09.183Z
jptjf,5-letters,5,taken,2026-09-21T20:05:09.183Z
exafu,5-letters,5,taken,2026-09-21T20:05:09.183Z
htbvw,5-letters,5,taken,2026-09-21T20:05:09.183Z
zuxjy,5-letters,5,taken,2026-09-21T20:05:09.183Z
xnhbq,5-letters,5,taken,2026-09-21T20:05:09.183Z
zrbmc,5-letters,5,taken,2026-09-21T20:05:09.183Z
diwnw,5-letters,5,taken,2026-09-21T20:05:09.183Z
jsvkz,5-letters,5,taken,2026-09-21T20:05:09.183Z
wlcbp,5-letters,5,taken,2026-09-21T20:05:09.183Z
zzxan,5-letters,5,taken,2026-09-21T20:05:09.183Z
xcyip,5-letters,5,taken,2026-09-21T20:05:09.183Z
arsvh,5-letters,5,taken,2026-09-21T20:05:09.183Z
wyrfy,5-letters,5,taken,2026-09-21T20:05:09.183Z
erkox,5-letters,5,taken,2026-09-21T20:05:09.183Z
vgqzg,5-letters,5,taken,2026-09-21T20:05:09.183Z
wmxqq,5-letters,5,taken,2026-09-21T20:05:09.183Z
ilsqp,5-letters,5,taken,2026-09-21T20:05:09.183Z
nvoil,5-letters,5,taken,2026-09-21T20:05:09.183Z
pjdtb,5-letters,5,taken,2026-09-21T20:05:09.183Z
ipphj,5-letters,5,taken,2026-09-21T20:05:09.183Z
wgoed,5-letters,5,taken,2026-09-21T20:05:09.183Z
pzfkf,5-letters,5,taken,2026-09-21T20:05:09.183Z
gsvem,5-letters,5,taken,2026-09-21T20:05:09.183Z
szsqh,5-letters,5,taken,2026-09-21T20:05:09.183Z
wrnfj,5-letters,5,taken,2026-09-21T20:05:09.183Z
kymit,5-letters,5,taken,2026-09-21T20:05:09.183Z
lvxlz,5-letters,5,taken,2026-09-21T20:05:09.183Z
uxxos,5-letters,5,taken,2026-09-21T20:05:09.183Z
wmptr,5-letters,5,taken,2026-09-21T20:05:09.183Z
cvwlx,5-letters,5,taken,2026-09-21T20:05:09.183Z
mhtfp,5-letters,5,taken,2026-09-21T20:05:09.183Z
cugbw,5-letters,5,taken,2026-09-21T20:05:09.183Z
bkfnc,5-letters,5,taken,2026-09-21T20:05:09.183Z
hxnoo,5-letters,5,taken,2026-09-21T20:05:09.183Z
qqhol,5-letters,5,taken,2026-09-21T20:05:09.183Z
ftwaq,5-letters,5,taken,2026-09-21T20:05:09.183Z
phqhc,5-letters,5,taken,2026-09-21T20:05:09.183Z
xszwd,5-letters,5,taken,2026-09-21T20:05:09.183Z
fwkxc,5-letters,5,taken,2026-09-21T20:05:09.183Z
lzgqz,5-letters,5,taken,2026-09-21T20:05:09.183Z
nqczr,5-letters,5,taken,2026-09-21T20:05:09.183Z
gvkqt,5-letters,5,taken,2026-09-21T20:05:09.183Z
jhjcu,5-letters,5,taken,2026-09-21T20:05:09.183Z
nftkm,5-letters,5,taken,2026-09-21T20:05:09.183Z
tclrq,5-letters,5,taken,2026-09-21T20:05:09.183Z
ufzev,5-letters,5,taken,2026-09-21T20:05:09.183Z
bpucg,5-letters,5,taken,2026-09-21T20:05:09.183Z
mfurc,5-letters,5,taken,2026-09-21T20:05:39.709Z
lcahq,5-letters,5,taken,2026-09-21T20:05:39.709Z
ktffy,5-letters,5,taken,2026-09-21T20:05:39.709Z
lupbd,5-letters,5,taken,2026-09-21T20:05:39.709Z
tffpa,5-letters,5,taken,2026-09-21T20:05:39.709Z
fzlkd,5-letters,5,taken,2026-09-21T20:05:39.709Z
eiyoh,5-letters,5,taken,2026-09-21T20:05:39.709Z
grhzg,5-letters,5,taken,2026-09-21T20:05:39.709Z
fnxpy,5-letters,5,taken,2026-09-21T20:05:39.709Z
enruc,5-letters,5,taken,2026-09-21T20:05:39.709Z
gyljk,5-letters,5,taken,2026-09-21T20:05:39.709Z
epkih,5-letters,5,taken,2026-09-21T20:05:39.709Z
mrmfe,5-letters,5,taken,2026-09-21T20:05:39.709Z
ohzcg,5-letters,5,taken,2026-09-21T20:05:39.709Z
kwseg,5-letters,5,taken,2026-09-21T20:05:39.709Z
rpbja,5-letters,5,taken,2026-09-21T20:05:39.709Z
qkdbe,5-letters,5,taken,2026-09-21T20:05:39.709Z
uoqby,5-letters,5,taken,2026-09-21T20:05:39.709Z
dmzub,5-letters,5,taken,2026-09-21T20:05:39.709Z
pfcaw,5-letters,5,taken,2026-09-21T20:05:39.709Z
pbtop,5-letters,5,taken,2026-09-21T20:05:39.709Z
kfuot,5-letters,5,taken,2026-09-21T20:05:39.709Z
delav,5-letters,5,taken,2026-09-21T20:05:39.709Z
hjrpe,5-letters,5,taken,2026-09-21T20:05:39.709Z
kwcoa,5-letters,5,taken,2026-09-21T20:05:39.709Z
tspfc,5-letters,5,taken,2026-09-21T20:05:39.709Z
rnkfn,5-letters,5,taken,2026-09-21T20:05:39.709Z
nacjs,5-letters,5,taken,2026-09-21T20:05:39.709Z
epkgz,5-letters,5,taken,2026-09-21T20:05:39.709Z
huynv,5-letters,5,taken,2026-09-21T20:05:39.709Z
sxkst,5-letters,5,taken,2026-09-21T20:05:39.709Z
vboas,5-letters,5,taken,2026-09-21T20:05:39.709Z
ubynd,5-letters,5,taken,2026-09-21T20:05:39.709Z
cvgec,5-letters,5,taken,2026-09-21T20:05:39.709Z
sdekm,5-letters,5,taken,2026-09-21T20:05:39.709Z
uadkd,5-letters,5,taken,2026-09-21T20:05:39.709Z
precm,5-letters,5,taken,2026-09-21T20:05:39.709Z
rsghl,5-letters,5,taken,2026-09-21T20:05:39.709Z
wfmkt,5-letters,5,taken,2026-09-21T20:05:39.709Z
djtzj,5-letters,5,taken,2026-09-21T20:05:39.709Z
udonf,5-letters,5,taken,2026-09-21T20:05:39.709Z
jlcbn,5-letters,5,taken,2026-09-21T20:05:39.709Z
ztbsh,5-letters,5,taken,2026-09-21T20:05:39.709Z
kgegb,5-letters,5,taken,2026-09-21T20:05:39.709Z
ixvgj,5-letters,5,taken,2026-09-21T20:05:39.709Z
mzalm,5-letters,5,taken,2026-09-21T20:05:39.709Z
pijzj,5-letters,5,taken,2026-09-21T20:05:39.709Z
wggbp,5-letters,5,taken,2026-09-21T20:05:39.709Z
fhnsk,5-letters,5,taken,2026-09-21T20:05:39.709Z
bokrk,5-letters,5,taken,2026-09-21T20:05:39.709Z
yciey,5-letters,5,taken,2026-09-21T20:05:39.709Z
klgzl,5-letters,5,taken,2026-09-21T20:05:39.709Z
gzuvn,5-letters,5,taken,2026-09-21T20:05:39.709Z
eeowu,5-letters,5,taken,2026-09-21T20:05:39.709Z
nksbr,5-letters,5,taken,2026-09-21T20:05:39.709Z
xujxd,5-letters,5,taken,2026-09-21T20:05:39.709Z
guuab,5-letters,5,taken,2026-09-21T20:05:39.709Z
yvpzx,5-letters,5,taken,2026-09-21T20:05:39.709Z
navcm,5-letters,5,taken,2026-09-21T20:05:39.709Z
qcoue,5-letters,5,taken,2026-09-21T20:05:39.709Z
uylli,5-letters,5,taken,2026-09-21T20:05:39.709Z
edpig,5-letters,5,taken,2026-09-21T20:05:39.709Z
ngxvc,5-letters,5,taken,2026-09-21T20:05:39.709Z
mhqju,5-letters,5,taken,2026-09-21T20:05:39.709Z
pagbb,5-letters,5,taken,2026-09-21T20:05:39.709Z
dyznq,5-letters,5,taken,2026-09-21T20:05:39.709Z
ptbzj,5-letters,5,taken,2026-09-21T20:05:39.709Z
hyrcd,5-letters,5,taken,2026-09-21T20:05:39.709Z
byxxz,5-letters,5,taken,2026-09-21T20:05:39.709Z
llnmp,5-letters,5,taken,2026-09-21T20:05:39.709Z
itbzc,5-letters,5,taken,2026-09-21T20:05:39.709Z
yzvct,5-letters,5,taken,2026-09-21T20:05:39.709Z
kiozl,5-letters,5,taken,2026-09-21T20:05:39.709Z
mftii,5-letters,5,taken,2026-09-21T20:05:39.709Z
yvmmm,5-letters,5,taken,2026-09-21T20:05:39.709Z
jibfq,5-letters,5,taken,2026-09-21T20:05:39.709Z
ychyn,5-letters,5,taken,2026-09-21T20:05:39.709Z
djzdm,5-letters,5,taken,2026-09-21T20:05:39.709Z
btksw,5-letters,5,taken,2026-09-21T20:05:39.709Z
ssxzf,5-letters,5,taken,2026-09-21T20:05:39.709Z
qtrfr,5-letters,5,taken,2026-09-21T20:05:39.709Z
wvris,5-letters,5,taken,2026-09-21T20:05:39.709Z
skqkg,5-letters,5,taken,2026-09-21T20:05:39.709Z
xecte,5-letters,5,taken,2026-09-21T20:05:39.709Z
jpcqn,5-letters,5,taken,2026-09-21T20:05:39.709Z
lzibo,5-letters,5,taken,2026-09-21T20:05:39.709Z
gclzn,5-letters,5,taken,2026-09-21T20:05:39.709Z
gqizb,5-letters,5,taken,2026-09-21T20:05:39.709Z
kgszn,5-letters,5,taken,2026-09-21T20:05:39.709Z
wjmso,5-letters,5,taken,2026-09-21T20:05:39.709Z
nqmvw,5-letters,5,taken,2026-09-21T20:05:39.709Z
ybdyw,5-letters,5,taken,2026-09-21T20:05:39.709Z
mqwnn,5-letters,5,taken,2026-09-21T20:05:39.709Z
ylxhn,5-letters,5,taken,2026-09-21T20:05:39.709Z
ttjoe,5-letters,5,taken,2026-09-21T20:05:39.709Z
vbhnc,5-letters,5,taken,2026-09-21T20:05:39.709Z
uqrpj,5-letters,5,taken,2026-09-21T20:05:39.709Z
txbsj,5-letters,5,taken,2026-09-21T20:05:39.709Z
mwank,5-letters,5,taken,2026-09-21T20:05:39.709Z
rzsvf,5-letters,5,taken,2026-09-21T20:05:39.709Z
piubw,5-letters,5,taken,2026-09-21T20:06:10.254Z
hpmsz,5-letters,5,taken,2026-09-21T20:06:10.254Z
oxwpn,5-letters,5,taken,2026-09-21T20:06:10.254Z
okhzr,5-letters,5,taken,2026-09-21T20:06:10.254Z
ptqtm,5-letters,5,taken,2026-09-21T20:06:10.254Z
zdtad,5-letters,5,taken,2026-09-21T20:06:10.254Z
htraq,5-letters,5,taken,2026-09-21T20:06:10.254Z
bqpvc,5-letters,5,taken,2026-09-21T20:06:10.254Z
qqurc,5-letters,5,taken,2026-09-21T20:06:10.254Z
wftyp,5-letters,5,taken,2026-09-21T20:06:10.254Z
hlzqr,5-letters,5,taken,2026-09-21T20:06:10.254Z
njzsk,5-letters,5,taken,2026-09-21T20:06:10.254Z
mzwpa,5-letters,5,taken,2026-09-21T20:06:10.254Z
ijjtr,5-letters,5,taken,2026-09-21T20:06:10.254Z
zdrgo,5-letters,5,taken,2026-09-21T20:06:10.254Z
aopid,5-letters,5,taken,2026-09-21T20:06:10.254Z
bsnyy,5-letters,5,taken,2026-09-21T20:06:10.254Z
zfsmx,5-letters,5,taken,2026-09-21T20:06:10.254Z
hdxyf,5-letters,5,taken,2026-09-21T20:06:10.254Z
lmagv,5-letters,5,taken,2026-09-21T20:06:10.254Z
wfowr,5-letters,5,taken,2026-09-21T20:06:10.254Z
wfjsx,5-letters,5,taken,2026-09-21T20:06:10.254Z
oucso,5-letters,5,taken,2026-09-21T20:06:10.254Z
rlmyf,5-letters,5,taken,2026-09-21T20:06:10.254Z
oxpak,5-letters,5,taken,2026-09-21T20:06:10.254Z
pnzvk,5-letters,5,taken,2026-09-21T20:06:10.254Z
bmvms,5-letters,5,taken,2026-09-21T20:06:10.254Z
uydtp,5-letters,5,taken,2026-09-21T20:06:10.254Z
efmsr,5-letters,5,taken,2026-09-21T20:06:10.254Z
qpabf,5-letters,5,taken,2026-09-21T20:06:10.254Z
vlknf,5-letters,5,taken,2026-09-21T20:06:10.254Z
sphmu,5-letters,5,taken,2026-09-21T20:06:10.254Z
akkex,5-letters,5,taken,2026-09-21T20:06:10.254Z
vuxoq,5-letters,5,taken,2026-09-21T20:06:10.254Z
mptrh,5-letters,5,taken,2026-09-21T20:06:10.254Z
dtasu,5-letters,5,taken,2026-09-21T20:06:10.254Z
eyjzr,5-letters,5,taken,2026-09-21T20:06:10.254Z
qsajj,5-letters,5,taken,2026-09-21T20:06:10.254Z
fyown,5-letters,5,taken,2026-09-21T20:06:10.254Z
nuecq,5-letters,5,taken,2026-09-21T20:06:10.254Z
fzssf,5-letters,5,taken,2026-09-21T20:06:10.254Z
vgrcj,5-letters,5,taken,2026-09-21T20:06:10.254Z
hcqkp,5-letters,5,taken,2026-09-21T20:06:10.254Z
bvhvq,5-letters,5,taken,2026-09-21T20:06:10.254Z
zbdkw,5-letters,5,taken,2026-09-21T20:06:10.254Z
qwccm,5-letters,5,taken,2026-09-21T20:06:10.254Z
kczhk,5-letters,5,taken,2026-09-21T20:06:10.254Z
pumso,5-letters,5,taken,2026-09-21T20:06:10.254Z
fhtad,5-letters,5,taken,2026-09-21T20:06:10.254Z
ffglo,5-letters,5,taken,2026-09-21T20:06:10.254Z
fbxiz,5-letters,5,taken,2026-09-21T20:06:10.254Z
hnvrx,5-letters,5,taken,2026-09-21T20:06:10.254Z
klvqw,5-letters,5,taken,2026-09-21T20:06:10.254Z
balpj,5-letters,5,taken,2026-09-21T20:06:10.254Z
qzvib,5-letters,5,taken,2026-09-21T20:06:10.254Z
qipeg,5-letters,5,taken,2026-09-21T20:06:10.254Z
qwcrk,5-letters,5,taken,2026-09-21T20:06:10.254Z
atxhn,5-letters,5,taken,2026-09-21T20:06:10.254Z
hrnbp,5-letters,5,taken,2026-09-21T20:06:10.254Z
hdtkt,5-letters,5,taken,2026-09-21T20:06:10.254Z
ecljg,5-letters,5,taken,2026-09-21T20:06:10.254Z
ejelc,5-letters,5,taken,2026-09-21T20:06:10.254Z
kgmbf,5-letters,5,taken,2026-09-21T20:06:10.254Z
gxpub,5-letters,5,taken,2026-09-21T20:06:10.254Z
cygcg,5-letters,5,taken,2026-09-21T20:06:10.254Z
gdjxe,5-letters,5,taken,2026-09-21T20:06:10.254Z
zymwq,5-letters,5,taken,2026-09-21T20:06:10.254Z
uaylq,5-letters,5,taken,2026-09-21T20:06:10.254Z
nfrie,5-letters,5,taken,2026-09-21T20:06:10.254Z
aslhj,5-letters,5,taken,2026-09-21T20:06:10.254Z
dnepe,5-letters,5,taken,2026-09-21T20:06:10.254Z
ipcdj,5-letters,5,taken,2026-09-21T20:06:10.254Z
,5-letters,5,blocked,2026-09-21T20:39:38.616Z
nasxs,5-letters,5,taken,2026-09-21T20:06:10.254Z
khqjd,5-letters,5,taken,2026-09-21T20:06:10.254Z
ildyn,5-letters,5,taken,2026-09-21T20:06:10.254Z
mliin,5-letters,5,taken,2026-09-21T20:06:10.254Z
qsstg,5-letters,5,taken,2026-09-21T20:06:10.254Z
mflkm,5-letters,5,taken,2026-09-21T20:06:10.254Z
tuyxr,5-letters,5,taken,2026-09-21T20:06:10.254Z
hmacl,5-letters,5,taken,2026-09-21T20:06:10.254Z
hyytf,5-letters,5,taken,2026-09-21T20:06:10.254Z
dvsrt,5-letters,5,taken,2026-09-21T20:06:10.254Z
mjsvq,5-letters,5,taken,2026-09-21T20:06:10.254Z
snvqh,5-letters,5,taken,2026-09-21T20:06:10.254Z
rvtbm,5-letters,5,taken,2026-09-21T20:06:10.254Z
ztxju,5-letters,5,taken,2026-09-21T20:06:10.254Z
chofw,5-letters,5,taken,2026-09-21T20:06:10.254Z
gshyf,5-letters,5,taken,2026-09-21T20:06:10.254Z
mbcyq,5-letters,5,taken,2026-09-21T20:06:10.254Z
zagbz,5-letters,5,taken,2026-09-21T20:06:10.254Z
xtbse,5-letters,5,taken,2026-09-21T20:06:10.254Z
zesom,5-letters,5,taken,2026-09-21T20:06:10.254Z
kohkp,5-letters,5,taken,2026-09-21T20:06:10.254Z
hcgar,5-letters,5,taken,2026-09-21T20:06:10.254Z
iyqvc,5-letters,5,taken,2026-09-21T20:06:10.254Z
ityhx,5-letters,5,taken,2026-09-21T20:06:10.254Z
kkmdy,5-letters,5,taken,2026-09-21T20:06:10.254Z
makth,5-letters,5,taken,2026-09-21T20:06:10.254Z
bvpno,5-letters,5,taken,2026-09-21T20:06:10.254Z
swuod,5-letters,5,taken,2026-09-21T20:06:40.840Z
jpvuw,5-letters,5,taken,2026-09-21T20:06:40.840Z
nbsns,5-letters,5,taken,2026-09-21T20:06:40.840Z
wugxt,5-letters,5,taken,2026-09-21T20:06:40.840Z
lsdcp,5-letters,5,taken,2026-09-21T20:06:40.840Z
ymqwa,5-letters,5,taken,2026-09-21T20:06:40.840Z
aulhl,5-letters,5,taken,2026-09-21T20:06:40.840Z
zevmj,5-letters,5,taken,2026-09-21T20:06:40.840Z
ernjk,5-letters,5,taken,2026-09-21T20:06:40.840Z
uklng,5-letters,5,taken,2026-09-21T20:06:40.840Z
jbyno,5-letters,5,taken,2026-09-21T20:06:40.840Z
tgayu,5-letters,5,taken,2026-09-21T20:06:40.840Z
cbhdu,5-letters,5,taken,2026-09-21T20:06:40.840Z
evsyi,5-letters,5,taken,2026-09-21T20:06:40.840Z
jpmhx,5-letters,5,taken,2026-09-21T20:06:40.840Z
ggfdp,5-letters,5,taken,2026-09-21T20:06:40.840Z
gcoet,5-letters,5,taken,2026-09-21T20:06:40.840Z
coehm,5-letters,5,taken,2026-09-21T20:06:40.840Z
dlzta,5-letters,5,taken,2026-09-21T20:06:40.840Z
bvgpz,5-letters,5,taken,2026-09-21T20:06:40.840Z
juycs,5-letters,5,taken,2026-09-21T20:06:40.840Z
bmmso,5-letters,5,taken,2026-09-21T20:06:40.840Z
qekni,5-letters,5,taken,2026-09-21T20:06:40.840Z
pnyqt,5-letters,5,taken,2026-09-21T20:06:40.840Z
nxxxm,5-letters,5,taken,2026-09-21T20:06:40.840Z
fvyuf,5-letters,5,taken,2026-09-21T20:06:40.840Z
zemuz,5-letters,5,taken,2026-09-21T20:06:40.840Z
nxxcr,5-letters,5,taken,2026-09-21T20:06:40.840Z
wexcn,5-letters,5,taken,2026-09-21T20:06:40.840Z
eptpe,5-letters,5,taken,2026-09-21T20:06:40.840Z
ivwyf,5-letters,5,taken,2026-09-21T20:06:40.840Z
qjvea,5-letters,5,taken,2026-09-21T20:06:40.840Z
dzlgd,5-letters,5,taken,2026-09-21T20:06:40.840Z
yaycu,5-letters,5,taken,2026-09-21T20:06:40.840Z
tnong,5-letters,5,taken,2026-09-21T20:06:40.840Z
jxyej,5-letters,5,taken,2026-09-21T20:06:40.840Z
bexgm,5-letters,5,taken,2026-09-21T20:06:40.840Z
dfuez,5-letters,5,taken,2026-09-21T20:06:40.840Z
srmlx,5-letters,5,taken,2026-09-21T20:06:40.840Z
cwnuo,5-letters,5,taken,2026-09-21T20:06:40.840Z
rdhdi,5-letters,5,taken,2026-09-21T20:06:40.840Z
jsxnq,5-letters,5,taken,2026-09-21T20:06:40.840Z
lqkuj,5-letters,5,taken,2026-09-21T20:06:40.840Z
voqou,5-letters,5,taken,2026-09-21T20:06:40.840Z
ftvxx,5-letters,5,taken,2026-09-21T20:06:40.840Z
sukmp,5-letters,5,taken,2026-09-21T20:06:40.840Z
dgpyt,5-letters,5,taken,2026-09-21T20:06:40.840Z
auich,5-letters,5,taken,2026-09-21T20:06:40.840Z
jyjdi,5-letters,5,taken,2026-09-21T20:06:40.840Z
qkgma,5-letters,5,taken,2026-09-21T20:06:40.840Z
izerg,5-letters,5,taken,2026-09-21T20:06:40.840Z
zqyus,5-letters,5,taken,2026-09-21T20:06:40.840Z
xavmp,5-letters,5,taken,2026-09-21T20:06:40.840Z
egyoh,5-letters,5,taken,2026-09-21T20:06:40.840Z
oufmk,5-letters,5,taken,2026-09-21T20:06:40.840Z
lxjuu,5-letters,5,taken,2026-09-21T20:06:40.840Z
mxxuc,5-letters,5,taken,2026-09-21T20:06:40.840Z
vsczi,5-letters,5,taken,2026-09-21T20:06:40.840Z
zecsg,5-letters,5,taken,2026-09-21T20:06:40.840Z
jxlvi,5-letters,5,taken,2026-09-21T20:06:40.840Z
bztzj,5-letters,5,taken,2026-09-21T20:06:40.840Z
xmqfs,5-letters,5,taken,2026-09-21T20:06:40.840Z
bmwjt,5-letters,5,taken,2026-09-21T20:06:40.840Z
ygjyc,5-letters,5,taken,2026-09-21T20:06:40.840Z
tsvqx,5-letters,5,taken,2026-09-21T20:06:40.840Z
dvseb,5-letters,5,taken,2026-09-21T20:06:40.840Z
tyjrr,5-letters,5,taken,2026-09-21T20:06:40.840Z
mcidk,5-letters,5,taken,2026-09-21T20:06:40.840Z
yrivj,5-letters,5,taken,2026-09-21T20:06:40.840Z
vmxmr,5-letters,5,taken,2026-09-21T20:06:40.840Z
dbujv,5-letters,5,taken,2026-09-21T20:06:40.840Z
fryum,5-letters,5,taken,2026-09-21T20:06:40.840Z
voauj,5-letters,5,taken,2026-09-21T20:06:40.840Z
msfvh,5-letters,5,taken,2026-09-21T20:06:40.840Z
aztbz,5-letters,5,taken,2026-09-21T20:06:40.840Z
toyde,5-letters,5,taken,2026-09-21T20:06:40.840Z
lioml,5-letters,5,taken,2026-09-21T20:06:40.840Z
ybbkc,5-letters,5,taken,2026-09-21T20:06:40.840Z
fsiyc,5-letters,5,taken,2026-09-21T20:06:40.840Z
fjtwm,5-letters,5,taken,2026-09-21T20:06:40.840Z
ntbut,5-letters,5,taken,2026-09-21T20:06:40.840Z
apnhu,5-letters,5,taken,2026-09-21T20:06:40.840Z
badzu,5-letters,5,taken,2026-09-21T20:06:40.840Z
judxn,5-letters,5,taken,2026-09-21T20:06:40.840Z
kwncg,5-letters,5,taken,2026-09-21T20:06:40.840Z
huoby,5-letters,5,taken,2026-09-21T20:06:40.840Z
uewrf,5-letters,5,taken,2026-09-21T20:06:40.840Z
giang,5-letters,5,taken,2026-09-21T20:06:40.840Z
lzthm,5-letters,5,taken,2026-09-21T20:06:40.840Z
ojcav,5-letters,5,taken,2026-09-21T20:06:40.840Z
nbudn,5-letters,5,taken,2026-09-21T20:06:40.840Z
oteus,5-letters,5,taken,2026-09-21T20:06:40.840Z
basjf,5-letters,5,taken,2026-09-21T20:06:40.840Z
rihys,5-letters,5,taken,2026-09-21T20:06:40.840Z
ggzgp,5-letters,5,taken,2026-09-21T20:06:40.840Z
bekcp,5-letters,5,taken,2026-09-21T20:06:40.840Z
fhqbl,5-letters,5,taken,2026-09-21T20:06:40.840Z
esgbg,5-letters,5,taken,2026-09-21T20:06:40.840Z
asamj,5-letters,5,taken,2026-09-21T20:06:40.840Z
ktshk,5-letters,5,taken,2026-09-21T20:06:40.840Z
jxurc,5-letters,5,taken,2026-09-21T20:07:11.376Z
jgzwc,5-letters,5,taken,2026-09-21T20:07:11.376Z
vdcyh,5-letters,5,taken,2026-09-21T20:07:11.376Z
weqji,5-letters,5,taken,2026-09-21T20:07:11.376Z
bpkil,5-letters,5,taken,2026-09-21T20:07:11.376Z
wwori,5-letters,5,taken,2026-09-21T20:07:11.376Z
dvwuc,5-letters,5,taken,2026-09-21T20:07:11.376Z
copfu,5-letters,5,taken,2026-09-21T20:07:11.376Z
oiulo,5-letters,5,taken,2026-09-21T20:07:11.376Z
usifn,5-letters,5,taken,2026-09-21T20:07:11.376Z
kyplr,5-letters,5,taken,2026-09-21T20:07:11.376Z
qlidf,5-letters,5,taken,2026-09-21T20:07:11.376Z
ajjxx,5-letters,5,taken,2026-09-21T20:07:11.376Z
nessa,5-letters,5,taken,2026-09-21T20:07:11.376Z
qqbhs,5-letters,5,taken,2026-09-21T20:07:11.376Z
qpfsm,5-letters,5,taken,2026-09-21T20:07:11.376Z
dazaj,5-letters,5,taken,2026-09-21T20:07:11.376Z
nzwgi,5-letters,5,taken,2026-09-21T20:07:11.376Z
mhexc,5-letters,5,taken,2026-09-21T20:07:11.376Z
sgdni,5-letters,5,taken,2026-09-21T20:07:11.376Z
cjibs,5-letters,5,taken,2026-09-21T20:07:11.376Z
vfkyp,5-letters,5,taken,2026-09-21T20:07:11.376Z
ehesn,5-letters,5,taken,2026-09-21T20:07:11.376Z
lncza,5-letters,5,taken,2026-09-21T20:07:11.376Z
yhvyp,5-letters,5,taken,2026-09-21T20:07:11.376Z
qwavk,5-letters,5,taken,2026-09-21T20:07:11.376Z
hddwr,5-letters,5,taken,2026-09-21T20:07:11.376Z
tneoz,5-letters,5,taken,2026-09-21T20:07:11.376Z
eokaj,5-letters,5,taken,2026-09-21T20:07:11.376Z
ximid,5-letters,5,taken,2026-09-21T20:07:11.376Z
ylkte,5-letters,5,taken,2026-09-21T20:07:11.376Z
yfhez,5-letters,5,taken,2026-09-21T20:07:11.376Z
qadmy,5-letters,5,taken,2026-09-21T20:07:11.376Z
gsxox,5-letters,5,taken,2026-09-21T20:07:11.376Z
mpoks,5-letters,5,taken,2026-09-21T20:07:11.376Z
njcqg,5-letters,5,taken,2026-09-21T20:07:11.376Z
owyzh,5-letters,5,taken,2026-09-21T20:07:11.376Z
jflzo,5-letters,5,taken,2026-09-21T20:07:11.376Z
emxxu,5-letters,5,taken,2026-09-21T20:07:11.376Z
nwajw,5-letters,5,taken,2026-09-21T20:07:11.376Z
zpmys,5-letters,5,taken,2026-09-21T20:07:11.376Z
xhcjd,5-letters,5,taken,2026-09-21T20:07:11.376Z
fwvdu,5-letters,5,taken,2026-09-21T20:07:11.376Z
qspwm,5-letters,5,taken,2026-09-21T20:07:11.376Z
npgbz,5-letters,5,taken,2026-09-21T20:07:11.376Z
izgch,5-letters,5,taken,2026-09-21T20:07:11.376Z
qdtya,5-letters,5,taken,2026-09-21T20:07:11.376Z
bdqva,5-letters,5,taken,2026-09-21T20:07:11.376Z
lfrgw,5-letters,5,taken,2026-09-21T20:07:11.376Z
hjbrf,5-letters,5,taken,2026-09-21T20:07:11.376Z
nwuoz,5-letters,5,taken,2026-09-21T20:07:11.376Z
pfztw,5-letters,5,taken,2026-09-21T20:07:11.376Z
uubuw,5-letters,5,taken,2026-09-21T20:07:11.376Z
jmxgv,5-letters,5,taken,2026-09-21T20:07:11.376Z
nelrf,5-letters,5,taken,2026-09-21T20:07:11.376Z
etqjm,5-letters,5,taken,2026-09-21T20:07:11.376Z
vmsug,5-letters,5,taken,2026-09-21T20:07:11.376Z
nxzys,5-letters,5,taken,2026-09-21T20:07:11.376Z
hqana,5-letters,5,taken,2026-09-21T20:07:11.376Z
iedsb,5-letters,5,taken,2026-09-21T20:07:11.376Z
rfwtq,5-letters,5,taken,2026-09-21T20:07:11.376Z
myfvs,5-letters,5,taken,2026-09-21T20:07:11.376Z
yytus,5-letters,5,taken,2026-09-21T20:07:11.376Z
srrlg,5-letters,5,taken,2026-09-21T20:07:11.376Z
ohlfp,5-letters,5,taken,2026-09-21T20:07:11.376Z
qkufx,5-letters,5,taken,2026-09-21T20:07:11.376Z
iyklm,5-letters,5,taken,2026-09-21T20:07:11.376Z
sckts,5-letters,5,taken,2026-09-21T20:07:11.376Z
rvfkt,5-letters,5,taken,2026-09-21T20:07:11.376Z
usxjv,5-letters,5,taken,2026-09-21T20:07:11.376Z
xkhyb,5-letters,5,taken,2026-09-21T20:07:11.376Z
htcsq,5-letters,5,taken,2026-09-21T20:07:11.376Z
wxvrd,5-letters,5,taken,2026-09-21T20:07:11.376Z
zvwww,5-letters,5,taken,2026-09-21T20:07:11.376Z
lpsot,5-letters,5,taken,2026-09-21T20:07:11.376Z
ahrcv,5-letters,5,taken,2026-09-21T20:07:11.376Z
pfebv,5-letters,5,taken,2026-09-21T20:07:11.376Z
pekms,5-letters,5,taken,2026-09-21T20:07:11.376Z
lcdvs,5-letters,5,taken,2026-09-21T20:07:11.376Z
aaocd,5-letters,5,taken,2026-09-21T20:07:11.376Z
pmrav,5-letters,5,taken,2026-09-21T20:07:11.376Z
llwxi,5-letters,5,taken,2026-09-21T20:07:11.376Z
kmjrk,5-letters,5,taken,2026-09-21T20:07:11.376Z
drftd,5-letters,5,taken,2026-09-21T20:07:11.376Z
rzmps,5-letters,5,taken,2026-09-21T20:07:11.376Z
lokyh,5-letters,5,taken,2026-09-21T20:07:11.376Z
dempq,5-letters,5,taken,2026-09-21T20:07:11.376Z
gtktl,5-letters,5,taken,2026-09-21T20:07:11.376Z
mgfzn,5-letters,5,taken,2026-09-21T20:07:11.376Z
uqbos,5-letters,5,taken,2026-09-21T20:07:11.376Z
idhhn,5-letters,5,taken,2026-09-21T20:07:11.376Z
ihenr,5-letters,5,taken,2026-09-21T20:07:11.376Z
pwagr,5-letters,5,taken,2026-09-21T20:07:11.376Z
luqjs,5-letters,5,taken,2026-09-21T20:07:11.376Z
octow,5-letters,5,taken,2026-09-21T20:07:11.376Z
vxxku,5-letters,5,taken,2026-09-21T20:07:11.376Z
zdbmn,5-letters,5,taken,2026-09-21T20:07:11.376Z
kgrji,5-letters,5,taken,2026-09-21T20:07:11.376Z
mykkg,5-letters,5,taken,2026-09-21T20:07:11.376Z
rvcnt,5-letters,5,taken,2026-09-21T20:07:11.376Z
tmgcv,5-letters,5,taken,2026-09-21T20:07:41.947Z
dxene,5-letters,5,taken,2026-09-21T20:07:41.947Z
lokeb,5-letters,5,taken,2026-09-21T20:07:41.947Z
cfqzn,5-letters,5,taken,2026-09-21T20:07:41.947Z
dfuog,5-letters,5,taken,2026-09-21T20:07:41.947Z
jueas,5-letters,5,taken,2026-09-21T20:07:41.947Z
czvoe,5-letters,5,taken,2026-09-21T20:07:41.947Z
snwdr,5-letters,5,taken,2026-09-21T20:07:41.947Z
hnoip,5-letters,5,taken,2026-09-21T20:07:41.947Z
oqkml,5-letters,5,taken,2026-09-21T20:07:41.947Z
zwzyi,5-letters,5,taken,2026-09-21T20:07:41.947Z
zbqjm,5-letters,5,taken,2026-09-21T20:07:41.947Z
zuski,5-letters,5,taken,2026-09-21T20:07:41.947Z
tnqxh,5-letters,5,taken,2026-09-21T20:07:41.947Z
aydtx,5-letters,5,taken,2026-09-21T20:07:41.947Z
bqqze,5-letters,5,taken,2026-09-21T20:07:41.947Z
usxel,5-letters,5,taken,2026-09-21T20:07:41.947Z
gwvhi,5-letters,5,taken,2026-09-21T20:07:41.947Z
sqrai,5-letters,5,taken,2026-09-21T20:07:41.947Z
sdfif,5-letters,5,taken,2026-09-21T20:07:41.947Z
vyzde,5-letters,5,taken,2026-09-21T20:07:41.947Z
berju,5-letters,5,taken,2026-09-21T20:07:41.947Z
jzdfr,5-letters,5,taken,2026-09-21T20:07:41.947Z
ywvhq,5-letters,5,taken,2026-09-21T20:07:41.947Z
zahrp,5-letters,5,taken,2026-09-21T20:07:41.947Z
kpgiv,5-letters,5,taken,2026-09-21T20:07:41.947Z
ccqzo,5-letters,5,taken,2026-09-21T20:07:41.947Z
bavqm,5-letters,5,taken,2026-09-21T20:07:41.947Z
amdcg,5-letters,5,taken,2026-09-21T20:07:41.947Z
cxovk,5-letters,5,taken,2026-09-21T20:07:41.947Z
itaoo,5-letters,5,taken,2026-09-21T20:07:41.947Z
mgyji,5-letters,5,taken,2026-09-21T20:07:41.947Z
skcpw,5-letters,5,taken,2026-09-21T20:07:41.947Z
itrzb,5-letters,5,taken,2026-09-21T20:07:41.947Z
momoz,5-letters,5,taken,2026-09-21T20:07:41.947Z
wxihq,5-letters,5,taken,2026-09-21T20:07:41.947Z
hmhtz,5-letters,5,taken,2026-09-21T20:07:41.947Z
gogzb,5-letters,5,taken,2026-09-21T20:07:41.947Z
xdshe,5-letters,5,taken,2026-09-21T20:07:41.947Z
ftcti,5-letters,5,taken,2026-09-21T20:07:41.947Z
dbtkr,5-letters,5,taken,2026-09-21T20:07:41.947Z
bzouu,5-letters,5,taken,2026-09-21T20:07:41.947Z
tqkkq,5-letters,5,taken,2026-09-21T20:07:41.947Z
zlyfh,5-letters,5,taken,2026-09-21T20:07:41.947Z
zxukb,5-letters,5,taken,2026-09-21T20:07:41.947Z
brjqh,5-letters,5,taken,2026-09-21T20:07:41.947Z
iiczg,5-letters,5,taken,2026-09-21T20:07:41.947Z
khkgf,5-letters,5,taken,2026-09-21T20:07:41.947Z
socwx,5-letters,5,taken,2026-09-21T20:07:41.947Z
rvfvo,5-letters,5,taken,2026-09-21T20:07:41.947Z
zicjs,5-letters,5,taken,2026-09-21T20:07:41.947Z
clipw,5-letters,5,taken,2026-09-21T20:07:41.947Z
luhfb,5-letters,5,taken,2026-09-21T20:07:41.947Z
kmlsi,5-letters,5,taken,2026-09-21T20:07:41.947Z
potya,5-letters,5,taken,2026-09-21T20:07:41.947Z
zscdp,5-letters,5,taken,2026-09-21T20:07:41.947Z
mqwtk,5-letters,5,taken,2026-09-21T20:07:41.947Z
bmous,5-letters,5,taken,2026-09-21T20:07:41.947Z
yglmt,5-letters,5,taken,2026-09-21T20:07:41.947Z
bulqr,5-letters,5,taken,2026-09-21T20:07:41.947Z
qadfv,5-letters,5,taken,2026-09-21T20:07:41.947Z
ntiby,5-letters,5,taken,2026-09-21T20:07:41.947Z
lmjbt,5-letters,5,taken,2026-09-21T20:07:41.947Z
wcoku,5-letters,5,taken,2026-09-21T20:07:41.947Z
suecw,5-letters,5,taken,2026-09-21T20:07:41.947Z
piouc,5-letters,5,taken,2026-09-21T20:07:41.947Z
nzhgs,5-letters,5,taken,2026-09-21T20:07:41.947Z
qxmof,5-letters,5,taken,2026-09-21T20:07:41.947Z
jidzn,5-letters,5,taken,2026-09-21T20:07:41.947Z
edhba,5-letters,5,taken,2026-09-21T20:07:41.947Z
kyjfi,5-letters,5,taken,2026-09-21T20:07:41.947Z
tkstl,5-letters,5,taken,2026-09-21T20:07:41.947Z
jpkul,5-letters,5,taken,2026-09-21T20:07:41.947Z
yhoky,5-letters,5,taken,2026-09-21T20:07:41.947Z
okvrq,5-letters,5,taken,2026-09-21T20:07:41.947Z
mdnis,5-letters,5,taken,2026-09-21T20:07:41.947Z
zczyq,5-letters,5,taken,2026-09-21T20:07:41.947Z
wtaqt,5-letters,5,taken,2026-09-21T20:07:41.947Z
kwlpk,5-letters,5,taken,2026-09-21T20:07:41.947Z
vfdyz,5-letters,5,taken,2026-09-21T20:07:41.947Z
snmwh,5-letters,5,taken,2026-09-21T20:07:41.947Z
aaien,5-letters,5,taken,2026-09-21T20:07:41.947Z
ewijy,5-letters,5,taken,2026-09-21T20:07:41.947Z
ulrct,5-letters,5,taken,2026-09-21T20:07:41.947Z
aqcjt,5-letters,5,taken,2026-09-21T20:07:41.947Z
qbyhj,5-letters,5,taken,2026-09-21T20:07:41.947Z
mqhkc,5-letters,5,taken,2026-09-21T20:07:41.947Z
tfquv,5-letters,5,taken,2026-09-21T20:07:41.947Z
sjkjk,5-letters,5,taken,2026-09-21T20:07:41.947Z
tfhvp,5-letters,5,taken,2026-09-21T20:07:41.947Z
fzysw,5-letters,5,taken,2026-09-21T20:07:41.947Z
hmxae,5-letters,5,taken,2026-09-21T20:07:41.947Z
hsmpo,5-letters,5,taken,2026-09-21T20:07:41.947Z
aotjm,5-letters,5,taken,2026-09-21T20:07:41.947Z
rtvtj,5-letters,5,taken,2026-09-21T20:07:41.947Z
jdsaw,5-letters,5,taken,2026-09-21T20:07:41.947Z
jplzt,5-letters,5,taken,2026-09-21T20:07:41.947Z
aasmb,5-letters,5,taken,2026-09-21T20:07:41.947Z
whaxk,5-letters,5,taken,2026-09-21T20:07:41.947Z
kkflj,5-letters,5,taken,2026-09-21T20:07:41.947Z
mbhpb,5-letters,5,taken,2026-09-21T20:08:12.489Z
eazrj,5-letters,5,taken,2026-09-21T20:08:12.489Z
bdykz,5-letters,5,taken,2026-09-21T20:08:12.489Z
nvfcn,5-letters,5,taken,2026-09-21T20:08:12.489Z
apfeh,5-letters,5,taken,2026-09-21T20:08:12.489Z
dbpdq,5-letters,5,taken,2026-09-21T20:08:12.489Z
qzqqp,5-letters,5,taken,2026-09-21T20:08:12.489Z
eaaeo,5-letters,5,taken,2026-09-21T20:08:12.489Z
tpfeb,5-letters,5,taken,2026-09-21T20:08:12.489Z
znbqv,5-letters,5,taken,2026-09-21T20:08:12.489Z
wqjlk,5-letters,5,taken,2026-09-21T20:08:12.489Z
jurje,5-letters,5,taken,2026-09-21T20:08:12.489Z
uggzf,5-letters,5,taken,2026-09-21T20:08:12.489Z
fcsxg,5-letters,5,taken,2026-09-21T20:08:12.489Z
nsjne,5-letters,5,taken,2026-09-21T20:08:12.489Z
cwico,5-letters,5,taken,2026-09-21T20:08:12.489Z
fknay,5-letters,5,taken,2026-09-21T20:08:12.489Z
dupww,5-letters,5,taken,2026-09-21T20:08:12.489Z
iindp,5-letters,5,taken,2026-09-21T20:08:12.489Z
dmqcv,5-letters,5,taken,2026-09-21T20:08:12.489Z
ebsti,5-letters,5,taken,2026-09-21T20:08:12.489Z
pqayz,5-letters,5,taken,2026-09-21T20:08:12.489Z
pnowa,5-letters,5,taken,2026-09-21T20:08:12.489Z
jhqjh,5-letters,5,taken,2026-09-21T20:08:12.489Z
scymn,5-letters,5,taken,2026-09-21T20:08:12.489Z
qcdtp,5-letters,5,taken,2026-09-21T20:08:12.489Z
pjqep,5-letters,5,taken,2026-09-21T20:08:12.489Z
gvceb,5-letters,5,taken,2026-09-21T20:08:12.489Z
bmvzl,5-letters,5,taken,2026-09-21T20:08:12.489Z
ywxdo,5-letters,5,taken,2026-09-21T20:08:12.489Z
savts,5-letters,5,taken,2026-09-21T20:08:12.489Z
qdbfq,5-letters,5,taken,2026-09-21T20:08:12.489Z
yajee,5-letters,5,taken,2026-09-21T20:08:12.489Z
gqatl,5-letters,5,taken,2026-09-21T20:08:12.489Z
pmnyd,5-letters,5,taken,2026-09-21T20:08:12.489Z
xoced,5-letters,5,taken,2026-09-21T20:08:12.489Z
xbnnp,5-letters,5,taken,2026-09-21T20:08:12.489Z
hvbit,5-letters,5,taken,2026-09-21T20:08:12.489Z
uggwk,5-letters,5,taken,2026-09-21T20:08:12.489Z
jjgbf,5-letters,5,taken,2026-09-21T20:08:12.489Z
ozzfh,5-letters,5,taken,2026-09-21T20:08:12.489Z
wdjpp,5-letters,5,taken,2026-09-21T20:08:12.489Z
punoi,5-letters,5,taken,2026-09-21T20:08:12.489Z
gnipq,5-letters,5,taken,2026-09-21T20:08:12.489Z
yxvxi,5-letters,5,taken,2026-09-21T20:08:12.489Z
gvhws,5-letters,5,taken,2026-09-21T20:08:12.489Z
dxmtb,5-letters,5,taken,2026-09-21T20:08:12.489Z
pogef,5-letters,5,taken,2026-09-21T20:08:12.489Z
wvetp,5-letters,5,taken,2026-09-21T20:08:12.489Z
mcpdg,5-letters,5,taken,2026-09-21T20:08:12.489Z
ztfob,5-letters,5,taken,2026-09-21T20:08:12.489Z
jrysc,5-letters,5,taken,2026-09-21T20:08:12.489Z
khwqf,5-letters,5,taken,2026-09-21T20:08:12.489Z
ogolh,5-letters,5,taken,2026-09-21T20:08:12.489Z
zkhsq,5-letters,5,taken,2026-09-21T20:08:12.489Z
ulufb,5-letters,5,taken,2026-09-21T20:08:12.489Z
ohpgk,5-letters,5,taken,2026-09-21T20:08:12.489Z
ksknz,5-letters,5,taken,2026-09-21T20:08:12.489Z
xlmyz,5-letters,5,taken,2026-09-21T20:08:12.489Z
zwhub,5-letters,5,taken,2026-09-21T20:08:12.489Z
ngera,5-letters,5,taken,2026-09-21T20:08:12.489Z
sznnj,5-letters,5,taken,2026-09-21T20:08:12.489Z
fmpyx,5-letters,5,taken,2026-09-21T20:08:12.489Z
qrivh,5-letters,5,taken,2026-09-21T20:08:12.489Z
oxppx,5-letters,5,taken,2026-09-21T20:08:12.489Z
ksxyg,5-letters,5,taken,2026-09-21T20:08:12.489Z
pysua,5-letters,5,taken,2026-09-21T20:08:12.489Z
mefrv,5-letters,5,taken,2026-09-21T20:08:12.489Z
pfwev,5-letters,5,taken,2026-09-21T20:08:12.489Z
eqaai,5-letters,5,taken,2026-09-21T20:08:12.489Z
rlxuo,5-letters,5,taken,2026-09-21T20:08:12.489Z
quave,5-letters,5,taken,2026-09-21T20:08:12.489Z
dxlrs,5-letters,5,taken,2026-09-21T20:08:12.489Z
bhexd,5-letters,5,taken,2026-09-21T20:08:12.489Z
xuumb,5-letters,5,taken,2026-09-21T20:08:12.489Z
iwfrc,5-letters,5,taken,2026-09-21T20:08:12.489Z
iydyj,5-letters,5,taken,2026-09-21T20:08:12.489Z
tibyi,5-letters,5,taken,2026-09-21T20:08:12.489Z
jrmve,5-letters,5,taken,2026-09-21T20:08:12.489Z
ezpyo,5-letters,5,taken,2026-09-21T20:08:12.489Z
zqimo,5-letters,5,taken,2026-09-21T20:08:12.489Z
jmets,5-letters,5,taken,2026-09-21T20:08:12.489Z
hfwxc,5-letters,5,taken,2026-09-21T20:08:12.489Z
dzmaa,5-letters,5,taken,2026-09-21T20:08:12.489Z
zxfkd,5-letters,5,taken,2026-09-21T20:08:12.489Z
bjwil,5-letters,5,taken,2026-09-21T20:08:12.489Z
nctqx,5-letters,5,taken,2026-09-21T20:08:12.489Z
mkrbg,5-letters,5,taken,2026-09-21T20:08:12.489Z
xqfxo,5-letters,5,taken,2026-09-21T20:08:12.489Z
ynsbg,5-letters,5,taken,2026-09-21T20:08:12.489Z
iypfw,5-letters,5,taken,2026-09-21T20:08:12.489Z
nkfvf,5-letters,5,taken,2026-09-21T20:08:12.489Z
jvsey,5-letters,5,taken,2026-09-21T20:08:12.489Z
xabml,5-letters,5,taken,2026-09-21T20:08:12.489Z
tkmvg,5-letters,5,taken,2026-09-21T20:08:12.489Z
kkbyp,5-letters,5,taken,2026-09-21T20:08:12.489Z
lnglw,5-letters,5,taken,2026-09-21T20:08:12.489Z
efhdq,5-letters,5,taken,2026-09-21T20:08:12.489Z
mtznt,5-letters,5,taken,2026-09-21T20:08:12.489Z
geznz,5-letters,5,taken,2026-09-21T20:08:12.489Z
xjclg,5-letters,5,taken,2026-09-21T20:08:43.023Z
tstrf,5-letters,5,taken,2026-09-21T20:08:43.023Z
xigko,5-letters,5,taken,2026-09-21T20:08:43.023Z
jgvvv,5-letters,5,taken,2026-09-21T20:08:43.023Z
nbjwz,5-letters,5,taken,2026-09-21T20:08:43.023Z
lqshd,5-letters,5,taken,2026-09-21T20:08:43.023Z
hmuiw,5-letters,5,taken,2026-09-21T20:08:43.023Z
pnpyw,5-letters,5,taken,2026-09-21T20:08:43.023Z
szfyi,5-letters,5,taken,2026-09-21T20:08:43.023Z
epzmq,5-letters,5,taken,2026-09-21T20:08:43.023Z
bowqg,5-letters,5,taken,2026-09-21T20:08:43.023Z
khvpd,5-letters,5,taken,2026-09-21T20:08:43.023Z
bbbnb,5-letters,5,taken,2026-09-21T20:08:43.023Z
cavtc,5-letters,5,taken,2026-09-21T20:08:43.023Z
redwz,5-letters,5,taken,2026-09-21T20:08:43.023Z
hsizk,5-letters,5,taken,2026-09-21T20:08:43.023Z
aytzu,5-letters,5,taken,2026-09-21T20:08:43.023Z
amxmx,5-letters,5,taken,2026-09-21T20:08:43.023Z
hnbew,5-letters,5,taken,2026-09-21T20:08:43.023Z
pzbvg,5-letters,5,taken,2026-09-21T20:08:43.023Z
jvvqg,5-letters,5,taken,2026-09-21T20:08:43.023Z
wdfqc,5-letters,5,taken,2026-09-21T20:08:43.023Z
dvzhy,5-letters,5,taken,2026-09-21T20:08:43.023Z
xawtt,5-letters,5,taken,2026-09-21T20:08:43.023Z
qfelh,5-letters,5,taken,2026-09-21T20:08:43.023Z
sozap,5-letters,5,taken,2026-09-21T20:08:43.023Z
zphlb,5-letters,5,taken,2026-09-21T20:08:43.023Z
oqndq,5-letters,5,taken,2026-09-21T20:08:43.023Z
ppuft,5-letters,5,taken,2026-09-21T20:08:43.023Z
pmfcs,5-letters,5,taken,2026-09-21T20:08:43.023Z
ysfii,5-letters,5,taken,2026-09-21T20:08:43.023Z
eoaud,5-letters,5,taken,2026-09-21T20:08:43.023Z
vrcxh,5-letters,5,taken,2026-09-21T20:08:43.023Z
qmexc,5-letters,5,taken,2026-09-21T20:08:43.023Z
baxrl,5-letters,5,taken,2026-09-21T20:08:43.023Z
jtxyo,5-letters,5,taken,2026-09-21T20:08:43.023Z
gcxkp,5-letters,5,taken,2026-09-21T20:08:43.023Z
ryjfi,5-letters,5,taken,2026-09-21T20:08:43.023Z
toeib,5-letters,5,taken,2026-09-21T20:08:43.023Z
xwocv,5-letters,5,taken,2026-09-21T20:08:43.023Z
ygisr,5-letters,5,taken,2026-09-21T20:08:43.023Z
bmsgv,5-letters,5,taken,2026-09-21T20:08:43.023Z
rcbyw,5-letters,5,taken,2026-09-21T20:08:43.023Z
jcaib,5-letters,5,taken,2026-09-21T20:08:43.023Z
umrla,5-letters,5,taken,2026-09-21T20:08:43.023Z
snfes,5-letters,5,taken,2026-09-21T20:08:43.023Z
petwj,5-letters,5,taken,2026-09-21T20:08:43.023Z
fefto,5-letters,5,taken,2026-09-21T20:08:43.023Z
rnewr,5-letters,5,taken,2026-09-21T20:08:43.023Z
jknwm,5-letters,5,taken,2026-09-21T20:08:43.023Z
ugkmu,5-letters,5,taken,2026-09-21T20:08:43.023Z
ntgxo,5-letters,5,taken,2026-09-21T20:08:43.023Z
lmevn,5-letters,5,taken,2026-09-21T20:08:43.023Z
muome,5-letters,5,taken,2026-09-21T20:08:43.023Z
emtuh,5-letters,5,taken,2026-09-21T20:08:43.023Z
vkzdd,5-letters,5,taken,2026-09-21T20:08:43.023Z
ihgjw,5-letters,5,taken,2026-09-21T20:08:43.023Z
fkuke,5-letters,5,taken,2026-09-21T20:08:43.023Z
ctcjr,5-letters,5,taken,2026-09-21T20:08:43.023Z
ubuou,5-letters,5,taken,2026-09-21T20:08:43.023Z
pgwuu,5-letters,5,taken,2026-09-21T20:08:43.023Z
ctomf,5-letters,5,taken,2026-09-21T20:08:43.023Z
gbkub,5-letters,5,taken,2026-09-21T20:08:43.023Z
rgzic,5-letters,5,taken,2026-09-21T20:08:43.023Z
jhyps,5-letters,5,taken,2026-09-21T20:08:43.023Z
mzbda,5-letters,5,taken,2026-09-21T20:08:43.023Z
waqyk,5-letters,5,taken,2026-09-21T20:08:43.023Z
wrewq,5-letters,5,taken,2026-09-21T20:08:43.023Z
yguyx,5-letters,5,taken,2026-09-21T20:08:43.023Z
hvodz,5-letters,5,taken,2026-09-21T20:08:43.023Z
cxktk,5-letters,5,taken,2026-09-21T20:08:43.023Z
qnhhn,5-letters,5,taken,2026-09-21T20:08:43.023Z
jfizn,5-letters,5,taken,2026-09-21T20:08:43.023Z
evxah,5-letters,5,taken,2026-09-21T20:08:43.023Z
gneye,5-letters,5,taken,2026-09-21T20:08:43.023Z
dljtr,5-letters,5,taken,2026-09-21T20:08:43.023Z
yyyqy,5-letters,5,taken,2026-09-21T20:08:43.023Z
ogbxy,5-letters,5,taken,2026-09-21T20:08:43.023Z
gtfhh,5-letters,5,taken,2026-09-21T20:08:43.023Z
fxpjn,5-letters,5,taken,2026-09-21T20:08:43.023Z
ijxnm,5-letters,5,taken,2026-09-21T20:08:43.023Z
rabjz,5-letters,5,taken,2026-09-21T20:08:43.023Z
qrznl,5-letters,5,taken,2026-09-21T20:08:43.023Z
wnmmo,5-letters,5,taken,2026-09-21T20:08:43.023Z
tlfcf,5-letters,5,taken,2026-09-21T20:08:43.023Z
dohzy,5-letters,5,taken,2026-09-21T20:08:43.023Z
iebph,5-letters,5,taken,2026-09-21T20:08:43.023Z
dpakc,5-letters,5,taken,2026-09-21T20:08:43.023Z
llads,5-letters,5,taken,2026-09-21T20:08:43.023Z
qxrys,5-letters,5,taken,2026-09-21T20:08:43.023Z
xpbvt,5-letters,5,taken,2026-09-21T20:08:43.023Z
cqryb,5-letters,5,taken,2026-09-21T20:08:43.023Z
ywwut,5-letters,5,taken,2026-09-21T20:08:43.023Z
ceoyz,5-letters,5,taken,2026-09-21T20:08:43.023Z
qgdny,5-letters,5,taken,2026-09-21T20:08:43.023Z
bqwip,5-letters,5,taken,2026-09-21T20:08:43.023Z
wnytd,5-letters,5,taken,2026-09-21T20:08:43.023Z
ulbfg,5-letters,5,taken,2026-09-21T20:08:43.023Z
iqmud,5-letters,5,taken,2026-09-21T20:08:43.023Z
gmowr,5-letters,5,taken,2026-09-21T20:08:43.023Z
uwifr,5-letters,5,taken,2026-09-21T20:09:13.598Z
uvali,5-letters,5,taken,2026-09-21T20:09:13.598Z
cbbet,5-letters,5,taken,2026-09-21T20:09:13.598Z
lothp,5-letters,5,taken,2026-09-21T20:09:13.598Z
dxbah,5-letters,5,taken,2026-09-21T20:09:13.598Z
jukpq,5-letters,5,taken,2026-09-21T20:09:13.598Z
fbgyo,5-letters,5,taken,2026-09-21T20:09:13.598Z
xtxsp,5-letters,5,taken,2026-09-21T20:09:13.598Z
orzaf,5-letters,5,taken,2026-09-21T20:09:13.598Z
rwwhr,5-letters,5,taken,2026-09-21T20:09:13.598Z
kazax,5-letters,5,taken,2026-09-21T20:09:13.598Z
qyacd,5-letters,5,taken,2026-09-21T20:09:13.598Z
pnuqj,5-letters,5,taken,2026-09-21T20:09:13.598Z
llahn,5-letters,5,taken,2026-09-21T20:09:13.598Z
aehnv,5-letters,5,taken,2026-09-21T20:09:13.598Z
nwwdb,5-letters,5,taken,2026-09-21T20:09:13.598Z
aigct,5-letters,5,taken,2026-09-21T20:09:13.598Z
hurme,5-letters,5,taken,2026-09-21T20:09:13.598Z
jkxcc,5-letters,5,taken,2026-09-21T20:09:13.598Z
evygp,5-letters,5,taken,2026-09-21T20:09:13.598Z
maklk,5-letters,5,taken,2026-09-21T20:09:13.598Z
eszlk,5-letters,5,taken,2026-09-21T20:09:13.598Z
qgjhc,5-letters,5,taken,2026-09-21T20:09:13.598Z
kdewj,5-letters,5,taken,2026-09-21T20:09:13.598Z
lkrnu,5-letters,5,taken,2026-09-21T20:09:13.598Z
kbdcn,5-letters,5,taken,2026-09-21T20:09:13.598Z
weizx,5-letters,5,taken,2026-09-21T20:09:13.598Z
uaajg,5-letters,5,taken,2026-09-21T20:09:13.598Z
zdxsl,5-letters,5,taken,2026-09-21T20:09:13.598Z
wsafz,5-letters,5,taken,2026-09-21T20:09:13.598Z
yqztm,5-letters,5,taken,2026-09-21T20:09:13.598Z
mpwao,5-letters,5,taken,2026-09-21T20:09:13.598Z
qlgar,5-letters,5,taken,2026-09-21T20:09:13.598Z
ombvw,5-letters,5,taken,2026-09-21T20:09:13.598Z
vbggq,5-letters,5,taken,2026-09-21T20:09:13.598Z
rqwba,5-letters,5,taken,2026-09-21T20:09:13.598Z
ioott,5-letters,5,taken,2026-09-21T20:09:13.598Z
npgtl,5-letters,5,taken,2026-09-21T20:09:13.598Z
riokb,5-letters,5,taken,2026-09-21T20:09:13.598Z
bxgly,5-letters,5,taken,2026-09-21T20:09:13.598Z
vtiee,5-letters,5,taken,2026-09-21T20:09:13.598Z
vwbzs,5-letters,5,taken,2026-09-21T20:09:13.598Z
pohga,5-letters,5,taken,2026-09-21T20:09:13.598Z
lypwh,5-letters,5,taken,2026-09-21T20:09:13.598Z
ugzns,5-letters,5,taken,2026-09-21T20:09:13.598Z
tbiyb,5-letters,5,taken,2026-09-21T20:09:13.598Z
qpgzt,5-letters,5,taken,2026-09-21T20:09:13.598Z
glmlc,5-letters,5,taken,2026-09-21T20:09:13.598Z
vduvo,5-letters,5,taken,2026-09-21T20:09:13.598Z
lxdqu,5-letters,5,taken,2026-09-21T20:09:13.598Z
lgwtt,5-letters,5,taken,2026-09-21T20:09:13.598Z
hemys,5-letters,5,taken,2026-09-21T20:09:13.598Z
dgyva,5-letters,5,taken,2026-09-21T20:09:13.598Z
zsotr,5-letters,5,taken,2026-09-21T20:09:13.598Z
aepoq,5-letters,5,taken,2026-09-21T20:09:13.598Z
vosfo,5-letters,5,taken,2026-09-21T20:09:13.598Z
ctokj,5-letters,5,taken,2026-09-21T20:09:13.598Z
urbms,5-letters,5,taken,2026-09-21T20:09:13.598Z
jhwxf,5-letters,5,taken,2026-09-21T20:09:13.598Z
srkrf,5-letters,5,taken,2026-09-21T20:09:13.598Z
zffiz,5-letters,5,taken,2026-09-21T20:09:13.598Z
elvpd,5-letters,5,taken,2026-09-21T20:09:13.598Z
jeysp,5-letters,5,taken,2026-09-21T20:09:13.598Z
yeiqx,5-letters,5,taken,2026-09-21T20:09:13.598Z
trbao,5-letters,5,taken,2026-09-21T20:09:13.598Z
opggp,5-letters,5,taken,2026-09-21T20:09:13.598Z
qtfbx,5-letters,5,taken,2026-09-21T20:09:13.598Z
sorrg,5-letters,5,taken,2026-09-21T20:09:13.598Z
uddsx,5-letters,5,taken,2026-09-21T20:09:13.598Z
tomvl,5-letters,5,taken,2026-09-21T20:09:13.598Z
ryzzo,5-letters,5,taken,2026-09-21T20:09:13.598Z
bedou,5-letters,5,taken,2026-09-21T20:09:13.598Z
hxpag,5-letters,5,taken,2026-09-21T20:09:13.598Z
vmylz,5-letters,5,taken,2026-09-21T20:09:13.598Z
dihtt,5-letters,5,taken,2026-09-21T20:09:13.598Z
kerca,5-letters,5,taken,2026-09-21T20:09:13.598Z
pvomu,5-letters,5,taken,2026-09-21T20:09:13.598Z
yqctv,5-letters,5,taken,2026-09-21T20:09:13.598Z
ornac,5-letters,5,taken,2026-09-21T20:09:13.598Z
jynlc,5-letters,5,taken,2026-09-21T20:09:13.598Z
qerla,5-letters,5,taken,2026-09-21T20:09:13.598Z
bnsfh,5-letters,5,taken,2026-09-21T20:09:13.598Z
cebbq,5-letters,5,taken,2026-09-21T20:09:13.598Z
hklib,5-letters,5,taken,2026-09-21T20:09:13.598Z
wbzdn,5-letters,5,taken,2026-09-21T20:09:13.598Z
mcnsf,5-letters,5,taken,2026-09-21T20:09:13.598Z
qrdrv,5-letters,5,taken,2026-09-21T20:09:13.598Z
sgypo,5-letters,5,taken,2026-09-21T20:09:13.598Z
zrnro,5-letters,5,taken,2026-09-21T20:09:13.598Z
pyaru,5-letters,5,taken,2026-09-21T20:09:13.598Z
,5-letters,5,blocked,2026-09-21T20:39:40.088Z
jktst,5-letters,5,taken,2026-09-21T20:09:13.598Z
jgkgz,5-letters,5,taken,2026-09-21T20:09:13.598Z
aakza,5-letters,5,taken,2026-09-21T20:09:13.598Z
dzbdw,5-letters,5,taken,2026-09-21T20:09:13.598Z
ztunr,5-letters,5,taken,2026-09-21T20:09:13.598Z
koser,5-letters,5,taken,2026-09-21T20:09:13.598Z
lwmpi,5-letters,5,taken,2026-09-21T20:09:13.598Z
rnhjh,5-letters,5,taken,2026-09-21T20:09:13.598Z
joaih,5-letters,5,taken,2026-09-21T20:09:13.598Z
hujfc,5-letters,5,taken,2026-09-21T20:09:44.127Z
jvgxg,5-letters,5,taken,2026-09-21T20:09:44.127Z
mvmbn,5-letters,5,taken,2026-09-21T20:09:44.127Z
mdltt,5-letters,5,taken,2026-09-21T20:09:44.127Z
akpvb,5-letters,5,taken,2026-09-21T20:09:44.127Z
dbtih,5-letters,5,taken,2026-09-21T20:09:44.127Z
gsafs,5-letters,5,taken,2026-09-21T20:09:44.127Z
mbfor,5-letters,5,taken,2026-09-21T20:09:44.127Z
sxbcs,5-letters,5,taken,2026-09-21T20:09:44.127Z
lywvt,5-letters,5,taken,2026-09-21T20:09:44.127Z
iksxf,5-letters,5,taken,2026-09-21T20:09:44.127Z
yildd,5-letters,5,taken,2026-09-21T20:09:44.127Z
ihtxt,5-letters,5,taken,2026-09-21T20:09:44.127Z
dcdcv,5-letters,5,taken,2026-09-21T20:09:44.127Z
xbpkh,5-letters,5,taken,2026-09-21T20:09:44.127Z
nkdon,5-letters,5,taken,2026-09-21T20:09:44.127Z
igjnm,5-letters,5,taken,2026-09-21T20:09:44.127Z
csogl,5-letters,5,taken,2026-09-21T20:09:44.127Z
wbacw,5-letters,5,taken,2026-09-21T20:09:44.127Z
cmaei,5-letters,5,taken,2026-09-21T20:09:44.127Z
sjqqi,5-letters,5,taken,2026-09-21T20:09:44.127Z
eygjh,5-letters,5,taken,2026-09-21T20:09:44.127Z
zvrsm,5-letters,5,taken,2026-09-21T20:09:44.127Z
exwbb,5-letters,5,taken,2026-09-21T20:09:44.127Z
vhcay,5-letters,5,taken,2026-09-21T20:09:44.127Z
ahudv,5-letters,5,taken,2026-09-21T20:09:44.127Z
envhk,5-letters,5,taken,2026-09-21T20:09:44.127Z
fxzdd,5-letters,5,taken,2026-09-21T20:09:44.127Z
ytyfw,5-letters,5,taken,2026-09-21T20:09:44.127Z
wsxyk,5-letters,5,taken,2026-09-21T20:09:44.127Z
ibogt,5-letters,5,taken,2026-09-21T20:09:44.127Z
qlwbh,5-letters,5,taken,2026-09-21T20:09:44.127Z
nhgjp,5-letters,5,taken,2026-09-21T20:09:44.127Z
bcjbz,5-letters,5,taken,2026-09-21T20:09:44.127Z
zibbf,5-letters,5,taken,2026-09-21T20:09:44.127Z
gcisb,5-letters,5,taken,2026-09-21T20:09:44.127Z
plvav,5-letters,5,taken,2026-09-21T20:09:44.127Z
jxpld,5-letters,5,taken,2026-09-21T20:09:44.127Z
mjanq,5-letters,5,taken,2026-09-21T20:09:44.127Z
plxbb,5-letters,5,taken,2026-09-21T20:09:44.127Z
czima,5-letters,5,taken,2026-09-21T20:09:44.127Z
rvhhj,5-letters,5,taken,2026-09-21T20:09:44.127Z
idbuk,5-letters,5,taken,2026-09-21T20:09:44.127Z
evfvo,5-letters,5,taken,2026-09-21T20:09:44.127Z
rskcj,5-letters,5,taken,2026-09-21T20:09:44.127Z
fqima,5-letters,5,taken,2026-09-21T20:09:44.127Z
uyuxs,5-letters,5,taken,2026-09-21T20:09:44.127Z
alwma,5-letters,5,taken,2026-09-21T20:09:44.127Z
lxhmo,5-letters,5,taken,2026-09-21T20:09:44.127Z
ooebb,5-letters,5,taken,2026-09-21T20:09:44.127Z
ymedf,5-letters,5,taken,2026-09-21T20:09:44.127Z
ovyoq,5-letters,5,taken,2026-09-21T20:09:44.127Z
xemrt,5-letters,5,taken,2026-09-21T20:09:44.127Z
dmzwu,5-letters,5,taken,2026-09-21T20:09:44.127Z
muonz,5-letters,5,taken,2026-09-21T20:09:44.127Z
emvfe,5-letters,5,taken,2026-09-21T20:09:44.127Z
oxwuo,5-letters,5,taken,2026-09-21T20:09:44.127Z
tlkjo,5-letters,5,taken,2026-09-21T20:09:44.127Z
qklms,5-letters,5,taken,2026-09-21T20:09:44.127Z
qddtu,5-letters,5,taken,2026-09-21T20:09:44.127Z
snjjc,5-letters,5,taken,2026-09-21T20:09:44.127Z
fcmug,5-letters,5,taken,2026-09-21T20:09:44.127Z
csqoh,5-letters,5,taken,2026-09-21T20:09:44.127Z
asfii,5-letters,5,taken,2026-09-21T20:09:44.127Z
gtdkw,5-letters,5,taken,2026-09-21T20:09:44.127Z
loajs,5-letters,5,taken,2026-09-21T20:09:44.127Z
fnecn,5-letters,5,taken,2026-09-21T20:09:44.127Z
rwazk,5-letters,5,taken,2026-09-21T20:09:44.127Z
ufhym,5-letters,5,taken,2026-09-21T20:09:44.127Z
ywyjc,5-letters,5,taken,2026-09-21T20:09:44.127Z
avjhz,5-letters,5,taken,2026-09-21T20:09:44.127Z
dzyoj,5-letters,5,taken,2026-09-21T20:09:44.127Z
nennp,5-letters,5,taken,2026-09-21T20:09:44.127Z
cmaoe,5-letters,5,taken,2026-09-21T20:09:44.127Z
cnmdu,5-letters,5,taken,2026-09-21T20:09:44.127Z
uamks,5-letters,5,taken,2026-09-21T20:09:44.127Z
hjcpf,5-letters,5,taken,2026-09-21T20:09:44.127Z
lnmiz,5-letters,5,taken,2026-09-21T20:09:44.127Z
vetek,5-letters,5,taken,2026-09-21T20:09:44.127Z
aybmi,5-letters,5,taken,2026-09-21T20:09:44.127Z
gonnl,5-letters,5,taken,2026-09-21T20:09:44.127Z
yytxc,5-letters,5,taken,2026-09-21T20:09:44.127Z
adlig,5-letters,5,taken,2026-09-21T20:09:44.127Z
sygku,5-letters,5,taken,2026-09-21T20:09:44.127Z
pbuno,5-letters,5,taken,2026-09-21T20:09:44.127Z
uyqep,5-letters,5,taken,2026-09-21T20:09:44.127Z
toprb,5-letters,5,taken,2026-09-21T20:09:44.127Z
nrufw,5-letters,5,taken,2026-09-21T20:09:44.127Z
ncrsm,5-letters,5,taken,2026-09-21T20:09:44.127Z
tyiln,5-letters,5,taken,2026-09-21T20:09:44.127Z
uyvls,5-letters,5,taken,2026-09-21T20:09:44.127Z
karrv,5-letters,5,taken,2026-09-21T20:09:44.127Z
ociwc,5-letters,5,taken,2026-09-21T20:09:44.127Z
gfuma,5-letters,5,taken,2026-09-21T20:09:44.127Z
ikhbo,5-letters,5,taken,2026-09-21T20:09:44.127Z
urapk,5-letters,5,taken,2026-09-21T20:09:44.127Z
jyssn,5-letters,5,taken,2026-09-21T20:09:44.127Z
zidqg,5-letters,5,taken,2026-09-21T20:09:44.127Z
hasso,5-letters,5,taken,2026-09-21T20:09:44.127Z
ukzpu,5-letters,5,taken,2026-09-21T20:09:44.127Z
qkmqu,5-letters,5,taken,2026-09-21T20:10:14.773Z
chxhi,5-letters,5,taken,2026-09-21T20:10:14.773Z
wayuf,5-letters,5,taken,2026-09-21T20:10:14.773Z
gnrks,5-letters,5,taken,2026-09-21T20:10:14.773Z
hbpvo,5-letters,5,taken,2026-09-21T20:10:14.773Z
hptzb,5-letters,5,taken,2026-09-21T20:10:14.773Z
anayl,5-letters,5,taken,2026-09-21T20:10:14.773Z
gooqm,5-letters,5,taken,2026-09-21T20:10:14.773Z
ihruw,5-letters,5,taken,2026-09-21T20:10:14.773Z
kcenr,5-letters,5,taken,2026-09-21T20:10:14.773Z
xzypp,5-letters,5,taken,2026-09-21T20:10:14.773Z
wunrc,5-letters,5,taken,2026-09-21T20:10:14.773Z
bhdpr,5-letters,5,taken,2026-09-21T20:10:14.773Z
aatma,5-letters,5,taken,2026-09-21T20:10:14.773Z
broxb,5-letters,5,taken,2026-09-21T20:10:14.773Z
kyelh,5-letters,5,taken,2026-09-21T20:10:14.773Z
vttir,5-letters,5,taken,2026-09-21T20:10:14.773Z
oanms,5-letters,5,taken,2026-09-21T20:10:14.773Z
taygt,5-letters,5,taken,2026-09-21T20:10:14.773Z
sfddv,5-letters,5,taken,2026-09-21T20:10:14.773Z
tsomp,5-letters,5,taken,2026-09-21T20:10:14.773Z
qbeoy,5-letters,5,taken,2026-09-21T20:10:14.773Z
gkxnt,5-letters,5,taken,2026-09-21T20:10:14.773Z
fbfps,5-letters,5,taken,2026-09-21T20:10:14.773Z
jvjyr,5-letters,5,taken,2026-09-21T20:10:14.773Z
lphzy,5-letters,5,taken,2026-09-21T20:10:14.773Z
kgdvf,5-letters,5,taken,2026-09-21T20:10:14.773Z
mmxwm,5-letters,5,taken,2026-09-21T20:10:14.773Z
ogtog,5-letters,5,taken,2026-09-21T20:10:14.773Z
rrkmp,5-letters,5,taken,2026-09-21T20:10:14.773Z
qkbiq,5-letters,5,taken,2026-09-21T20:10:14.773Z
wfevl,5-letters,5,taken,2026-09-21T20:10:14.773Z
shxme,5-letters,5,taken,2026-09-21T20:10:14.773Z
rlwkb,5-letters,5,taken,2026-09-21T20:10:14.773Z
xkmft,5-letters,5,taken,2026-09-21T20:10:14.773Z
idory,5-letters,5,taken,2026-09-21T20:10:14.773Z
hadpo,5-letters,5,taken,2026-09-21T20:10:14.773Z
irsrl,5-letters,5,taken,2026-09-21T20:10:14.773Z
vrdxf,5-letters,5,taken,2026-09-21T20:10:14.773Z
bagug,5-letters,5,taken,2026-09-21T20:10:14.773Z
ulart,5-letters,5,taken,2026-09-21T20:10:14.773Z
fkxbn,5-letters,5,taken,2026-09-21T20:10:14.773Z
xvcrq,5-letters,5,taken,2026-09-21T20:10:14.773Z
tmowi,5-letters,5,taken,2026-09-21T20:10:14.773Z
rprnr,5-letters,5,taken,2026-09-21T20:10:14.773Z
knxro,5-letters,5,taken,2026-09-21T20:10:14.773Z
svjhm,5-letters,5,taken,2026-09-21T20:10:14.773Z
njwfv,5-letters,5,taken,2026-09-21T20:10:14.773Z
bqtsu,5-letters,5,taken,2026-09-21T20:10:14.773Z
akyvh,5-letters,5,taken,2026-09-21T20:10:14.773Z
tvzcj,5-letters,5,taken,2026-09-21T20:10:14.773Z
ezkpy,5-letters,5,taken,2026-09-21T20:10:14.773Z
ynjpc,5-letters,5,taken,2026-09-21T20:10:14.773Z
divxd,5-letters,5,taken,2026-09-21T20:10:14.773Z
adtil,5-letters,5,taken,2026-09-21T20:10:14.773Z
vhalf,5-letters,5,taken,2026-09-21T20:10:14.773Z
gktuo,5-letters,5,taken,2026-09-21T20:10:14.773Z
zajsh,5-letters,5,taken,2026-09-21T20:10:14.773Z
jnpjm,5-letters,5,taken,2026-09-21T20:10:14.773Z
juhia,5-letters,5,taken,2026-09-21T20:10:14.773Z
vzsez,5-letters,5,taken,2026-09-21T20:10:14.773Z
aadda,5-letters,5,taken,2026-09-21T20:10:14.773Z
wbcfw,5-letters,5,taken,2026-09-21T20:10:14.773Z
sjccn,5-letters,5,taken,2026-09-21T20:10:14.773Z
cxjqo,5-letters,5,taken,2026-09-21T20:10:14.773Z
ogfvg,5-letters,5,taken,2026-09-21T20:10:14.773Z
oulex,5-letters,5,taken,2026-09-21T20:10:14.773Z
eprcj,5-letters,5,taken,2026-09-21T20:10:14.773Z
hrtvy,5-letters,5,taken,2026-09-21T20:10:14.773Z
cepwb,5-letters,5,taken,2026-09-21T20:10:14.773Z
thwsp,5-letters,5,taken,2026-09-21T20:10:14.773Z
bonbv,5-letters,5,taken,2026-09-21T20:10:14.773Z
udxxj,5-letters,5,taken,2026-09-21T20:10:14.773Z
yjtda,5-letters,5,taken,2026-09-21T20:10:14.773Z
iafvd,5-letters,5,taken,2026-09-21T20:10:14.773Z
iugha,5-letters,5,taken,2026-09-21T20:10:14.773Z
wkzpe,5-letters,5,taken,2026-09-21T20:10:14.773Z
vimpf,5-letters,5,taken,2026-09-21T20:10:14.773Z
euivg,5-letters,5,taken,2026-09-21T20:10:14.773Z
yzjil,5-letters,5,taken,2026-09-21T20:10:14.773Z
hsyjb,5-letters,5,taken,2026-09-21T20:10:14.773Z
kdudx,5-letters,5,taken,2026-09-21T20:10:14.773Z
sixot,5-letters,5,taken,2026-09-21T20:10:14.773Z
lrkbo,5-letters,5,taken,2026-09-21T20:10:14.773Z
buneb,5-letters,5,taken,2026-09-21T20:10:14.773Z
kljhw,5-letters,5,taken,2026-09-21T20:10:14.773Z
lcxrr,5-letters,5,taken,2026-09-21T20:10:14.773Z
erdyp,5-letters,5,taken,2026-09-21T20:10:14.773Z
taihn,5-letters,5,taken,2026-09-21T20:10:14.773Z
khhri,5-letters,5,taken,2026-09-21T20:10:14.773Z
bdlhv,5-letters,5,taken,2026-09-21T20:10:14.773Z
uyoxr,5-letters,5,taken,2026-09-21T20:10:14.773Z
nndyi,5-letters,5,taken,2026-09-21T20:10:14.773Z
noqlm,5-letters,5,taken,2026-09-21T20:10:14.773Z
sqkcq,5-letters,5,taken,2026-09-21T20:10:14.773Z
cvfmp,5-letters,5,taken,2026-09-21T20:10:14.773Z
pwqxe,5-letters,5,taken,2026-09-21T20:10:14.773Z
giknz,5-letters,5,taken,2026-09-21T20:10:14.773Z
bgqaq,5-letters,5,taken,2026-09-21T20:10:14.773Z
apgjl,5-letters,5,taken,2026-09-21T20:10:14.773Z
tmmcu,5-letters,5,taken,2026-09-21T20:10:45.255Z
tdleb,5-letters,5,taken,2026-09-21T20:10:45.255Z
flvtd,5-letters,5,taken,2026-09-21T20:10:45.255Z
bgjgd,5-letters,5,taken,2026-09-21T20:10:45.255Z
luchx,5-letters,5,taken,2026-09-21T20:10:45.255Z
wdfwb,5-letters,5,taken,2026-09-21T20:10:45.255Z
jkbnt,5-letters,5,taken,2026-09-21T20:10:45.255Z
plfir,5-letters,5,taken,2026-09-21T20:10:45.255Z
kpvzw,5-letters,5,taken,2026-09-21T20:10:45.255Z
hnzhz,5-letters,5,taken,2026-09-21T20:10:45.255Z
sepfj,5-letters,5,taken,2026-09-21T20:10:45.255Z
ykbiv,5-letters,5,taken,2026-09-21T20:10:45.255Z
spopr,5-letters,5,taken,2026-09-21T20:10:45.255Z
inqsw,5-letters,5,taken,2026-09-21T20:10:45.255Z
wejeh,5-letters,5,taken,2026-09-21T20:10:45.255Z
frgmy,5-letters,5,taken,2026-09-21T20:10:45.255Z
sxgip,5-letters,5,taken,2026-09-21T20:10:45.255Z
anqez,5-letters,5,taken,2026-09-21T20:10:45.255Z
osohi,5-letters,5,taken,2026-09-21T20:10:45.255Z
xoudy,5-letters,5,taken,2026-09-21T20:10:45.255Z
xndbh,5-letters,5,taken,2026-09-21T20:10:45.255Z
cviwb,5-letters,5,taken,2026-09-21T20:10:45.255Z
nkcbk,5-letters,5,taken,2026-09-21T20:10:45.255Z
kqnon,5-letters,5,taken,2026-09-21T20:10:45.255Z
xrnjl,5-letters,5,taken,2026-09-21T20:10:45.255Z
fmago,5-letters,5,taken,2026-09-21T20:10:45.255Z
ioivy,5-letters,5,taken,2026-09-21T20:10:45.255Z
lhmiz,5-letters,5,taken,2026-09-21T20:10:45.255Z
rdmbs,5-letters,5,taken,2026-09-21T20:10:45.255Z
wihff,5-letters,5,taken,2026-09-21T20:10:45.255Z
nhlok,5-letters,5,taken,2026-09-21T20:10:45.255Z
bgihu,5-letters,5,taken,2026-09-21T20:10:45.255Z
heksv,5-letters,5,taken,2026-09-21T20:10:45.255Z
eswrf,5-letters,5,taken,2026-09-21T20:10:45.255Z
gtcjv,5-letters,5,taken,2026-09-21T20:10:45.255Z
zleil,5-letters,5,taken,2026-09-21T20:10:45.255Z
zopry,5-letters,5,taken,2026-09-21T20:10:45.255Z
upblx,5-letters,5,taken,2026-09-21T20:10:45.255Z
olymk,5-letters,5,taken,2026-09-21T20:10:45.255Z
lssed,5-letters,5,taken,2026-09-21T20:10:45.255Z
xqnrp,5-letters,5,taken,2026-09-21T20:10:45.255Z
znxvh,5-letters,5,taken,2026-09-21T20:10:45.255Z
ldrdh,5-letters,5,taken,2026-09-21T20:10:45.255Z
hdbgt,5-letters,5,taken,2026-09-21T20:10:45.255Z
opdsu,5-letters,5,taken,2026-09-21T20:10:45.255Z
snpdg,5-letters,5,taken,2026-09-21T20:10:45.255Z
wdfcq,5-letters,5,taken,2026-09-21T20:10:45.255Z
lrany,5-letters,5,taken,2026-09-21T20:10:45.255Z
khcse,5-letters,5,taken,2026-09-21T20:10:45.255Z
fqdee,5-letters,5,taken,2026-09-21T20:10:45.255Z
lnpcr,5-letters,5,taken,2026-09-21T20:10:45.255Z
imygr,5-letters,5,taken,2026-09-21T20:10:45.255Z
pgoap,5-letters,5,taken,2026-09-21T20:10:45.255Z
ohifn,5-letters,5,taken,2026-09-21T20:10:45.255Z
shuaw,5-letters,5,taken,2026-09-21T20:10:45.255Z
dpvql,5-letters,5,taken,2026-09-21T20:10:45.255Z
oviwu,5-letters,5,taken,2026-09-21T20:10:45.255Z
whnmo,5-letters,5,taken,2026-09-21T20:10:45.255Z
tkvfz,5-letters,5,taken,2026-09-21T20:10:45.255Z
xbxfj,5-letters,5,taken,2026-09-21T20:10:45.255Z
uzmwn,5-letters,5,taken,2026-09-21T20:10:45.255Z
bobmx,5-letters,5,taken,2026-09-21T20:10:45.255Z
aydgy,5-letters,5,taken,2026-09-21T20:10:45.255Z
irsby,5-letters,5,taken,2026-09-21T20:10:45.255Z
garoj,5-letters,5,taken,2026-09-21T20:10:45.255Z
sympt,5-letters,5,taken,2026-09-21T20:10:45.255Z
wibfo,5-letters,5,taken,2026-09-21T20:10:45.255Z
sipjv,5-letters,5,taken,2026-09-21T20:10:45.255Z
kkbnn,5-letters,5,taken,2026-09-21T20:10:45.255Z
cjppe,5-letters,5,taken,2026-09-21T20:10:45.255Z
whzgb,5-letters,5,taken,2026-09-21T20:10:45.255Z
azqge,5-letters,5,taken,2026-09-21T20:10:45.255Z
arxzl,5-letters,5,taken,2026-09-21T20:10:45.255Z
fvumk,5-letters,5,taken,2026-09-21T20:10:45.255Z
hwhaa,5-letters,5,taken,2026-09-21T20:10:45.255Z
zeuuw,5-letters,5,taken,2026-09-21T20:10:45.255Z
ppfif,5-letters,5,taken,2026-09-21T20:10:45.255Z
bqapz,5-letters,5,taken,2026-09-21T20:10:45.255Z
dlbnt,5-letters,5,taken,2026-09-21T20:10:45.255Z
uvrdw,5-letters,5,taken,2026-09-21T20:10:45.255Z
xkqjb,5-letters,5,taken,2026-09-21T20:10:45.255Z
jfvob,5-letters,5,taken,2026-09-21T20:10:45.255Z
yftpc,5-letters,5,taken,2026-09-21T20:10:45.255Z
cogda,5-letters,5,taken,2026-09-21T20:10:45.255Z
rfcxs,5-letters,5,taken,2026-09-21T20:10:45.255Z
dwkwk,5-letters,5,taken,2026-09-21T20:10:45.255Z
pohfg,5-letters,5,taken,2026-09-21T20:10:45.255Z
awijs,5-letters,5,taken,2026-09-21T20:10:45.255Z
haogs,5-letters,5,taken,2026-09-21T20:10:45.255Z
eeuvu,5-letters,5,taken,2026-09-21T20:10:45.255Z
iteul,5-letters,5,taken,2026-09-21T20:10:45.255Z
ttmwd,5-letters,5,taken,2026-09-21T20:10:45.255Z
quigc,5-letters,5,taken,2026-09-21T20:10:45.255Z
gxbdh,5-letters,5,taken,2026-09-21T20:10:45.255Z
qoosi,5-letters,5,taken,2026-09-21T20:10:45.255Z
pdfcy,5-letters,5,taken,2026-09-21T20:10:45.255Z
bekkl,5-letters,5,taken,2026-09-21T20:10:45.255Z
sugly,5-letters,5,taken,2026-09-21T20:10:45.255Z
ogmrs,5-letters,5,taken,2026-09-21T20:10:45.255Z
dwhyy,5-letters,5,taken,2026-09-21T20:10:45.255Z
qjcur,5-letters,5,taken,2026-09-21T20:11:15.905Z
xnyma,5-letters,5,taken,2026-09-21T20:11:15.905Z
ajgle,5-letters,5,taken,2026-09-21T20:11:15.905Z
skpqj,5-letters,5,taken,2026-09-21T20:11:15.905Z
lhjdt,5-letters,5,taken,2026-09-21T20:11:15.905Z
fcivm,5-letters,5,taken,2026-09-21T20:11:15.905Z
gudli,5-letters,5,taken,2026-09-21T20:11:15.905Z
uoerv,5-letters,5,taken,2026-09-21T20:11:15.905Z
uxltd,5-letters,5,taken,2026-09-21T20:11:15.905Z
ojcci,5-letters,5,taken,2026-09-21T20:11:15.905Z
cnzyy,5-letters,5,taken,2026-09-21T20:11:15.905Z
fjfid,5-letters,5,taken,2026-09-21T20:11:15.905Z
vskvs,5-letters,5,taken,2026-09-21T20:11:15.905Z
ptdem,5-letters,5,taken,2026-09-21T20:11:15.905Z
lnscb,5-letters,5,taken,2026-09-21T20:11:15.905Z
niezy,5-letters,5,taken,2026-09-21T20:11:15.905Z
zeirz,5-letters,5,taken,2026-09-21T20:11:15.905Z
oxera,5-letters,5,taken,2026-09-21T20:11:15.905Z
iflsr,5-letters,5,taken,2026-09-21T20:11:15.905Z
gkqic,5-letters,5,taken,2026-09-21T20:11:15.905Z
jyzvy,5-letters,5,taken,2026-09-21T20:11:15.905Z
rlxzh,5-letters,5,taken,2026-09-21T20:11:15.905Z
ulqvx,5-letters,5,taken,2026-09-21T20:11:15.905Z
malau,5-letters,5,taken,2026-09-21T20:11:15.905Z
ayoqi,5-letters,5,taken,2026-09-21T20:11:15.905Z
swgem,5-letters,5,taken,2026-09-21T20:11:15.905Z
yyuka,5-letters,5,taken,2026-09-21T20:11:15.905Z
cozws,5-letters,5,taken,2026-09-21T20:11:15.905Z
qfuim,5-letters,5,taken,2026-09-21T20:11:15.905Z
bbzdl,5-letters,5,taken,2026-09-21T20:11:15.905Z
vnmuj,5-letters,5,taken,2026-09-21T20:11:15.905Z
sdwho,5-letters,5,taken,2026-09-21T20:11:15.905Z
vcnpd,5-letters,5,taken,2026-09-21T20:11:15.905Z
npvqs,5-letters,5,taken,2026-09-21T20:11:15.905Z
uxjop,5-letters,5,taken,2026-09-21T20:11:15.905Z
tsdee,5-letters,5,taken,2026-09-21T20:11:15.905Z
hrzjt,5-letters,5,taken,2026-09-21T20:11:15.905Z
mstrl,5-letters,5,taken,2026-09-21T20:11:15.905Z
zftmc,5-letters,5,taken,2026-09-21T20:11:15.905Z
gmahl,5-letters,5,taken,2026-09-21T20:11:15.905Z
jzihv,5-letters,5,taken,2026-09-21T20:11:15.905Z
cqsro,5-letters,5,taken,2026-09-21T20:11:15.905Z
drmus,5-letters,5,taken,2026-09-21T20:11:15.905Z
aodgr,5-letters,5,taken,2026-09-21T20:11:15.905Z
rxmeu,5-letters,5,taken,2026-09-21T20:11:15.905Z
mqlcd,5-letters,5,taken,2026-09-21T20:11:15.905Z
glzxl,5-letters,5,taken,2026-09-21T20:11:15.905Z
goohc,5-letters,5,taken,2026-09-21T20:11:15.905Z
pfxlh,5-letters,5,taken,2026-09-21T20:11:15.905Z
nofdk,5-letters,5,taken,2026-09-21T20:11:15.905Z
qcmfc,5-letters,5,taken,2026-09-21T20:11:15.905Z
tfcsn,5-letters,5,taken,2026-09-21T20:11:15.905Z
erywp,5-letters,5,taken,2026-09-21T20:11:15.905Z
xtwmt,5-letters,5,taken,2026-09-21T20:11:15.905Z
gllsd,5-letters,5,taken,2026-09-21T20:11:15.905Z
twslo,5-letters,5,taken,2026-09-21T20:11:15.905Z
aikna,5-letters,5,taken,2026-09-21T20:11:15.905Z
ivxln,5-letters,5,taken,2026-09-21T20:11:15.905Z
lamvh,5-letters,5,taken,2026-09-21T20:11:15.905Z
wxvcj,5-letters,5,taken,2026-09-21T20:11:15.905Z
vkjfb,5-letters,5,taken,2026-09-21T20:11:15.905Z
hbkoe,5-letters,5,taken,2026-09-21T20:11:15.905Z
nogzu,5-letters,5,taken,2026-09-21T20:11:15.905Z
iepig,5-letters,5,taken,2026-09-21T20:11:15.905Z
tipkr,5-letters,5,taken,2026-09-21T20:11:15.905Z
sqrwp,5-letters,5,taken,2026-09-21T20:11:15.905Z
opjnb,5-letters,5,taken,2026-09-21T20:11:15.905Z
fqtlk,5-letters,5,taken,2026-09-21T20:11:15.905Z
btkbx,5-letters,5,taken,2026-09-21T20:11:15.905Z
ctuyz,5-letters,5,taken,2026-09-21T20:11:15.905Z
gwsnd,5-letters,5,taken,2026-09-21T20:11:15.905Z
bswtf,5-letters,5,taken,2026-09-21T20:11:15.905Z
zrukz,5-letters,5,taken,2026-09-21T20:11:15.905Z
uihlq,5-letters,5,taken,2026-09-21T20:11:15.905Z
gfmqx,5-letters,5,taken,2026-09-21T20:11:15.905Z
jvljl,5-letters,5,taken,2026-09-21T20:11:15.905Z
lxmky,5-letters,5,taken,2026-09-21T20:11:15.905Z
qdkqf,5-letters,5,taken,2026-09-21T20:11:15.905Z
hcmnm,5-letters,5,taken,2026-09-21T20:11:15.905Z
ozapx,5-letters,5,taken,2026-09-21T20:11:15.905Z
nlzev,5-letters,5,taken,2026-09-21T20:11:15.905Z
mrrir,5-letters,5,taken,2026-09-21T20:11:15.905Z
tnnwh,5-letters,5,taken,2026-09-21T20:11:15.905Z
xjffk,5-letters,5,taken,2026-09-21T20:11:15.905Z
cjfkm,5-letters,5,taken,2026-09-21T20:11:15.905Z
cjlab,5-letters,5,taken,2026-09-21T20:11:15.905Z
qpbut,5-letters,5,taken,2026-09-21T20:11:15.905Z
mxkcg,5-letters,5,taken,2026-09-21T20:11:15.905Z
mbbtu,5-letters,5,taken,2026-09-21T20:11:15.905Z
dpovd,5-letters,5,taken,2026-09-21T20:11:15.905Z
pwpwq,5-letters,5,taken,2026-09-21T20:11:15.905Z
hmmye,5-letters,5,taken,2026-09-21T20:11:15.905Z
naffq,5-letters,5,taken,2026-09-21T20:11:15.905Z
bdeuq,5-letters,5,taken,2026-09-21T20:11:15.905Z
rotzh,5-letters,5,taken,2026-09-21T20:11:15.905Z
roejg,5-letters,5,taken,2026-09-21T20:11:15.905Z
jcunu,5-letters,5,taken,2026-09-21T20:11:15.905Z
abjnb,5-letters,5,taken,2026-09-21T20:11:15.905Z
kzfcw,5-letters,5,taken,2026-09-21T20:11:15.905Z
fulny,5-letters,5,taken,2026-09-21T20:11:15.905Z
ltbee,5-letters,5,taken,2026-09-21T20:11:46.415Z
yauvr,5-letters,5,taken,2026-09-21T20:11:46.415Z
mnamk,5-letters,5,taken,2026-09-21T20:11:46.415Z
zbvgq,5-letters,5,taken,2026-09-21T20:11:46.415Z
gduxl,5-letters,5,taken,2026-09-21T20:11:46.415Z
gzqka,5-letters,5,taken,2026-09-21T20:11:46.415Z
mdtnb,5-letters,5,taken,2026-09-21T20:11:46.415Z
gcqlf,5-letters,5,taken,2026-09-21T20:11:46.415Z
mcydv,5-letters,5,taken,2026-09-21T20:11:46.415Z
slbxi,5-letters,5,taken,2026-09-21T20:11:46.415Z
tzzup,5-letters,5,taken,2026-09-21T20:11:46.415Z
yuqyq,5-letters,5,taken,2026-09-21T20:11:46.415Z
hlskk,5-letters,5,taken,2026-09-21T20:11:46.415Z
ukjfz,5-letters,5,taken,2026-09-21T20:11:46.415Z
vfjql,5-letters,5,taken,2026-09-21T20:11:46.415Z
acdno,5-letters,5,taken,2026-09-21T20:11:46.415Z
ercou,5-letters,5,taken,2026-09-21T20:11:46.415Z
mfylj,5-letters,5,taken,2026-09-21T20:11:46.415Z
zieqd,5-letters,5,taken,2026-09-21T20:11:46.415Z
ojksa,5-letters,5,taken,2026-09-21T20:11:46.415Z
gjoqd,5-letters,5,taken,2026-09-21T20:11:46.415Z
debdo,5-letters,5,taken,2026-09-21T20:11:46.415Z
wslnh,5-letters,5,taken,2026-09-21T20:11:46.415Z
nanzj,5-letters,5,taken,2026-09-21T20:11:46.415Z
iywgg,5-letters,5,taken,2026-09-21T20:11:46.415Z
krscs,5-letters,5,taken,2026-09-21T20:11:46.415Z
vmrao,5-letters,5,taken,2026-09-21T20:11:46.415Z
qxbwy,5-letters,5,taken,2026-09-21T20:11:46.415Z
dqyzj,5-letters,5,taken,2026-09-21T20:11:46.415Z
ztbhh,5-letters,5,taken,2026-09-21T20:11:46.415Z
rngbc,5-letters,5,taken,2026-09-21T20:11:46.415Z
kvatx,5-letters,5,taken,2026-09-21T20:11:46.415Z
byhzo,5-letters,5,taken,2026-09-21T20:11:46.415Z
nqxhe,5-letters,5,taken,2026-09-21T20:11:46.415Z
uxmsn,5-letters,5,taken,2026-09-21T20:11:46.415Z
ldcxr,5-letters,5,taken,2026-09-21T20:11:46.415Z
fzgcs,5-letters,5,taken,2026-09-21T20:11:46.415Z
wtabv,5-letters,5,taken,2026-09-21T20:11:46.415Z
niwja,5-letters,5,taken,2026-09-21T20:11:46.415Z
mlvgu,5-letters,5,taken,2026-09-21T20:11:46.415Z
dcmzc,5-letters,5,taken,2026-09-21T20:11:46.415Z
yokta,5-letters,5,taken,2026-09-21T20:11:46.415Z
knjcq,5-letters,5,taken,2026-09-21T20:11:46.415Z
tdqjw,5-letters,5,taken,2026-09-21T20:11:46.415Z
hddju,5-letters,5,taken,2026-09-21T20:11:46.415Z
dgqrz,5-letters,5,taken,2026-09-21T20:11:46.415Z
wkwko,5-letters,5,taken,2026-09-21T20:11:46.415Z
zsfvv,5-letters,5,taken,2026-09-21T20:11:46.415Z
lvvdd,5-letters,5,taken,2026-09-21T20:11:46.415Z
bybqw,5-letters,5,taken,2026-09-21T20:11:46.415Z
miyhi,5-letters,5,taken,2026-09-21T20:11:46.415Z
hcuyw,5-letters,5,taken,2026-09-21T20:11:46.415Z
ldbcf,5-letters,5,taken,2026-09-21T20:11:46.415Z
pyciz,5-letters,5,taken,2026-09-21T20:11:46.415Z
ljopx,5-letters,5,taken,2026-09-21T20:11:46.415Z
dzdja,5-letters,5,taken,2026-09-21T20:11:46.415Z
wirjh,5-letters,5,taken,2026-09-21T20:11:46.415Z
fysta,5-letters,5,taken,2026-09-21T20:11:46.415Z
hrftr,5-letters,5,taken,2026-09-21T20:11:46.415Z
lnuiq,5-letters,5,taken,2026-09-21T20:11:46.415Z
cwawe,5-letters,5,taken,2026-09-21T20:11:46.415Z
kkjdl,5-letters,5,taken,2026-09-21T20:11:46.415Z
shjxd,5-letters,5,taken,2026-09-21T20:11:46.415Z
xeewf,5-letters,5,taken,2026-09-21T20:11:46.415Z
tetrf,5-letters,5,taken,2026-09-21T20:11:46.415Z
yvmlt,5-letters,5,taken,2026-09-21T20:11:46.415Z
mvshc,5-letters,5,taken,2026-09-21T20:11:46.415Z
cdhff,5-letters,5,taken,2026-09-21T20:11:46.415Z
zxpfw,5-letters,5,taken,2026-09-21T20:11:46.415Z
orjud,5-letters,5,taken,2026-09-21T20:11:46.415Z
qetkm,5-letters,5,taken,2026-09-21T20:11:46.415Z
yvyqx,5-letters,5,taken,2026-09-21T20:11:46.415Z
niwiz,5-letters,5,taken,2026-09-21T20:11:46.415Z
qfkdk,5-letters,5,taken,2026-09-21T20:11:46.415Z
qhpne,5-letters,5,taken,2026-09-21T20:11:46.415Z
hskqx,5-letters,5,taken,2026-09-21T20:11:46.415Z
rxrgo,5-letters,5,taken,2026-09-21T20:11:46.415Z
xhhop,5-letters,5,taken,2026-09-21T20:11:46.415Z
tahhe,5-letters,5,taken,2026-09-21T20:11:46.415Z
svhee,5-letters,5,taken,2026-09-21T20:11:46.415Z
avnxt,5-letters,5,taken,2026-09-21T20:11:46.415Z
omfpz,5-letters,5,taken,2026-09-21T20:11:46.415Z
yuclz,5-letters,5,taken,2026-09-21T20:11:46.415Z
isgnh,5-letters,5,taken,2026-09-21T20:11:46.415Z
kutug,5-letters,5,taken,2026-09-21T20:11:46.415Z
ykmwz,5-letters,5,taken,2026-09-21T20:11:46.415Z
zalde,5-letters,5,taken,2026-09-21T20:11:46.415Z
wexrc,5-letters,5,taken,2026-09-21T20:11:46.415Z
dvyix,5-letters,5,taken,2026-09-21T20:11:46.415Z
caodc,5-letters,5,taken,2026-09-21T20:11:46.415Z
ykbjp,5-letters,5,taken,2026-09-21T20:11:46.415Z
axkai,5-letters,5,taken,2026-09-21T20:11:46.415Z
ozvgm,5-letters,5,taken,2026-09-21T20:11:46.415Z
fvxpj,5-letters,5,taken,2026-09-21T20:11:46.415Z
lqypz,5-letters,5,taken,2026-09-21T20:11:46.415Z
cnvir,5-letters,5,taken,2026-09-21T20:11:46.415Z
rswgy,5-letters,5,taken,2026-09-21T20:11:46.415Z
jtfzj,5-letters,5,taken,2026-09-21T20:11:46.415Z
shqxt,5-letters,5,taken,2026-09-21T20:11:46.415Z
nvopv,5-letters,5,taken,2026-09-21T20:11:46.415Z
etdbv,5-letters,5,taken,2026-09-21T20:12:17.063Z
mhwji,5-letters,5,taken,2026-09-21T20:12:17.063Z
crwoi,5-letters,5,taken,2026-09-21T20:12:17.063Z
fzyma,5-letters,5,taken,2026-09-21T20:12:17.063Z
neghn,5-letters,5,taken,2026-09-21T20:12:17.063Z
lumyo,5-letters,5,taken,2026-09-21T20:12:17.063Z
bgyev,5-letters,5,taken,2026-09-21T20:12:17.063Z
uatti,5-letters,5,taken,2026-09-21T20:12:17.063Z
fwnzd,5-letters,5,taken,2026-09-21T20:12:17.063Z
jrgmo,5-letters,5,taken,2026-09-21T20:12:17.063Z
jehxr,5-letters,5,taken,2026-09-21T20:12:17.063Z
mbsyc,5-letters,5,taken,2026-09-21T20:12:17.063Z
kgpuo,5-letters,5,taken,2026-09-21T20:12:17.063Z
wnzqo,5-letters,5,taken,2026-09-21T20:12:17.063Z
wcpuu,5-letters,5,taken,2026-09-21T20:12:17.063Z
bkykb,5-letters,5,taken,2026-09-21T20:12:17.063Z
lmrcz,5-letters,5,taken,2026-09-21T20:12:17.063Z
gvdhe,5-letters,5,taken,2026-09-21T20:12:17.063Z
ktpdt,5-letters,5,taken,2026-09-21T20:12:17.063Z
ntxjp,5-letters,5,taken,2026-09-21T20:12:17.063Z
usuup,5-letters,5,taken,2026-09-21T20:12:17.063Z
ortao,5-letters,5,taken,2026-09-21T20:12:17.063Z
evbew,5-letters,5,taken,2026-09-21T20:12:17.063Z
dctcq,5-letters,5,taken,2026-09-21T20:12:17.063Z
zkngg,5-letters,5,taken,2026-09-21T20:12:17.063Z
yjbqk,5-letters,5,taken,2026-09-21T20:12:17.063Z
vhbex,5-letters,5,taken,2026-09-21T20:12:17.063Z
zkcpw,5-letters,5,taken,2026-09-21T20:12:17.063Z
hmbzn,5-letters,5,taken,2026-09-21T20:12:17.063Z
jynfh,5-letters,5,taken,2026-09-21T20:12:17.063Z
atgqu,5-letters,5,taken,2026-09-21T20:12:17.063Z
vcmrm,5-letters,5,taken,2026-09-21T20:12:17.063Z
uuulq,5-letters,5,taken,2026-09-21T20:12:17.063Z
pxgfo,5-letters,5,taken,2026-09-21T20:12:17.063Z
oobip,5-letters,5,taken,2026-09-21T20:12:17.063Z
omjmg,5-letters,5,taken,2026-09-21T20:12:17.063Z
hixqa,5-letters,5,taken,2026-09-21T20:12:17.063Z
dwzdf,5-letters,5,taken,2026-09-21T20:12:17.063Z
eedmj,5-letters,5,taken,2026-09-21T20:12:17.063Z
qxccz,5-letters,5,taken,2026-09-21T20:12:17.063Z
rpcqd,5-letters,5,taken,2026-09-21T20:12:17.063Z
trwmw,5-letters,5,taken,2026-09-21T20:12:17.063Z
imlxy,5-letters,5,taken,2026-09-21T20:12:17.063Z
ivkzw,5-letters,5,taken,2026-09-21T20:12:17.063Z
xbguo,5-letters,5,taken,2026-09-21T20:12:17.063Z
jlers,5-letters,5,taken,2026-09-21T20:12:17.063Z
fadyk,5-letters,5,taken,2026-09-21T20:12:17.063Z
lbyts,5-letters,5,taken,2026-09-21T20:12:17.063Z
jnrvm,5-letters,5,taken,2026-09-21T20:12:17.063Z
annvi,5-letters,5,taken,2026-09-21T20:12:17.063Z
hexeq,5-letters,5,taken,2026-09-21T20:12:17.063Z
iogga,5-letters,5,taken,2026-09-21T20:12:17.063Z
ewpsc,5-letters,5,taken,2026-09-21T20:12:17.063Z
ccppm,5-letters,5,taken,2026-09-21T20:12:17.063Z
jcpvi,5-letters,5,taken,2026-09-21T20:12:17.063Z
smdmk,5-letters,5,taken,2026-09-21T20:12:17.063Z
fttol,5-letters,5,taken,2026-09-21T20:12:17.063Z
lrquc,5-letters,5,taken,2026-09-21T20:12:17.063Z
biotn,5-letters,5,taken,2026-09-21T20:12:17.063Z
cijkz,5-letters,5,taken,2026-09-21T20:12:17.063Z
xpdrh,5-letters,5,taken,2026-09-21T20:12:17.063Z
mhgzp,5-letters,5,taken,2026-09-21T20:12:17.063Z
ltonk,5-letters,5,taken,2026-09-21T20:12:17.063Z
ttkhg,5-letters,5,taken,2026-09-21T20:12:17.063Z
qizod,5-letters,5,taken,2026-09-21T20:12:17.063Z
ueicd,5-letters,5,taken,2026-09-21T20:12:17.063Z
snxnj,5-letters,5,taken,2026-09-21T20:12:17.063Z
dskop,5-letters,5,taken,2026-09-21T20:12:17.063Z
zuiul,5-letters,5,taken,2026-09-21T20:12:17.063Z
vyqqi,5-letters,5,taken,2026-09-21T20:12:17.063Z
jiuhl,5-letters,5,taken,2026-09-21T20:12:17.063Z
csska,5-letters,5,taken,2026-09-21T20:12:17.063Z
xnvlp,5-letters,5,taken,2026-09-21T20:12:17.063Z
yflnx,5-letters,5,taken,2026-09-21T20:12:17.063Z
kpafv,5-letters,5,taken,2026-09-21T20:12:17.063Z
zhvgw,5-letters,5,taken,2026-09-21T20:12:17.063Z
hzvvd,5-letters,5,taken,2026-09-21T20:12:17.063Z
merrt,5-letters,5,taken,2026-09-21T20:12:17.063Z
zkrcj,5-letters,5,taken,2026-09-21T20:12:17.063Z
ypwun,5-letters,5,taken,2026-09-21T20:12:17.063Z
bnhay,5-letters,5,taken,2026-09-21T20:12:17.063Z
comlh,5-letters,5,taken,2026-09-21T20:12:17.063Z
cbfvt,5-letters,5,taken,2026-09-21T20:12:17.063Z
evibx,5-letters,5,taken,2026-09-21T20:12:17.063Z
bgwrt,5-letters,5,taken,2026-09-21T20:12:17.063Z
bqyet,5-letters,5,taken,2026-09-21T20:12:17.063Z
paucn,5-letters,5,taken,2026-09-21T20:12:17.063Z
wywyv,5-letters,5,taken,2026-09-21T20:12:17.063Z
acags,5-letters,5,taken,2026-09-21T20:12:17.063Z
vhiga,5-letters,5,taken,2026-09-21T20:12:17.063Z
orkzl,5-letters,5,taken,2026-09-21T20:12:17.063Z
iydxg,5-letters,5,taken,2026-09-21T20:12:17.063Z
pytmb,5-letters,5,taken,2026-09-21T20:12:17.063Z
ltwcm,5-letters,5,taken,2026-09-21T20:12:17.063Z
tgkzk,5-letters,5,taken,2026-09-21T20:12:17.063Z
aqkqf,5-letters,5,taken,2026-09-21T20:12:17.063Z
bymiu,5-letters,5,taken,2026-09-21T20:12:17.063Z
xkwmo,5-letters,5,taken,2026-09-21T20:12:17.063Z
hupjm,5-letters,5,taken,2026-09-21T20:12:17.063Z
psgus,5-letters,5,taken,2026-09-21T20:12:17.063Z
njnaf,5-letters,5,taken,2026-09-21T20:12:47.595Z
gpzwp,5-letters,5,taken,2026-09-21T20:12:47.595Z
hibba,5-letters,5,taken,2026-09-21T20:12:47.595Z
nfsyb,5-letters,5,taken,2026-09-21T20:12:47.595Z
zqpzy,5-letters,5,taken,2026-09-21T20:12:47.595Z
lqqcu,5-letters,5,taken,2026-09-21T20:12:47.595Z
qzgdz,5-letters,5,taken,2026-09-21T20:12:47.595Z
luwwq,5-letters,5,taken,2026-09-21T20:12:47.595Z
muxpr,5-letters,5,taken,2026-09-21T20:12:47.595Z
yrrmq,5-letters,5,taken,2026-09-21T20:12:47.595Z
stdpl,5-letters,5,taken,2026-09-21T20:12:47.595Z
nipft,5-letters,5,taken,2026-09-21T20:12:47.595Z
jwanl,5-letters,5,taken,2026-09-21T20:12:47.595Z
gwehm,5-letters,5,taken,2026-09-21T20:12:47.595Z
sceqe,5-letters,5,taken,2026-09-21T20:12:47.595Z
dexgj,5-letters,5,taken,2026-09-21T20:12:47.595Z
vwfzn,5-letters,5,taken,2026-09-21T20:12:47.595Z
vavwa,5-letters,5,taken,2026-09-21T20:12:47.595Z
ewzth,5-letters,5,taken,2026-09-21T20:12:47.595Z
fmpnv,5-letters,5,taken,2026-09-21T20:12:47.595Z
ivaws,5-letters,5,taken,2026-09-21T20:12:47.595Z
jkhhd,5-letters,5,taken,2026-09-21T20:12:47.595Z
gmgee,5-letters,5,taken,2026-09-21T20:12:47.595Z
ozopc,5-letters,5,taken,2026-09-21T20:12:47.595Z
mbnid,5-letters,5,taken,2026-09-21T20:12:47.595Z
mkvon,5-letters,5,taken,2026-09-21T20:12:47.595Z
uldys,5-letters,5,taken,2026-09-21T20:12:47.595Z
ubnik,5-letters,5,taken,2026-09-21T20:12:47.595Z
xlkbm,5-letters,5,taken,2026-09-21T20:12:47.595Z
auycq,5-letters,5,taken,2026-09-21T20:12:47.595Z
ughsh,5-letters,5,taken,2026-09-21T20:12:47.595Z
ejfzt,5-letters,5,taken,2026-09-21T20:12:47.595Z
ydqxq,5-letters,5,taken,2026-09-21T20:12:47.595Z
ltxzv,5-letters,5,taken,2026-09-21T20:12:47.595Z
zkwqj,5-letters,5,taken,2026-09-21T20:12:47.595Z
kwoeq,5-letters,5,taken,2026-09-21T20:12:47.595Z
repgk,5-letters,5,taken,2026-09-21T20:12:47.595Z
fgzta,5-letters,5,taken,2026-09-21T20:12:47.595Z
awusq,5-letters,5,taken,2026-09-21T20:12:47.595Z
aiamz,5-letters,5,taken,2026-09-21T20:12:47.595Z
zmkwv,5-letters,5,taken,2026-09-21T20:12:47.595Z
lmyca,5-letters,5,taken,2026-09-21T20:12:47.595Z
bqanl,5-letters,5,taken,2026-09-21T20:12:47.595Z
lndjl,5-letters,5,taken,2026-09-21T20:12:47.595Z
uwvwy,5-letters,5,taken,2026-09-21T20:12:47.595Z
doivb,5-letters,5,taken,2026-09-21T20:12:47.595Z
blceu,5-letters,5,taken,2026-09-21T20:12:47.595Z
dxszh,5-letters,5,taken,2026-09-21T20:12:47.595Z
xiilr,5-letters,5,taken,2026-09-21T20:12:47.595Z
exkbl,5-letters,5,taken,2026-09-21T20:12:47.595Z
pwutp,5-letters,5,taken,2026-09-21T20:12:47.595Z
uwwki,5-letters,5,taken,2026-09-21T20:12:47.595Z
pxqcl,5-letters,5,taken,2026-09-21T20:12:47.595Z
cwkia,5-letters,5,taken,2026-09-21T20:12:47.595Z
aixhm,5-letters,5,taken,2026-09-21T20:12:47.595Z
dffsg,5-letters,5,taken,2026-09-21T20:12:47.595Z
qvogy,5-letters,5,taken,2026-09-21T20:12:47.595Z
elyfb,5-letters,5,taken,2026-09-21T20:12:47.595Z
bcdcu,5-letters,5,taken,2026-09-21T20:12:47.595Z
azbtq,5-letters,5,taken,2026-09-21T20:12:47.595Z
nvzfw,5-letters,5,taken,2026-09-21T20:12:47.595Z
kqbkf,5-letters,5,taken,2026-09-21T20:12:47.595Z
tmgtg,5-letters,5,taken,2026-09-21T20:12:47.595Z
yzopj,5-letters,5,taken,2026-09-21T20:12:47.595Z
fmqxv,5-letters,5,taken,2026-09-21T20:12:47.595Z
wvozl,5-letters,5,taken,2026-09-21T20:12:47.595Z
rkryn,5-letters,5,taken,2026-09-21T20:12:47.595Z
apkxp,5-letters,5,taken,2026-09-21T20:12:47.595Z
psuik,5-letters,5,taken,2026-09-21T20:12:47.595Z
ixdmv,5-letters,5,taken,2026-09-21T20:12:47.595Z
rrkln,5-letters,5,taken,2026-09-21T20:12:47.595Z
piuae,5-letters,5,taken,2026-09-21T20:12:47.595Z
wfkpb,5-letters,5,taken,2026-09-21T20:12:47.595Z
hkwzu,5-letters,5,taken,2026-09-21T20:12:47.595Z
cdfvi,5-letters,5,taken,2026-09-21T20:12:47.595Z
bfefz,5-letters,5,taken,2026-09-21T20:12:47.595Z
laovy,5-letters,5,taken,2026-09-21T20:12:47.595Z
iftqk,5-letters,5,taken,2026-09-21T20:12:47.595Z
wqkqa,5-letters,5,taken,2026-09-21T20:12:47.595Z
bjrmk,5-letters,5,taken,2026-09-21T20:12:47.595Z
jzvks,5-letters,5,taken,2026-09-21T20:12:47.595Z
siwhx,5-letters,5,taken,2026-09-21T20:12:47.595Z
fjnbe,5-letters,5,taken,2026-09-21T20:12:47.595Z
iqmrs,5-letters,5,taken,2026-09-21T20:12:47.595Z
dfaue,5-letters,5,taken,2026-09-21T20:12:47.595Z
eixhi,5-letters,5,taken,2026-09-21T20:12:47.595Z
qujes,5-letters,5,taken,2026-09-21T20:12:47.595Z
cbqxi,5-letters,5,taken,2026-09-21T20:12:47.595Z
mdrkq,5-letters,5,taken,2026-09-21T20:12:47.595Z
rbxbh,5-letters,5,taken,2026-09-21T20:12:47.595Z
lbwci,5-letters,5,taken,2026-09-21T20:12:47.595Z
mtwvb,5-letters,5,taken,2026-09-21T20:12:47.595Z
evyoz,5-letters,5,taken,2026-09-21T20:12:47.595Z
wpbmb,5-letters,5,taken,2026-09-21T20:12:47.595Z
fontp,5-letters,5,taken,2026-09-21T20:12:47.595Z
ojxln,5-letters,5,taken,2026-09-21T20:12:47.595Z
dnxsm,5-letters,5,taken,2026-09-21T20:12:47.595Z
mreas,5-letters,5,taken,2026-09-21T20:12:47.595Z
hrunb,5-letters,5,taken,2026-09-21T20:12:47.595Z
gidos,5-letters,5,taken,2026-09-21T20:12:47.595Z
tmgcx,5-letters,5,taken,2026-09-21T20:13:18.138Z
ywffx,5-letters,5,taken,2026-09-21T20:13:18.138Z
baaik,5-letters,5,taken,2026-09-21T20:13:18.138Z
eqxgw,5-letters,5,taken,2026-09-21T20:13:18.138Z
naves,5-letters,5,taken,2026-09-21T20:13:18.138Z
qjmta,5-letters,5,taken,2026-09-21T20:13:18.138Z
obyyd,5-letters,5,taken,2026-09-21T20:13:18.138Z
wncus,5-letters,5,taken,2026-09-21T20:13:18.138Z
vwinn,5-letters,5,taken,2026-09-21T20:13:18.138Z
zhojs,5-letters,5,taken,2026-09-21T20:13:18.138Z
nzgla,5-letters,5,taken,2026-09-21T20:13:18.138Z
hzdzb,5-letters,5,taken,2026-09-21T20:13:18.138Z
irwwp,5-letters,5,taken,2026-09-21T20:13:18.138Z
gvkyn,5-letters,5,taken,2026-09-21T20:13:18.138Z
nqhdf,5-letters,5,taken,2026-09-21T20:13:18.138Z
rsflt,5-letters,5,taken,2026-09-21T20:13:18.138Z
jowuy,5-letters,5,taken,2026-09-21T20:13:18.138Z
qlrao,5-letters,5,taken,2026-09-21T20:13:18.138Z
bdvrg,5-letters,5,taken,2026-09-21T20:13:18.138Z
ldlqd,5-letters,5,taken,2026-09-21T20:13:18.138Z
enjmw,5-letters,5,taken,2026-09-21T20:13:18.138Z
cloee,5-letters,5,taken,2026-09-21T20:13:18.138Z
ancdd,5-letters,5,taken,2026-09-21T20:13:18.138Z
ufrau,5-letters,5,taken,2026-09-21T20:13:18.138Z
hnyok,5-letters,5,taken,2026-09-21T20:13:18.138Z
lrzxf,5-letters,5,taken,2026-09-21T20:13:18.138Z
alylk,5-letters,5,taken,2026-09-21T20:13:18.138Z
wckvi,5-letters,5,taken,2026-09-21T20:13:18.138Z
gdnsc,5-letters,5,taken,2026-09-21T20:13:18.138Z
txpcm,5-letters,5,taken,2026-09-21T20:13:18.138Z
lggxq,5-letters,5,taken,2026-09-21T20:13:18.138Z
lggrz,5-letters,5,taken,2026-09-21T20:13:18.138Z
umehe,5-letters,5,taken,2026-09-21T20:13:18.138Z
geuxw,5-letters,5,taken,2026-09-21T20:13:18.138Z
gadqu,5-letters,5,taken,2026-09-21T20:13:18.138Z
kroft,5-letters,5,taken,2026-09-21T20:13:18.138Z
jxpui,5-letters,5,taken,2026-09-21T20:13:18.138Z
abcop,5-letters,5,taken,2026-09-21T20:13:18.138Z
qeirp,5-letters,5,taken,2026-09-21T20:13:18.138Z
sdica,5-letters,5,taken,2026-09-21T20:13:18.138Z
rikwa,5-letters,5,taken,2026-09-21T20:13:18.138Z
uwtjx,5-letters,5,taken,2026-09-21T20:13:18.138Z
lbehh,5-letters,5,taken,2026-09-21T20:13:18.138Z
tvojm,5-letters,5,taken,2026-09-21T20:13:18.138Z
uorqw,5-letters,5,taken,2026-09-21T20:13:18.138Z
hsonx,5-letters,5,taken,2026-09-21T20:13:18.138Z
nvqym,5-letters,5,taken,2026-09-21T20:13:18.138Z
cuuug,5-letters,5,taken,2026-09-21T20:13:18.138Z
qgeuf,5-letters,5,taken,2026-09-21T20:13:18.138Z
noomg,5-letters,5,taken,2026-09-21T20:13:18.138Z
toblh,5-letters,5,taken,2026-09-21T20:13:18.138Z
txlke,5-letters,5,taken,2026-09-21T20:13:18.138Z
kmbvt,5-letters,5,taken,2026-09-21T20:13:18.138Z
bihzn,5-letters,5,taken,2026-09-21T20:13:18.138Z
snstz,5-letters,5,taken,2026-09-21T20:13:18.138Z
qdjby,5-letters,5,taken,2026-09-21T20:13:18.138Z
zpfmc,5-letters,5,taken,2026-09-21T20:13:18.138Z
lgmmy,5-letters,5,taken,2026-09-21T20:13:18.138Z
sknvq,5-letters,5,taken,2026-09-21T20:13:18.138Z
uvwii,5-letters,5,taken,2026-09-21T20:13:18.138Z
mojop,5-letters,5,taken,2026-09-21T20:13:18.138Z
krany,5-letters,5,taken,2026-09-21T20:13:18.138Z
vdtsy,5-letters,5,taken,2026-09-21T20:13:18.138Z
qzzeb,5-letters,5,taken,2026-09-21T20:13:18.138Z
wpimx,5-letters,5,taken,2026-09-21T20:13:18.138Z
dglat,5-letters,5,taken,2026-09-21T20:13:18.138Z
uogcj,5-letters,5,taken,2026-09-21T20:13:18.138Z
sdcfu,5-letters,5,taken,2026-09-21T20:13:18.138Z
dauic,5-letters,5,taken,2026-09-21T20:13:18.138Z
qkisp,5-letters,5,taken,2026-09-21T20:13:18.138Z
xspux,5-letters,5,taken,2026-09-21T20:13:18.138Z
aembk,5-letters,5,taken,2026-09-21T20:13:18.138Z
lckdr,5-letters,5,taken,2026-09-21T20:13:18.138Z
htpyf,5-letters,5,taken,2026-09-21T20:13:18.138Z
ityex,5-letters,5,taken,2026-09-21T20:13:18.138Z
lmkhg,5-letters,5,taken,2026-09-21T20:13:18.138Z
uwhvu,5-letters,5,taken,2026-09-21T20:13:18.138Z
djbmt,5-letters,5,taken,2026-09-21T20:13:18.138Z
tctdl,5-letters,5,taken,2026-09-21T20:13:18.138Z
usqxf,5-letters,5,taken,2026-09-21T20:13:18.138Z
szilt,5-letters,5,taken,2026-09-21T20:13:18.138Z
hippe,5-letters,5,taken,2026-09-21T20:13:18.138Z
eexlw,5-letters,5,taken,2026-09-21T20:13:18.138Z
rkado,5-letters,5,taken,2026-09-21T20:13:18.138Z
imyen,5-letters,5,taken,2026-09-21T20:13:18.138Z
xahqh,5-letters,5,taken,2026-09-21T20:13:18.138Z
ndtpz,5-letters,5,taken,2026-09-21T20:13:18.138Z
clnux,5-letters,5,taken,2026-09-21T20:13:18.138Z
egsuo,5-letters,5,taken,2026-09-21T20:13:18.138Z
tsavz,5-letters,5,taken,2026-09-21T20:13:18.138Z
dcdar,5-letters,5,taken,2026-09-21T20:13:18.138Z
xycte,5-letters,5,taken,2026-09-21T20:13:18.138Z
anlxu,5-letters,5,taken,2026-09-21T20:13:18.138Z
koawh,5-letters,5,taken,2026-09-21T20:13:18.138Z
ahicm,5-letters,5,taken,2026-09-21T20:13:18.138Z
sfqlp,5-letters,5,taken,2026-09-21T20:13:18.138Z
sperv,5-letters,5,taken,2026-09-21T20:13:18.138Z
yqlkl,5-letters,5,taken,2026-09-21T20:13:18.138Z
kflzq,5-letters,5,taken,2026-09-21T20:13:18.138Z
nndmy,5-letters,5,taken,2026-09-21T20:13:18.138Z
jktat,5-letters,5,taken,2026-09-21T20:13:48.677Z
oslin,5-letters,5,taken,2026-09-21T20:13:48.677Z
egmnr,5-letters,5,taken,2026-09-21T20:13:48.677Z
uhrux,5-letters,5,taken,2026-09-21T20:13:48.677Z
cguey,5-letters,5,taken,2026-09-21T20:13:48.677Z
xgalw,5-letters,5,taken,2026-09-21T20:13:48.677Z
soave,5-letters,5,taken,2026-09-21T20:13:48.677Z
rhkup,5-letters,5,taken,2026-09-21T20:13:48.677Z
ubfne,5-letters,5,taken,2026-09-21T20:13:48.677Z
cgzrg,5-letters,5,taken,2026-09-21T20:13:48.677Z
qmqxg,5-letters,5,taken,2026-09-21T20:13:48.677Z
skgft,5-letters,5,taken,2026-09-21T20:13:48.677Z
fvjcz,5-letters,5,taken,2026-09-21T20:13:48.677Z
bcvdj,5-letters,5,taken,2026-09-21T20:13:48.677Z
ynnxq,5-letters,5,taken,2026-09-21T20:13:48.677Z
nbnuw,5-letters,5,taken,2026-09-21T20:13:48.677Z
dadtg,5-letters,5,taken,2026-09-21T20:13:48.677Z
nhhhb,5-letters,5,taken,2026-09-21T20:13:48.677Z
jglsc,5-letters,5,taken,2026-09-21T20:13:48.677Z
huhuu,5-letters,5,taken,2026-09-21T20:13:48.677Z
yjzqx,5-letters,5,taken,2026-09-21T20:13:48.677Z
pdzww,5-letters,5,taken,2026-09-21T20:13:48.677Z
tfstb,5-letters,5,taken,2026-09-21T20:13:48.677Z
lrrow,5-letters,5,taken,2026-09-21T20:13:48.677Z
mpbrs,5-letters,5,taken,2026-09-21T20:13:48.677Z
uiucr,5-letters,5,taken,2026-09-21T20:13:48.677Z
umiij,5-letters,5,taken,2026-09-21T20:13:48.677Z
shwsi,5-letters,5,taken,2026-09-21T20:13:48.677Z
hbmud,5-letters,5,taken,2026-09-21T20:13:48.677Z
rpinc,5-letters,5,taken,2026-09-21T20:13:48.677Z
mqnzm,5-letters,5,taken,2026-09-21T20:13:48.677Z
yafej,5-letters,5,taken,2026-09-21T20:13:48.677Z
ilofy,5-letters,5,taken,2026-09-21T20:13:48.677Z
wlbet,5-letters,5,taken,2026-09-21T20:13:48.677Z
cjjwo,5-letters,5,taken,2026-09-21T20:13:48.677Z
orcjm,5-letters,5,taken,2026-09-21T20:13:48.677Z
yjvva,5-letters,5,taken,2026-09-21T20:13:48.677Z
bcijq,5-letters,5,taken,2026-09-21T20:13:48.677Z
fldyh,5-letters,5,taken,2026-09-21T20:13:48.677Z
rngcg,5-letters,5,taken,2026-09-21T20:13:48.677Z
uzjdx,5-letters,5,taken,2026-09-21T20:13:48.677Z
sbirw,5-letters,5,taken,2026-09-21T20:13:48.677Z
kstce,5-letters,5,taken,2026-09-21T20:13:48.677Z
tzuio,5-letters,5,taken,2026-09-21T20:13:48.677Z
sscyf,5-letters,5,taken,2026-09-21T20:13:48.677Z
tivep,5-letters,5,taken,2026-09-21T20:13:48.677Z
zdjtk,5-letters,5,taken,2026-09-21T20:13:48.677Z
vbfen,5-letters,5,taken,2026-09-21T20:13:48.677Z
plovl,5-letters,5,taken,2026-09-21T20:13:48.677Z
bsumx,5-letters,5,taken,2026-09-21T20:13:48.677Z
hgilq,5-letters,5,taken,2026-09-21T20:13:48.677Z
,5-letters,5,blocked,2026-09-21T20:39:41.578Z
uwntj,5-letters,5,taken,2026-09-21T20:13:48.677Z
efhbk,5-letters,5,taken,2026-09-21T20:13:48.677Z
qgklc,5-letters,5,taken,2026-09-21T20:13:48.677Z
pdqvg,5-letters,5,taken,2026-09-21T20:13:48.677Z
incrt,5-letters,5,taken,2026-09-21T20:13:48.677Z
tmsia,5-letters,5,taken,2026-09-21T20:13:48.677Z
syjxr,5-letters,5,taken,2026-09-21T20:13:48.677Z
jcdzt,5-letters,5,taken,2026-09-21T20:13:48.677Z
vltcw,5-letters,5,taken,2026-09-21T20:13:48.677Z
wbuvk,5-letters,5,taken,2026-09-21T20:13:48.677Z
gmusf,5-letters,5,taken,2026-09-21T20:13:48.677Z
asbtv,5-letters,5,taken,2026-09-21T20:13:48.677Z
zzaio,5-letters,5,taken,2026-09-21T20:13:48.677Z
gdlrf,5-letters,5,taken,2026-09-21T20:13:48.677Z
vjxqd,5-letters,5,taken,2026-09-21T20:13:48.677Z
rgtnz,5-letters,5,taken,2026-09-21T20:13:48.677Z
vaasd,5-letters,5,taken,2026-09-21T20:13:48.677Z
kawrc,5-letters,5,taken,2026-09-21T20:13:48.677Z
kjvge,5-letters,5,taken,2026-09-21T20:13:48.677Z
cdfvz,5-letters,5,taken,2026-09-21T20:13:48.677Z
buptw,5-letters,5,taken,2026-09-21T20:13:48.677Z
lqvbs,5-letters,5,taken,2026-09-21T20:13:48.677Z
flqqo,5-letters,5,taken,2026-09-21T20:13:48.677Z
mhbgk,5-letters,5,taken,2026-09-21T20:13:48.677Z
unira,5-letters,5,taken,2026-09-21T20:13:48.677Z
zogml,5-letters,5,taken,2026-09-21T20:13:48.677Z
icobd,5-letters,5,taken,2026-09-21T20:13:48.677Z
keywq,5-letters,5,taken,2026-09-21T20:13:48.677Z
srgmd,5-letters,5,taken,2026-09-21T20:13:48.677Z
yktdp,5-letters,5,taken,2026-09-21T20:13:48.677Z
warmz,5-letters,5,taken,2026-09-21T20:13:48.677Z
vavec,5-letters,5,taken,2026-09-21T20:13:48.677Z
kckhr,5-letters,5,taken,2026-09-21T20:13:48.677Z
rdbkw,5-letters,5,taken,2026-09-21T20:13:48.677Z
cmryn,5-letters,5,taken,2026-09-21T20:13:48.677Z
vhiua,5-letters,5,taken,2026-09-21T20:13:48.677Z
vwjzq,5-letters,5,taken,2026-09-21T20:13:48.677Z
ryhwi,5-letters,5,taken,2026-09-21T20:13:48.677Z
lqyzy,5-letters,5,taken,2026-09-21T20:13:48.677Z
sxeto,5-letters,5,taken,2026-09-21T20:13:48.677Z
fqqqq,5-letters,5,taken,2026-09-21T20:13:48.677Z
lvywj,5-letters,5,taken,2026-09-21T20:13:48.677Z
zlndi,5-letters,5,taken,2026-09-21T20:13:48.677Z
bsnyj,5-letters,5,taken,2026-09-21T20:13:48.677Z
xaaia,5-letters,5,taken,2026-09-21T20:13:48.677Z
xsnlx,5-letters,5,taken,2026-09-21T20:13:48.677Z
cffha,5-letters,5,taken,2026-09-21T20:13:48.677Z
iddjf,5-letters,5,taken,2026-09-21T20:13:48.677Z
gzhrr,5-letters,5,taken,2026-09-21T20:14:19.201Z
ymavb,5-letters,5,taken,2026-09-21T20:14:19.201Z
xvggt,5-letters,5,taken,2026-09-21T20:14:19.201Z
otvno,5-letters,5,taken,2026-09-21T20:14:19.201Z
mrqgf,5-letters,5,taken,2026-09-21T20:14:19.201Z
suxfk,5-letters,5,taken,2026-09-21T20:14:19.201Z
zvqeq,5-letters,5,taken,2026-09-21T20:14:19.201Z
qprkm,5-letters,5,taken,2026-09-21T20:14:19.201Z
safkx,5-letters,5,taken,2026-09-21T20:14:19.201Z
nizby,5-letters,5,taken,2026-09-21T20:14:19.201Z
lofvr,5-letters,5,taken,2026-09-21T20:14:19.201Z
uzwtw,5-letters,5,taken,2026-09-21T20:14:19.201Z
wdjzq,5-letters,5,taken,2026-09-21T20:14:19.201Z
gjxtw,5-letters,5,taken,2026-09-21T20:14:19.201Z
qbqlj,5-letters,5,taken,2026-09-21T20:14:19.201Z
nmvbv,5-letters,5,taken,2026-09-21T20:14:19.201Z
xgwdy,5-letters,5,taken,2026-09-21T20:14:19.201Z
ninzv,5-letters,5,taken,2026-09-21T20:14:19.201Z
ujbwz,5-letters,5,taken,2026-09-21T20:14:19.201Z
twyjq,5-letters,5,taken,2026-09-21T20:14:19.201Z
ydhvq,5-letters,5,taken,2026-09-21T20:14:19.201Z
kamgc,5-letters,5,taken,2026-09-21T20:14:19.201Z
wbgnz,5-letters,5,taken,2026-09-21T20:14:19.201Z
eoyjn,5-letters,5,taken,2026-09-21T20:14:19.201Z
zoqxw,5-letters,5,taken,2026-09-21T20:14:19.201Z
ghilf,5-letters,5,taken,2026-09-21T20:14:19.201Z
fhglc,5-letters,5,taken,2026-09-21T20:14:19.201Z
zovjs,5-letters,5,taken,2026-09-21T20:14:19.201Z
xifpg,5-letters,5,taken,2026-09-21T20:14:19.201Z
ohyly,5-letters,5,taken,2026-09-21T20:14:19.201Z
goqal,5-letters,5,taken,2026-09-21T20:14:19.201Z
jvxnl,5-letters,5,taken,2026-09-21T20:14:19.201Z
xoxvb,5-letters,5,taken,2026-09-21T20:14:19.201Z
xsjel,5-letters,5,taken,2026-09-21T20:14:19.201Z
xiayk,5-letters,5,taken,2026-09-21T20:14:19.201Z
vffgc,5-letters,5,taken,2026-09-21T20:14:19.201Z
pnmic,5-letters,5,taken,2026-09-21T20:14:19.201Z
lmnfk,5-letters,5,taken,2026-09-21T20:14:19.201Z
meema,5-letters,5,taken,2026-09-21T20:14:19.201Z
fgsgq,5-letters,5,taken,2026-09-21T20:14:19.201Z
ngkch,5-letters,5,taken,2026-09-21T20:14:19.201Z
djahl,5-letters,5,taken,2026-09-21T20:14:19.201Z
wcsse,5-letters,5,taken,2026-09-21T20:14:19.201Z
qrouj,5-letters,5,taken,2026-09-21T20:14:19.201Z
fpkcq,5-letters,5,taken,2026-09-21T20:14:19.201Z
rdxza,5-letters,5,taken,2026-09-21T20:14:19.201Z
jyjhs,5-letters,5,taken,2026-09-21T20:14:19.201Z
osuao,5-letters,5,taken,2026-09-21T20:14:19.201Z
xbrdk,5-letters,5,taken,2026-09-21T20:14:19.201Z
ptcbs,5-letters,5,taken,2026-09-21T20:14:19.201Z
mtaxr,5-letters,5,taken,2026-09-21T20:14:19.201Z
hifvf,5-letters,5,taken,2026-09-21T20:14:19.201Z
uqqmr,5-letters,5,taken,2026-09-21T20:14:19.201Z
bawvi,5-letters,5,taken,2026-09-21T20:14:19.201Z
aapjg,5-letters,5,taken,2026-09-21T20:14:19.201Z
gwnll,5-letters,5,taken,2026-09-21T20:14:19.201Z
fzkpy,5-letters,5,taken,2026-09-21T20:14:19.201Z
xgrhk,5-letters,5,taken,2026-09-21T20:14:19.201Z
rakdr,5-letters,5,taken,2026-09-21T20:14:19.201Z
kudem,5-letters,5,taken,2026-09-21T20:14:19.201Z
bjhgk,5-letters,5,taken,2026-09-21T20:14:19.201Z
hdejv,5-letters,5,taken,2026-09-21T20:14:19.201Z
xyefs,5-letters,5,taken,2026-09-21T20:14:19.201Z
tgodv,5-letters,5,taken,2026-09-21T20:14:19.201Z
liazp,5-letters,5,taken,2026-09-21T20:14:19.201Z
togxm,5-letters,5,taken,2026-09-21T20:14:19.201Z
nzlxo,5-letters,5,taken,2026-09-21T20:14:19.201Z
gbeoe,5-letters,5,taken,2026-09-21T20:14:19.201Z
emfwy,5-letters,5,taken,2026-09-21T20:14:19.201Z
wbwcv,5-letters,5,taken,2026-09-21T20:14:19.201Z
lrsrm,5-letters,5,taken,2026-09-21T20:14:19.201Z
kcvea,5-letters,5,taken,2026-09-21T20:14:19.201Z
qddcg,5-letters,5,taken,2026-09-21T20:14:19.201Z
fenqt,5-letters,5,taken,2026-09-21T20:14:19.201Z
pszfu,5-letters,5,taken,2026-09-21T20:14:19.201Z
fwdwx,5-letters,5,taken,2026-09-21T20:14:19.201Z
qrkxo,5-letters,5,taken,2026-09-21T20:14:19.201Z
tifgl,5-letters,5,taken,2026-09-21T20:14:19.201Z
clonf,5-letters,5,taken,2026-09-21T20:14:19.201Z
leppi,5-letters,5,taken,2026-09-21T20:14:19.201Z
ithac,5-letters,5,taken,2026-09-21T20:14:19.201Z
kggjj,5-letters,5,taken,2026-09-21T20:14:19.201Z
dlbyu,5-letters,5,taken,2026-09-21T20:14:19.201Z
djcss,5-letters,5,taken,2026-09-21T20:14:19.201Z
onpgc,5-letters,5,taken,2026-09-21T20:14:19.201Z
eaxqy,5-letters,5,taken,2026-09-21T20:14:19.201Z
hrvgf,5-letters,5,taken,2026-09-21T20:14:19.201Z
rhypp,5-letters,5,taken,2026-09-21T20:14:19.201Z
uqsph,5-letters,5,taken,2026-09-21T20:14:19.201Z
zhbdw,5-letters,5,taken,2026-09-21T20:14:19.201Z
tghwg,5-letters,5,taken,2026-09-21T20:14:19.201Z
asklh,5-letters,5,taken,2026-09-21T20:14:19.201Z
ujoik,5-letters,5,taken,2026-09-21T20:14:19.201Z
zvope,5-letters,5,taken,2026-09-21T20:14:19.201Z
gbiag,5-letters,5,taken,2026-09-21T20:14:19.201Z
llzwq,5-letters,5,taken,2026-09-21T20:14:19.201Z
gqjbk,5-letters,5,taken,2026-09-21T20:14:19.201Z
bfeto,5-letters,5,taken,2026-09-21T20:14:19.201Z
eoqvp,5-letters,5,taken,2026-09-21T20:14:19.201Z
xklbb,5-letters,5,taken,2026-09-21T20:14:19.201Z
eeatx,5-letters,5,taken,2026-09-21T20:14:49.781Z
ukrqs,5-letters,5,taken,2026-09-21T20:14:49.781Z
glmzk,5-letters,5,taken,2026-09-21T20:14:49.781Z
sqygo,5-letters,5,taken,2026-09-21T20:14:49.781Z
badmw,5-letters,5,taken,2026-09-21T20:14:49.781Z
nbezp,5-letters,5,taken,2026-09-21T20:14:49.781Z
mtwjj,5-letters,5,taken,2026-09-21T20:14:49.781Z
ymait,5-letters,5,taken,2026-09-21T20:14:49.781Z
xrcrq,5-letters,5,taken,2026-09-21T20:14:49.781Z
etfno,5-letters,5,taken,2026-09-21T20:14:49.781Z
eundd,5-letters,5,taken,2026-09-21T20:14:49.781Z
annsy,5-letters,5,taken,2026-09-21T20:14:49.781Z
ktwfx,5-letters,5,taken,2026-09-21T20:14:49.781Z
tcwtc,5-letters,5,taken,2026-09-21T20:14:49.781Z
yhjdb,5-letters,5,taken,2026-09-21T20:14:49.781Z
xwlor,5-letters,5,taken,2026-09-21T20:14:49.781Z
hanxc,5-letters,5,taken,2026-09-21T20:14:49.781Z
zqpwt,5-letters,5,taken,2026-09-21T20:14:49.781Z
qlolf,5-letters,5,taken,2026-09-21T20:14:49.781Z
hkmal,5-letters,5,taken,2026-09-21T20:14:49.781Z
peswg,5-letters,5,taken,2026-09-21T20:14:49.781Z
ajzxg,5-letters,5,taken,2026-09-21T20:14:49.781Z
hzvhf,5-letters,5,taken,2026-09-21T20:14:49.781Z
yduwx,5-letters,5,taken,2026-09-21T20:14:49.781Z
bbszo,5-letters,5,taken,2026-09-21T20:14:49.781Z
wclpn,5-letters,5,taken,2026-09-21T20:14:49.781Z
pepuy,5-letters,5,taken,2026-09-21T20:14:49.781Z
hvzel,5-letters,5,taken,2026-09-21T20:14:49.781Z
hnfod,5-letters,5,taken,2026-09-21T20:14:49.781Z
jayrh,5-letters,5,taken,2026-09-21T20:14:49.781Z
vkegc,5-letters,5,taken,2026-09-21T20:14:49.781Z
nsycm,5-letters,5,taken,2026-09-21T20:14:49.781Z
tkxpi,5-letters,5,taken,2026-09-21T20:14:49.781Z
fqfgp,5-letters,5,taken,2026-09-21T20:14:49.781Z
mlhgx,5-letters,5,taken,2026-09-21T20:14:49.781Z
lmynj,5-letters,5,taken,2026-09-21T20:14:49.781Z
bmtsn,5-letters,5,taken,2026-09-21T20:14:49.781Z
igext,5-letters,5,taken,2026-09-21T20:14:49.781Z
scpuc,5-letters,5,taken,2026-09-21T20:14:49.781Z
ntdje,5-letters,5,taken,2026-09-21T20:14:49.781Z
mimqt,5-letters,5,taken,2026-09-21T20:14:49.781Z
uldee,5-letters,5,taken,2026-09-21T20:14:49.781Z
vfwxv,5-letters,5,taken,2026-09-21T20:14:49.781Z
vdnwd,5-letters,5,taken,2026-09-21T20:14:49.781Z
lpxak,5-letters,5,taken,2026-09-21T20:14:49.781Z
bvkge,5-letters,5,taken,2026-09-21T20:14:49.781Z
nyhem,5-letters,5,taken,2026-09-21T20:14:49.781Z
ykhhu,5-letters,5,taken,2026-09-21T20:14:49.781Z
wxuoj,5-letters,5,taken,2026-09-21T20:14:49.781Z
ciltq,5-letters,5,taken,2026-09-21T20:14:49.781Z
xewfx,5-letters,5,taken,2026-09-21T20:14:49.781Z
znmxv,5-letters,5,taken,2026-09-21T20:14:49.781Z
tsvwh,5-letters,5,taken,2026-09-21T20:14:49.781Z
xyuzu,5-letters,5,taken,2026-09-21T20:14:49.781Z
pwlgy,5-letters,5,taken,2026-09-21T20:14:49.781Z
xygsb,5-letters,5,taken,2026-09-21T20:14:49.781Z
npygx,5-letters,5,taken,2026-09-21T20:14:49.781Z
yxswd,5-letters,5,taken,2026-09-21T20:14:49.781Z
ibufh,5-letters,5,taken,2026-09-21T20:14:49.781Z
tpjaj,5-letters,5,taken,2026-09-21T20:14:49.781Z
hjgsw,5-letters,5,taken,2026-09-21T20:14:49.781Z
sbuxv,5-letters,5,taken,2026-09-21T20:14:49.781Z
gqcrg,5-letters,5,taken,2026-09-21T20:14:49.781Z
dnjch,5-letters,5,taken,2026-09-21T20:14:49.781Z
ukawg,5-letters,5,taken,2026-09-21T20:14:49.781Z
xvabj,5-letters,5,taken,2026-09-21T20:14:49.781Z
ezonr,5-letters,5,taken,2026-09-21T20:14:49.781Z
yfjpp,5-letters,5,taken,2026-09-21T20:14:49.781Z
fwvxh,5-letters,5,taken,2026-09-21T20:14:49.781Z
kqakv,5-letters,5,taken,2026-09-21T20:14:49.781Z
yebfb,5-letters,5,taken,2026-09-21T20:14:49.781Z
ggcro,5-letters,5,taken,2026-09-21T20:14:49.781Z
pkoox,5-letters,5,taken,2026-09-21T20:14:49.781Z
bpvfu,5-letters,5,taken,2026-09-21T20:14:49.781Z
torug,5-letters,5,taken,2026-09-21T20:14:49.781Z
loctr,5-letters,5,taken,2026-09-21T20:14:49.781Z
kqxpd,5-letters,5,taken,2026-09-21T20:14:49.781Z
qfdwt,5-letters,5,taken,2026-09-21T20:14:49.781Z
jgxxq,5-letters,5,taken,2026-09-21T20:14:49.781Z
ymltw,5-letters,5,taken,2026-09-21T20:14:49.781Z
sryqi,5-letters,5,taken,2026-09-21T20:14:49.781Z
jpqiq,5-letters,5,taken,2026-09-21T20:14:49.781Z
puvwd,5-letters,5,taken,2026-09-21T20:14:49.781Z
zgoqh,5-letters,5,taken,2026-09-21T20:14:49.781Z
zcqro,5-letters,5,taken,2026-09-21T20:14:49.781Z
rcxnf,5-letters,5,taken,2026-09-21T20:14:49.781Z
vnwju,5-letters,5,taken,2026-09-21T20:14:49.781Z
crfnv,5-letters,5,taken,2026-09-21T20:14:49.781Z
mrjjp,5-letters,5,taken,2026-09-21T20:14:49.781Z
ouylk,5-letters,5,taken,2026-09-21T20:14:49.781Z
gbfbp,5-letters,5,taken,2026-09-21T20:14:49.781Z
jpupo,5-letters,5,taken,2026-09-21T20:14:49.781Z
oyyoc,5-letters,5,taken,2026-09-21T20:14:49.781Z
hlhaw,5-letters,5,taken,2026-09-21T20:14:49.781Z
emnup,5-letters,5,taken,2026-09-21T20:14:49.781Z
tzysm,5-letters,5,taken,2026-09-21T20:14:49.781Z
xnequ,5-letters,5,taken,2026-09-21T20:14:49.781Z
nkjrd,5-letters,5,taken,2026-09-21T20:14:49.781Z
udpuu,5-letters,5,taken,2026-09-21T20:14:49.781Z
spspo,5-letters,5,taken,2026-09-21T20:14:49.781Z
syhxn,5-letters,5,taken,2026-09-21T20:15:20.305Z
cflog,5-letters,5,taken,2026-09-21T20:15:20.305Z
yvsfo,5-letters,5,taken,2026-09-21T20:15:20.305Z
khezu,5-letters,5,taken,2026-09-21T20:15:20.305Z
ydwhu,5-letters,5,taken,2026-09-21T20:15:20.305Z
vwqti,5-letters,5,taken,2026-09-21T20:15:20.305Z
aqvms,5-letters,5,taken,2026-09-21T20:15:20.305Z
aesgf,5-letters,5,taken,2026-09-21T20:15:20.305Z
tcrcg,5-letters,5,taken,2026-09-21T20:15:20.305Z
yqlth,5-letters,5,taken,2026-09-21T20:15:20.305Z
rflwr,5-letters,5,taken,2026-09-21T20:15:20.305Z
ylpog,5-letters,5,taken,2026-09-21T20:15:20.305Z
urpwv,5-letters,5,taken,2026-09-21T20:15:20.305Z
mvuxt,5-letters,5,taken,2026-09-21T20:15:20.305Z
ucnvj,5-letters,5,taken,2026-09-21T20:15:20.305Z
vylvi,5-letters,5,taken,2026-09-21T20:15:20.305Z
ikmel,5-letters,5,taken,2026-09-21T20:15:20.305Z
fgtrw,5-letters,5,taken,2026-09-21T20:15:20.305Z
dfgqo,5-letters,5,taken,2026-09-21T20:15:20.305Z
zcmek,5-letters,5,taken,2026-09-21T20:15:20.305Z
wmvsm,5-letters,5,taken,2026-09-21T20:15:20.305Z
midyb,5-letters,5,taken,2026-09-21T20:15:20.305Z
hbnzb,5-letters,5,taken,2026-09-21T20:15:20.305Z
gdocb,5-letters,5,taken,2026-09-21T20:15:20.305Z
agbaw,5-letters,5,taken,2026-09-21T20:15:20.305Z
tlzbp,5-letters,5,taken,2026-09-21T20:15:20.305Z
wadgd,5-letters,5,taken,2026-09-21T20:15:20.305Z
njhdn,5-letters,5,taken,2026-09-21T20:15:20.305Z
ymtjp,5-letters,5,taken,2026-09-21T20:15:20.305Z
fakfi,5-letters,5,taken,2026-09-21T20:15:20.305Z
vehqe,5-letters,5,taken,2026-09-21T20:15:20.305Z
mogxo,5-letters,5,taken,2026-09-21T20:15:20.305Z
cyxjj,5-letters,5,taken,2026-09-21T20:15:20.305Z
rpigr,5-letters,5,taken,2026-09-21T20:15:20.305Z
epwfe,5-letters,5,taken,2026-09-21T20:15:20.305Z
ljncm,5-letters,5,taken,2026-09-21T20:15:20.305Z
ixbxz,5-letters,5,taken,2026-09-21T20:15:20.305Z
nhymk,5-letters,5,taken,2026-09-21T20:15:20.305Z
abgwd,5-letters,5,taken,2026-09-21T20:15:20.305Z
atioe,5-letters,5,taken,2026-09-21T20:15:20.305Z
tskbp,5-letters,5,taken,2026-09-21T20:15:20.305Z
wmzkh,5-letters,5,taken,2026-09-21T20:15:20.305Z
qrekw,5-letters,5,taken,2026-09-21T20:15:20.305Z
bmsun,5-letters,5,taken,2026-09-21T20:15:20.305Z
ynzrn,5-letters,5,taken,2026-09-21T20:15:20.305Z
xxrpe,5-letters,5,taken,2026-09-21T20:15:20.305Z
mibro,5-letters,5,taken,2026-09-21T20:15:20.305Z
nbpvx,5-letters,5,taken,2026-09-21T20:15:20.305Z
xrqfz,5-letters,5,taken,2026-09-21T20:15:20.305Z
otnsn,5-letters,5,taken,2026-09-21T20:15:20.305Z
czgmv,5-letters,5,taken,2026-09-21T20:15:20.305Z
pkigz,5-letters,5,taken,2026-09-21T20:15:20.305Z
khwfq,5-letters,5,taken,2026-09-21T20:15:20.305Z
bhedk,5-letters,5,taken,2026-09-21T20:15:20.305Z
mydtq,5-letters,5,taken,2026-09-21T20:15:20.305Z
gjkkj,5-letters,5,taken,2026-09-21T20:15:20.305Z
rofon,5-letters,5,taken,2026-09-21T20:15:20.305Z
cjkiz,5-letters,5,taken,2026-09-21T20:15:20.305Z
hctbz,5-letters,5,taken,2026-09-21T20:15:20.305Z
rwgrc,5-letters,5,taken,2026-09-21T20:15:20.305Z
ihrtg,5-letters,5,taken,2026-09-21T20:15:20.305Z
etmeb,5-letters,5,taken,2026-09-21T20:15:20.305Z
nruzo,5-letters,5,taken,2026-09-21T20:15:20.305Z
zpbcz,5-letters,5,taken,2026-09-21T20:15:20.305Z
uubzo,5-letters,5,taken,2026-09-21T20:15:20.305Z
hpdvf,5-letters,5,taken,2026-09-21T20:15:20.305Z
onlmu,5-letters,5,taken,2026-09-21T20:15:20.305Z
auolu,5-letters,5,taken,2026-09-21T20:15:20.305Z
bibwp,5-letters,5,taken,2026-09-21T20:15:20.305Z
drkov,5-letters,5,taken,2026-09-21T20:15:20.305Z
mlubw,5-letters,5,taken,2026-09-21T20:15:20.305Z
fguoc,5-letters,5,taken,2026-09-21T20:15:20.305Z
ennmq,5-letters,5,taken,2026-09-21T20:15:20.305Z
icpkq,5-letters,5,taken,2026-09-21T20:15:20.305Z
klitp,5-letters,5,taken,2026-09-21T20:15:20.305Z
rwkoq,5-letters,5,taken,2026-09-21T20:15:20.305Z
vukmp,5-letters,5,taken,2026-09-21T20:15:20.305Z
roaud,5-letters,5,taken,2026-09-21T20:15:20.305Z
qfmha,5-letters,5,taken,2026-09-21T20:15:20.305Z
ejcdl,5-letters,5,taken,2026-09-21T20:15:20.305Z
jcdgs,5-letters,5,taken,2026-09-21T20:15:20.305Z
azvjq,5-letters,5,taken,2026-09-21T20:15:20.305Z
qiief,5-letters,5,taken,2026-09-21T20:15:20.305Z
heypl,5-letters,5,taken,2026-09-21T20:15:20.305Z
tkyjt,5-letters,5,taken,2026-09-21T20:15:20.305Z
gwbwq,5-letters,5,taken,2026-09-21T20:15:20.305Z
yvwvv,5-letters,5,taken,2026-09-21T20:15:20.305Z
wgeud,5-letters,5,taken,2026-09-21T20:15:20.305Z
bxbyg,5-letters,5,taken,2026-09-21T20:15:20.305Z
spehd,5-letters,5,taken,2026-09-21T20:15:20.305Z
sxmvm,5-letters,5,taken,2026-09-21T20:15:20.305Z
ebewo,5-letters,5,taken,2026-09-21T20:15:20.305Z
qjakg,5-letters,5,taken,2026-09-21T20:15:20.305Z
bqrvh,5-letters,5,taken,2026-09-21T20:15:20.305Z
cnoet,5-letters,5,taken,2026-09-21T20:15:20.305Z
hqwas,5-letters,5,taken,2026-09-21T20:15:20.305Z
yakds,5-letters,5,taken,2026-09-21T20:15:20.305Z
cqntg,5-letters,5,taken,2026-09-21T20:15:20.305Z
hnpas,5-letters,5,taken,2026-09-21T20:15:20.305Z
avivw,5-letters,5,taken,2026-09-21T20:15:20.305Z
widwl,5-letters,5,taken,2026-09-21T20:15:50.822Z
rabcd,5-letters,5,taken,2026-09-21T20:15:50.822Z
alzib,5-letters,5,taken,2026-09-21T20:15:50.822Z
xmryo,5-letters,5,taken,2026-09-21T20:15:50.822Z
nacjk,5-letters,5,taken,2026-09-21T20:15:50.822Z
gvldj,5-letters,5,taken,2026-09-21T20:15:50.822Z
mhxqr,5-letters,5,taken,2026-09-21T20:15:50.822Z
acmvw,5-letters,5,taken,2026-09-21T20:15:50.822Z
ymjfo,5-letters,5,taken,2026-09-21T20:15:50.822Z
lilxm,5-letters,5,taken,2026-09-21T20:15:50.822Z
ewvgj,5-letters,5,taken,2026-09-21T20:15:50.822Z
xthkh,5-letters,5,taken,2026-09-21T20:15:50.822Z
nvsle,5-letters,5,taken,2026-09-21T20:15:50.822Z
xlwaa,5-letters,5,taken,2026-09-21T20:15:50.822Z
zsihz,5-letters,5,taken,2026-09-21T20:15:50.822Z
uxztt,5-letters,5,taken,2026-09-21T20:15:50.822Z
kqsto,5-letters,5,taken,2026-09-21T20:15:50.822Z
herpd,5-letters,5,taken,2026-09-21T20:15:50.822Z
xmmwh,5-letters,5,taken,2026-09-21T20:15:50.822Z
xkenq,5-letters,5,taken,2026-09-21T20:15:50.822Z
akefz,5-letters,5,taken,2026-09-21T20:15:50.822Z
mzzch,5-letters,5,taken,2026-09-21T20:15:50.822Z
erhwm,5-letters,5,taken,2026-09-21T20:15:50.822Z
cbian,5-letters,5,taken,2026-09-21T20:15:50.822Z
qtztj,5-letters,5,taken,2026-09-21T20:15:50.822Z
nzldp,5-letters,5,taken,2026-09-21T20:15:50.822Z
uwjyv,5-letters,5,taken,2026-09-21T20:15:50.822Z
nybxc,5-letters,5,taken,2026-09-21T20:15:50.822Z
myhnp,5-letters,5,taken,2026-09-21T20:15:50.822Z
kagtm,5-letters,5,taken,2026-09-21T20:15:50.822Z
emrez,5-letters,5,taken,2026-09-21T20:15:50.822Z
nsevq,5-letters,5,taken,2026-09-21T20:15:50.822Z
gmouc,5-letters,5,taken,2026-09-21T20:15:50.822Z
mmgjd,5-letters,5,taken,2026-09-21T20:15:50.822Z
fewjz,5-letters,5,taken,2026-09-21T20:15:50.822Z
lcebs,5-letters,5,taken,2026-09-21T20:15:50.822Z
zwgcy,5-letters,5,taken,2026-09-21T20:15:50.822Z
sgbwc,5-letters,5,taken,2026-09-21T20:15:50.822Z
onlbe,5-letters,5,taken,2026-09-21T20:15:50.822Z
vjjqx,5-letters,5,taken,2026-09-21T20:15:50.822Z
gjtld,5-letters,5,taken,2026-09-21T20:15:50.822Z
pnoyn,5-letters,5,taken,2026-09-21T20:15:50.822Z
mcbue,5-letters,5,taken,2026-09-21T20:15:50.822Z
vvbel,5-letters,5,taken,2026-09-21T20:15:50.822Z
xndli,5-letters,5,taken,2026-09-21T20:15:50.822Z
smlhd,5-letters,5,taken,2026-09-21T20:15:50.822Z
svlag,5-letters,5,taken,2026-09-21T20:15:50.822Z
tuopz,5-letters,5,taken,2026-09-21T20:15:50.822Z
mdsuk,5-letters,5,taken,2026-09-21T20:15:50.822Z
biftn,5-letters,5,taken,2026-09-21T20:15:50.822Z
gejxh,5-letters,5,taken,2026-09-21T20:15:50.822Z
rxsnd,5-letters,5,taken,2026-09-21T20:15:50.822Z
gjrkf,5-letters,5,taken,2026-09-21T20:15:50.822Z
wwuzc,5-letters,5,taken,2026-09-21T20:15:50.822Z
kvbjy,5-letters,5,taken,2026-09-21T20:15:50.822Z
uhmsa,5-letters,5,taken,2026-09-21T20:15:50.822Z
wucsg,5-letters,5,taken,2026-09-21T20:15:50.822Z
uayik,5-letters,5,taken,2026-09-21T20:15:50.822Z
okkdn,5-letters,5,taken,2026-09-21T20:15:50.822Z
azakj,5-letters,5,taken,2026-09-21T20:15:50.822Z
nobvh,5-letters,5,taken,2026-09-21T20:15:50.822Z
cumwq,5-letters,5,taken,2026-09-21T20:15:50.822Z
jjekv,5-letters,5,taken,2026-09-21T20:15:50.822Z
uapic,5-letters,5,taken,2026-09-21T20:15:50.822Z
oixpy,5-letters,5,taken,2026-09-21T20:15:50.822Z
clqoy,5-letters,5,taken,2026-09-21T20:15:50.822Z
yosry,5-letters,5,taken,2026-09-21T20:15:50.822Z
abndb,5-letters,5,taken,2026-09-21T20:15:50.822Z
jkkzd,5-letters,5,taken,2026-09-21T20:15:50.822Z
gaere,5-letters,5,taken,2026-09-21T20:15:50.822Z
ykcne,5-letters,5,taken,2026-09-21T20:15:50.822Z
xnypl,5-letters,5,taken,2026-09-21T20:15:50.822Z
qkkqp,5-letters,5,taken,2026-09-21T20:15:50.822Z
uwiha,5-letters,5,taken,2026-09-21T20:15:50.822Z
wntpf,5-letters,5,taken,2026-09-21T20:15:50.822Z
jrpqr,5-letters,5,taken,2026-09-21T20:15:50.822Z
dskoq,5-letters,5,taken,2026-09-21T20:15:50.822Z
hghhm,5-letters,5,taken,2026-09-21T20:15:50.822Z
kntfl,5-letters,5,taken,2026-09-21T20:15:50.822Z
ejgpw,5-letters,5,taken,2026-09-21T20:15:50.822Z
tbaff,5-letters,5,taken,2026-09-21T20:15:50.822Z
oqwkd,5-letters,5,taken,2026-09-21T20:15:50.822Z
eqehj,5-letters,5,taken,2026-09-21T20:15:50.822Z
ohyec,5-letters,5,taken,2026-09-21T20:15:50.822Z
eutto,5-letters,5,taken,2026-09-21T20:15:50.822Z
qjmyk,5-letters,5,taken,2026-09-21T20:15:50.822Z
brqws,5-letters,5,taken,2026-09-21T20:15:50.822Z
zihlc,5-letters,5,taken,2026-09-21T20:15:50.822Z
vlpvb,5-letters,5,taken,2026-09-21T20:15:50.822Z
brxyu,5-letters,5,taken,2026-09-21T20:15:50.822Z
ghcan,5-letters,5,taken,2026-09-21T20:15:50.822Z
rapfh,5-letters,5,taken,2026-09-21T20:15:50.822Z
owplp,5-letters,5,taken,2026-09-21T20:15:50.822Z
aajer,5-letters,5,taken,2026-09-21T20:15:50.822Z
vzsgo,5-letters,5,taken,2026-09-21T20:15:50.822Z
lrhbc,5-letters,5,taken,2026-09-21T20:15:50.822Z
cabuv,5-letters,5,taken,2026-09-21T20:15:50.822Z
pwljz,5-letters,5,taken,2026-09-21T20:15:50.822Z
ignlw,5-letters,5,taken,2026-09-21T20:15:50.822Z
jnxvy,5-letters,5,taken,2026-09-21T20:15:50.822Z
ecbtb,5-letters,5,taken,2026-09-21T20:16:21.363Z
kmfsq,5-letters,5,taken,2026-09-21T20:16:21.363Z
kovfj,5-letters,5,taken,2026-09-21T20:16:21.363Z
esxci,5-letters,5,taken,2026-09-21T20:16:21.363Z
jfgkc,5-letters,5,taken,2026-09-21T20:16:21.363Z
gzsyh,5-letters,5,taken,2026-09-21T20:16:21.363Z
davci,5-letters,5,taken,2026-09-21T20:16:21.363Z
dwgol,5-letters,5,taken,2026-09-21T20:16:21.363Z
chmwm,5-letters,5,taken,2026-09-21T20:16:21.363Z
dycgs,5-letters,5,taken,2026-09-21T20:16:21.363Z
rbbht,5-letters,5,taken,2026-09-21T20:16:21.363Z
asoit,5-letters,5,taken,2026-09-21T20:16:21.363Z
kjctg,5-letters,5,taken,2026-09-21T20:16:21.363Z
ljwdb,5-letters,5,taken,2026-09-21T20:16:21.363Z
cfrdp,5-letters,5,taken,2026-09-21T20:16:21.363Z
raoxo,5-letters,5,taken,2026-09-21T20:16:21.363Z
hppjl,5-letters,5,taken,2026-09-21T20:16:21.363Z
pwvvh,5-letters,5,taken,2026-09-21T20:16:21.363Z
qvyry,5-letters,5,taken,2026-09-21T20:16:21.363Z
npgfp,5-letters,5,taken,2026-09-21T20:16:21.363Z
fxjaw,5-letters,5,taken,2026-09-21T20:16:21.363Z
gdhgl,5-letters,5,taken,2026-09-21T20:16:21.363Z
aycrf,5-letters,5,taken,2026-09-21T20:16:21.363Z
hhjxu,5-letters,5,taken,2026-09-21T20:16:21.363Z
wuqin,5-letters,5,taken,2026-09-21T20:16:21.363Z
qunzb,5-letters,5,taken,2026-09-21T20:16:21.363Z
jnxtq,5-letters,5,taken,2026-09-21T20:16:21.363Z
lwlfu,5-letters,5,taken,2026-09-21T20:16:21.363Z
nscmq,5-letters,5,taken,2026-09-21T20:16:21.363Z
xalvk,5-letters,5,taken,2026-09-21T20:16:21.363Z
zgsps,5-letters,5,taken,2026-09-21T20:16:21.363Z
zqmrv,5-letters,5,taken,2026-09-21T20:16:21.363Z
kghpb,5-letters,5,taken,2026-09-21T20:16:21.363Z
rvqnd,5-letters,5,taken,2026-09-21T20:16:21.363Z
vxege,5-letters,5,taken,2026-09-21T20:16:21.363Z
amdch,5-letters,5,taken,2026-09-21T20:16:21.363Z
,6-letters,6,blocked,2026-09-21T20:39:43.060Z
jgxkue,6-letters,6,taken,2026-09-21T20:16:21.363Z
hyjtkx,6-letters,6,taken,2026-09-21T20:16:21.363Z
atwxje,6-letters,6,taken,2026-09-21T20:16:21.363Z
rrlbnt,6-letters,6,available,2026-09-21T20:39:44.541Z
hthvns,6-letters,6,available,2026-09-21T20:39:46.028Z
wlsijq,6-letters,6,available,2026-09-21T20:39:47.520Z
xeuvns,6-letters,6,available,2026-09-21T20:39:49.005Z
,6-letters,6,blocked,2026-09-21T20:39:50.485Z
vuftfv,6-letters,6,taken,2026-09-21T20:16:21.363Z
diqjvd,6-letters,6,available,2026-09-21T20:39:51.967Z
ryrjja,6-letters,6,taken,2026-09-21T20:16:21.363Z
fwfvif,6-letters,6,taken,2026-09-21T20:16:21.363Z
bncdrd,6-letters,6,taken,2026-09-21T20:16:21.363Z
hlbwlv,6-letters,6,available,2026-09-21T20:39:53.447Z
obvdbk,6-letters,6,available,2026-09-21T20:39:54.932Z
lcjzzq,6-letters,6,available,2026-09-21T20:39:56.418Z
snqqns,6-letters,6,taken,2026-09-21T20:16:21.363Z
afiwyn,6-letters,6,taken,2026-09-21T20:16:21.363Z
kfgjoa,6-letters,6,available,2026-09-21T20:39:57.902Z
crbizv,6-letters,6,available,2026-09-21T20:39:59.394Z
xoinra,6-letters,6,available,2026-09-21T20:40:00.888Z
cdawfe,6-letters,6,available,2026-09-21T20:40:02.373Z
cfttau,6-letters,6,available,2026-09-21T20:40:03.858Z
vhjpez,6-letters,6,taken,2026-09-21T20:16:21.363Z
ggexky,6-letters,6,taken,2026-09-21T20:16:21.363Z
bdeoaw,6-letters,6,available,2026-09-21T20:40:05.346Z
lujcrh,6-letters,6,taken,2026-09-21T20:16:21.363Z
lpyjzc,6-letters,6,available,2026-09-21T20:40:06.830Z
ilugvt,6-letters,6,available,2026-09-21T20:40:07.617Z
,6-letters,6,blocked,2026-09-21T20:40:09.095Z
,6-letters,6,blocked,2026-09-21T20:40:10.593Z
ajjajh,6-letters,6,taken,2026-09-21T20:16:21.363Z
hyhsmy,6-letters,6,available,2026-09-21T20:40:12.081Z
bnfpkh,6-letters,6,available,2026-09-21T20:40:13.626Z
luekje,6-letters,6,taken,2026-09-21T20:16:21.363Z
lmaneb,6-letters,6,taken,2026-09-21T20:16:21.363Z
,6-letters,6,blocked,2026-09-21T20:40:15.144Z
hwktqt,6-letters,6,available,2026-09-21T20:40:16.767Z
yuhulc,6-letters,6,taken,2026-09-21T20:16:21.363Z
ndbrso,6-letters,6,available,2026-09-21T20:40:18.256Z
lqfxzc,6-letters,6,available,2026-09-21T20:40:19.735Z
ayrtxv,6-letters,6,taken,2026-09-21T20:16:21.363Z
nrmuqr,6-letters,6,available,2026-09-21T20:40:21.235Z
sfaeyh,6-letters,6,taken,2026-09-21T20:16:21.363Z
jzkbxr,6-letters,6,available,2026-09-21T20:40:22.835Z
paujqc,6-letters,6,available,2026-09-21T20:40:24.312Z
grhrdr,6-letters,6,taken,2026-09-21T20:16:21.363Z
htdhgm,6-letters,6,taken,2026-09-21T20:16:21.363Z
eonxan,6-letters,6,taken,2026-09-21T20:16:21.363Z
undayr,6-letters,6,taken,2026-09-21T20:16:21.363Z
orhwvc,6-letters,6,available,2026-09-21T20:40:25.789Z
olpdng,6-letters,6,taken,2026-09-21T20:16:21.363Z
lfmdgh,6-letters,6,taken,2026-09-21T20:16:21.363Z
vifaby,6-letters,6,taken,2026-09-21T20:16:21.363Z
krpicf,6-letters,6,available,2026-09-21T20:40:27.273Z
xmogxu,6-letters,6,available,2026-09-21T20:40:28.771Z
xvqxum,6-letters,6,available,2026-09-21T20:40:30.256Z
guwsvb,6-letters,6,taken,2026-09-21T20:16:21.363Z
bvcplp,6-letters,6,available,2026-09-21T20:40:31.739Z
misngs,6-letters,6,taken,2026-09-21T20:16:21.363Z
pqrsby,6-letters,6,available,2026-09-21T20:40:33.228Z
kiqezw,6-letters,6,available,2026-09-21T20:40:34.716Z
bmtsqx,6-letters,6,available,2026-09-21T20:40:36.196Z
hbqrvy,6-letters,6,available,2026-09-21T20:40:37.677Z
krykie,6-letters,6,taken,2026-09-21T20:16:51.968Z
opvamw,6-letters,6,available,2026-09-21T20:40:38.461Z
rrznei,6-letters,6,available,2026-09-21T20:40:39.946Z
xolnot,6-letters,6,taken,2026-09-21T20:16:51.968Z
ghyfft,6-letters,6,taken,2026-09-21T20:16:51.968Z
ffvimc,6-letters,6,available,2026-09-21T20:40:41.422Z
fwvitg,6-letters,6,available,2026-09-21T20:40:42.908Z
kdiljy,6-letters,6,available,2026-09-21T20:40:44.410Z
qvddvm,6-letters,6,available,2026-09-21T20:40:45.898Z
avibyy,6-letters,6,available,2026-09-21T20:40:47.388Z
tspnpo,6-letters,6,available,2026-09-21T20:40:48.888Z
balwhb,6-letters,6,available,2026-09-21T20:40:50.378Z
xyrwpg,6-letters,6,available,2026-09-21T20:40:51.868Z
,6-letters,6,blocked,2026-09-21T20:40:53.352Z
qountk,6-letters,6,available,2026-09-21T20:40:54.840Z
zogvuw,6-letters,6,available,2026-09-21T20:40:56.336Z
qusuzb,6-letters,6,taken,2026-09-21T20:16:51.968Z
hnciuo,6-letters,6,taken,2026-09-21T20:16:51.968Z
bjpehv,6-letters,6,available,2026-09-21T20:40:57.821Z
nohimc,6-letters,6,available,2026-09-21T20:40:59.313Z
fioidr,6-letters,6,available,2026-09-21T20:41:00.799Z
zpfyer,6-letters,6,available,2026-09-21T20:41:02.280Z
gatlpy,6-letters,6,taken,2026-09-21T20:16:51.968Z
aqjbug,6-letters,6,available,2026-09-21T20:41:03.767Z
rovtte,6-letters,6,taken,2026-09-21T20:16:51.968Z
ytshcz,6-letters,6,taken,2026-09-21T20:16:51.968Z
xrarpw,6-letters,6,available,2026-09-21T20:41:05.248Z
rokwzl,6-letters,6,available,2026-09-21T20:41:06.725Z
mwqrgj,6-letters,6,taken,2026-09-21T20:16:51.968Z
eslrub,6-letters,6,available,2026-09-21T20:41:08.209Z
fyilpb,6-letters,6,taken,2026-09-21T20:16:51.968Z
nxrizf,6-letters,6,available,2026-09-21T20:41:09.695Z
qflnnq,6-letters,6,available,2026-09-21T20:41:10.474Z
dbdwme,6-letters,6,available,2026-09-21T20:41:11.952Z
qmjwun,6-letters,6,available,2026-09-21T20:41:13.433Z
whgxpo,6-letters,6,available,2026-09-21T20:41:14.912Z
kjhajz,6-letters,6,taken,2026-09-21T20:16:51.968Z
pqlqle,6-letters,6,taken,2026-09-21T20:16:51.968Z
dohqdh,6-letters,6,available,2026-09-21T20:41:16.429Z
rpqeex,6-letters,6,available,2026-09-21T20:41:17.904Z
mfhbiy,6-letters,6,available,2026-09-21T20:41:19.384Z
mawobb,6-letters,6,taken,2026-09-21T20:16:51.968Z
ztedle,6-letters,6,taken,2026-09-21T20:16:51.968Z
aylrcn,6-letters,6,available,2026-09-21T20:41:20.870Z
qzhjgm,6-letters,6,available,2026-09-21T20:41:22.359Z
kjgcdg,6-letters,6,taken,2026-09-21T20:16:51.968Z
xhjrok,6-letters,6,taken,2026-09-21T20:16:51.968Z
azipbm,6-letters,6,available,2026-09-21T20:41:23.846Z
ntkixa,6-letters,6,available,2026-09-21T20:41:25.344Z
xpncke,6-letters,6,available,2026-09-21T20:41:26.833Z
kcehgx,6-letters,6,taken,2026-09-21T20:16:51.968Z
vjqegx,6-letters,6,taken,2026-09-21T20:16:51.968Z
bqripk,6-letters,6,available,2026-09-21T20:41:28.321Z
ggtyky,6-letters,6,taken,2026-09-21T20:16:51.968Z
ywgtbi,6-letters,6,taken,2026-09-21T20:16:51.968Z
jojwiw,6-letters,6,taken,2026-09-21T20:16:51.968Z
ueqtmx,6-letters,6,available,2026-09-21T20:41:29.808Z
ptykkt,6-letters,6,available,2026-09-21T20:41:31.298Z
lpirps,6-letters,6,available,2026-09-21T20:41:32.788Z
cfvetv,6-letters,6,available,2026-09-21T20:41:34.272Z
sxflqe,6-letters,6,available,2026-09-21T20:41:35.753Z
qfplzh,6-letters,6,available,2026-09-21T20:41:37.232Z
vudsgg,6-letters,6,taken,2026-09-21T20:16:51.968Z
gxawae,6-letters,6,available,2026-09-21T20:41:38.720Z
foxjva,6-letters,6,taken,2026-09-21T20:16:51.968Z
jwwmer,6-letters,6,available,2026-09-21T20:41:40.197Z
,6-letters,6,blocked,2026-09-21T20:41:41.029Z
zkfvfg,6-letters,6,taken,2026-09-21T20:16:51.968Z
snxkqq,6-letters,6,available,2026-09-21T20:41:42.507Z
jrsjqc,6-letters,6,available,2026-09-21T20:41:43.999Z
cjxyog,6-letters,6,available,2026-09-21T20:41:45.480Z
griyyg,6-letters,6,taken,2026-09-21T20:16:51.968Z
arbmls,6-letters,6,available,2026-09-21T20:41:46.958Z
rrsifj,6-letters,6,taken,2026-09-21T20:16:51.968Z
gyzyjh,6-letters,6,available,2026-09-21T20:41:48.451Z
liszor,6-letters,6,taken,2026-09-21T20:16:51.968Z
hyilse,6-letters,6,taken,2026-09-21T20:16:51.968Z
crgnfg,6-letters,6,taken,2026-09-21T20:16:51.968Z
vzbjko,6-letters,6,available,2026-09-21T20:41:49.949Z
gobgju,6-letters,6,available,2026-09-21T20:41:51.432Z
uoxjoi,6-letters,6,available,2026-09-21T20:41:52.916Z
xsrewm,6-letters,6,available,2026-09-21T20:41:54.404Z
hxkjwh,6-letters,6,available,2026-09-21T20:41:55.893Z
dtppup,6-letters,6,available,2026-09-21T20:41:57.370Z
griofr,6-letters,6,taken,2026-09-21T20:16:51.968Z
kycflo,6-letters,6,available,2026-09-21T20:41:58.855Z
tkievc,6-letters,6,available,2026-09-21T20:42:00.335Z
gpsbsc,6-letters,6,available,2026-09-21T20:42:01.822Z
lxvccy,6-letters,6,taken,2026-09-21T20:16:51.968Z
kgsrhx,6-letters,6,available,2026-09-21T20:42:03.318Z
tcgiib,6-letters,6,available,2026-09-21T20:42:04.800Z
owxgyg,6-letters,6,available,2026-09-21T20:42:06.280Z
ulexvv,6-letters,6,available,2026-09-21T20:42:07.772Z
iuoenv,6-letters,6,taken,2026-09-21T20:16:51.968Z
ngpgfe,6-letters,6,available,2026-09-21T20:42:09.258Z
spvdsa,6-letters,6,available,2026-09-21T20:42:10.748Z
wbxwia,6-letters,6,available,2026-09-21T20:42:12.229Z
aivmci,6-letters,6,available,2026-09-21T20:42:13.034Z
gbsgcs,6-letters,6,taken,2026-09-21T20:16:51.968Z
wciaqe,6-letters,6,available,2026-09-21T20:42:14.519Z
cqpjyr,6-letters,6,available,2026-09-21T20:42:16.003Z
ozseqw,6-letters,6,available,2026-09-21T20:42:17.490Z
qowveh,6-letters,6,taken,2026-09-21T20:17:22.541Z
alfmgt,6-letters,6,taken,2026-09-21T20:17:22.541Z
czifew,6-letters,6,available,2026-09-21T20:42:18.977Z
fkoeoc,6-letters,6,taken,2026-09-21T20:17:22.541Z
hjlkga,6-letters,6,taken,2026-09-21T20:17:22.541Z
cuivyi,6-letters,6,taken,2026-09-21T20:17:22.541Z
,6-letters,6,blocked,2026-09-21T20:42:20.469Z
roscyf,6-letters,6,taken,2026-09-21T20:17:22.541Z
eiqist,6-letters,6,available,2026-09-21T20:42:21.952Z
novhxd,6-letters,6,taken,2026-09-21T20:17:22.541Z
dkmcew,6-letters,6,taken,2026-09-21T20:17:22.541Z
ugzhul,6-letters,6,available,2026-09-21T20:42:23.439Z
siyuki,6-letters,6,taken,2026-09-21T20:17:22.541Z
xtomlo,6-letters,6,taken,2026-09-21T20:17:22.541Z
gkvznv,6-letters,6,available,2026-09-21T20:42:24.920Z
siqeir,6-letters,6,taken,2026-09-21T20:17:22.541Z
laigfb,6-letters,6,taken,2026-09-21T20:17:22.541Z
qvycjn,6-letters,6,available,2026-09-21T20:42:26.398Z
jopwsq,6-letters,6,taken,2026-09-21T20:17:22.541Z
ylkwwa,6-letters,6,available,2026-09-21T20:42:27.889Z
gesezq,6-letters,6,taken,2026-09-21T20:17:22.541Z
nqysul,6-letters,6,available,2026-09-21T20:42:29.381Z
pfjqts,6-letters,6,available,2026-09-21T20:42:30.888Z
dfwhxc,6-letters,6,available,2026-09-21T20:42:32.368Z
lifpug,6-letters,6,taken,2026-09-21T20:17:22.541Z
ooarqz,6-letters,6,available,2026-09-21T20:42:33.859Z
vddfoi,6-letters,6,taken,2026-09-21T20:17:22.541Z
brpada,6-letters,6,taken,2026-09-21T20:17:22.541Z
,6-letters,6,blocked,2026-09-21T20:42:35.338Z
kakium,6-letters,6,taken,2026-09-21T20:17:22.541Z
ondbyz,6-letters,6,available,2026-09-21T20:42:36.823Z
damjof,6-letters,6,taken,2026-09-21T20:17:22.541Z
arotmj,6-letters,6,available,2026-09-21T20:42:38.314Z
sdeeso,6-letters,6,taken,2026-09-21T20:17:22.541Z
xceona,6-letters,6,taken,2026-09-21T20:17:22.541Z
vaijqc,6-letters,6,available,2026-09-21T20:42:39.797Z
pnopjd,6-letters,6,available,2026-09-21T20:42:41.277Z
ihvung,6-letters,6,taken,2026-09-21T20:17:22.541Z
qqfiaj,6-letters,6,available,2026-09-21T20:42:42.773Z
mwxkfn,6-letters,6,available,2026-09-21T20:42:44.257Z
kjtdsr,6-letters,6,taken,2026-09-21T20:17:22.541Z
whjsxm,6-letters,6,taken,2026-09-21T20:17:22.541Z
ubghiz,6-letters,6,available,2026-09-21T20:42:45.049Z
tlhqst,6-letters,6,available,2026-09-21T20:42:46.535Z
ugdmlp,6-letters,6,available,2026-09-21T20:42:48.019Z
gqvcon,6-letters,6,available,2026-09-21T20:42:49.506Z
,6-letters,6,blocked,2026-09-21T20:42:50.995Z
mtasda,6-letters,6,taken,2026-09-21T20:17:22.541Z
ydkgrl,6-letters,6,taken,2026-09-21T20:17:22.541Z
tpkmgs,6-letters,6,available,2026-09-21T20:42:52.486Z
wxvxgo,6-letters,6,available,2026-09-21T20:42:53.975Z
psswta,6-letters,6,available,2026-09-21T20:42:55.464Z
fmljhz,6-letters,6,available,2026-09-21T20:42:56.951Z
,6-letters,6,blocked,2026-09-21T20:42:58.440Z
pbkwui,6-letters,6,available,2026-09-21T20:42:59.930Z
gtcycb,6-letters,6,taken,2026-09-21T20:17:22.541Z
efpxvt,6-letters,6,available,2026-09-21T20:43:01.411Z
eddlqm,6-letters,6,available,2026-09-21T20:43:02.892Z
xgmuoj,6-letters,6,available,2026-09-21T20:43:04.375Z
oiunau,6-letters,6,taken,2026-09-21T20:17:22.541Z
skqnwt,6-letters,6,taken,2026-09-21T20:17:22.541Z
lqmvgi,6-letters,6,available,2026-09-21T20:43:05.857Z
jcjnie,6-letters,6,taken,2026-09-21T20:17:22.541Z
wojwtx,6-letters,6,available,2026-09-21T20:43:07.348Z
xlmoty,6-letters,6,available,2026-09-21T20:43:08.837Z
yfpwjr,6-letters,6,taken,2026-09-21T20:17:22.541Z
hfjsiv,6-letters,6,taken,2026-09-21T20:17:22.541Z
uwajgi,6-letters,6,taken,2026-09-21T20:17:22.541Z
fpifsk,6-letters,6,available,2026-09-21T20:43:10.317Z
gwbhgp,6-letters,6,available,2026-09-21T20:43:11.810Z
,6-letters,6,blocked,2026-09-21T20:43:13.298Z
ukfrsv,6-letters,6,available,2026-09-21T20:43:14.775Z
mzznqt,6-letters,6,available,2026-09-21T20:43:16.252Z
iwugkt,6-letters,6,available,2026-09-21T20:43:17.058Z
qdmlce,6-letters,6,available,2026-09-21T20:43:18.563Z
bdcral,6-letters,6,taken,2026-09-21T20:17:22.541Z
izxsjj,6-letters,6,taken,2026-09-21T20:17:22.541Z
mwnomp,6-letters,6,available,2026-09-21T20:43:20.047Z
sxvphq,6-letters,6,available,2026-09-21T20:43:21.525Z
ucqyte,6-letters,6,available,2026-09-21T20:43:23.010Z
emcevk,6-letters,6,available,2026-09-21T20:43:24.487Z
oquuvj,6-letters,6,available,2026-09-21T20:43:25.968Z
,6-letters,6,blocked,2026-09-21T20:43:27.447Z
gvtlcp,6-letters,6,available,2026-09-21T20:43:28.935Z
jifndm,6-letters,6,available,2026-09-21T20:43:30.420Z
rowezc,6-letters,6,taken,2026-09-21T20:17:22.541Z
csnuvm,6-letters,6,available,2026-09-21T20:43:31.905Z
enskhg,6-letters,6,taken,2026-09-21T20:17:22.541Z
snkyha,6-letters,6,available,2026-09-21T20:43:33.388Z
acieep,6-letters,6,available,2026-09-21T20:43:34.868Z
plvdgz,6-letters,6,available,2026-09-21T20:43:36.350Z
,6-letters,6,blocked,2026-09-21T20:43:37.842Z
hnozsd,6-letters,6,available,2026-09-21T20:43:39.337Z
adteuu,6-letters,6,taken,2026-09-21T20:17:22.541Z
ktyhke,6-letters,6,available,2026-09-21T20:43:40.833Z
mjgfjd,6-letters,6,taken,2026-09-21T20:17:22.541Z
yfzzad,6-letters,6,available,2026-09-21T20:43:42.321Z
afsupl,6-letters,6,taken,2026-09-21T20:17:53.113Z
ksyvir,6-letters,6,taken,2026-09-21T20:17:53.113Z
bsjxfz,6-letters,6,available,2026-09-21T20:43:43.805Z
bvjxvq,6-letters,6,available,2026-09-21T20:43:45.293Z
avslid,6-letters,6,available,2026-09-21T20:43:46.775Z
fjrycd,6-letters,6,taken,2026-09-21T20:17:53.113Z
mukjva,6-letters,6,available,2026-09-21T20:43:47.570Z
txhnqc,6-letters,6,available,2026-09-21T20:43:49.059Z
,6-letters,6,blocked,2026-09-21T20:43:50.543Z
ybsomh,6-letters,6,available,2026-09-21T20:43:52.026Z
ikykze,6-letters,6,available,2026-09-21T20:43:53.511Z
meipig,6-letters,6,taken,2026-09-21T20:17:53.113Z
counow,6-letters,6,taken,2026-09-21T20:17:53.113Z
numxyk,6-letters,6,available,2026-09-21T20:43:54.998Z
ynakpe,6-letters,6,available,2026-09-21T20:43:56.483Z
wxmaoo,6-letters,6,available,2026-09-21T20:43:57.968Z
kirlin,6-letters,6,taken,2026-09-21T20:17:53.113Z
byhfqs,6-letters,6,available,2026-09-21T20:43:59.447Z
kcxbqw,6-letters,6,taken,2026-09-21T20:17:53.113Z
whmxxg,6-letters,6,available,2026-09-21T20:44:00.935Z
nrgxee,6-letters,6,available,2026-09-21T20:44:02.426Z
sarzbx,6-letters,6,available,2026-09-21T20:44:03.914Z
gvmyqi,6-letters,6,available,2026-09-21T20:44:05.398Z
uqvxaz,6-letters,6,available,2026-09-21T20:44:06.881Z
xaziij,6-letters,6,available,2026-09-21T20:44:08.376Z
xjxlnp,6-letters,6,available,2026-09-21T20:44:09.864Z
uwzupx,6-letters,6,available,2026-09-21T20:44:11.356Z
uaycik,6-letters,6,available,2026-09-21T20:44:12.838Z
mbqexa,6-letters,6,taken,2026-09-21T20:17:53.113Z
ebjero,6-letters,6,taken,2026-09-21T20:17:53.113Z
uoxjnc,6-letters,6,available,2026-09-21T20:44:14.320Z
thicjd,6-letters,6,taken,2026-09-21T20:17:53.113Z
dauudq,6-letters,6,available,2026-09-21T20:44:15.806Z
azubei,6-letters,6,taken,2026-09-21T20:17:53.113Z
utsoea,6-letters,6,available,2026-09-21T20:44:17.289Z
unyyxk,6-letters,6,taken,2026-09-21T20:17:53.113Z
nmjjqw,6-letters,6,available,2026-09-21T20:44:18.764Z
yojntt,6-letters,6,available,2026-09-21T20:44:19.568Z
qsvdom,6-letters,6,available,2026-09-21T20:44:21.054Z
nlzfic,6-letters,6,available,2026-09-21T20:44:22.538Z
qmdvri,6-letters,6,available,2026-09-21T20:44:24.019Z
qkkvtq,6-letters,6,available,2026-09-21T20:44:25.501Z
qclfer,6-letters,6,available,2026-09-21T20:44:26.977Z
seshos,6-letters,6,taken,2026-09-21T20:17:53.113Z
qxvdva,6-letters,6,available,2026-09-21T20:44:28.464Z
tewnjd,6-letters,6,available,2026-09-21T20:44:29.953Z
grllel,6-letters,6,taken,2026-09-21T20:17:53.113Z
qrcspd,6-letters,6,available,2026-09-21T20:44:31.432Z
xkttmq,6-letters,6,available,2026-09-21T20:44:32.910Z
ctrfsb,6-letters,6,available,2026-09-21T20:44:34.393Z
gsfjzz,6-letters,6,taken,2026-09-21T20:17:53.113Z
xlsjra,6-letters,6,available,2026-09-21T20:44:35.882Z
hvwmun,6-letters,6,available,2026-09-21T20:44:37.371Z
acvzyv,6-letters,6,available,2026-09-21T20:44:38.847Z
cbstip,6-letters,6,available,2026-09-21T20:44:40.340Z
vttnqz,6-letters,6,available,2026-09-21T20:44:41.829Z
lcoemr,6-letters,6,available,2026-09-21T20:44:43.316Z
fwtzah,6-letters,6,available,2026-09-21T20:44:44.806Z
jkczok,6-letters,6,available,2026-09-21T20:44:46.289Z
tsgfkm,6-letters,6,available,2026-09-21T20:44:47.771Z
pjzoia,6-letters,6,taken,2026-09-21T20:17:53.113Z
gocxwc,6-letters,6,available,2026-09-21T20:44:49.254Z
,6-letters,6,blocked,2026-09-21T20:44:50.730Z
isezrg,6-letters,6,taken,2026-09-21T20:17:53.113Z
xgtthp,6-letters,6,available,2026-09-21T20:44:51.524Z
bxcboz,6-letters,6,available,2026-09-21T20:44:53.005Z
qodgwx,6-letters,6,taken,2026-09-21T20:17:53.113Z
cxzvjb,6-letters,6,taken,2026-09-21T20:17:53.113Z
lfacil,6-letters,6,taken,2026-09-21T20:17:53.113Z
kqmhtm,6-letters,6,available,2026-09-21T20:44:54.493Z
sqyfsv,6-letters,6,available,2026-09-21T20:44:55.975Z
ogqhfi,6-letters,6,available,2026-09-21T20:44:57.457Z
jwigsg,6-letters,6,taken,2026-09-21T20:17:53.113Z
pbnfba,6-letters,6,available,2026-09-21T20:44:58.945Z
eyzbkf,6-letters,6,available,2026-09-21T20:45:00.430Z
lenhnk,6-letters,6,taken,2026-09-21T20:17:53.113Z
ymikur,6-letters,6,taken,2026-09-21T20:17:53.113Z
ibmdld,6-letters,6,available,2026-09-21T20:45:01.915Z
ktxbki,6-letters,6,available,2026-09-21T20:45:03.410Z
mmmpmf,6-letters,6,taken,2026-09-21T20:17:53.113Z
dntspo,6-letters,6,available,2026-09-21T20:45:04.896Z
rxefkn,6-letters,6,taken,2026-09-21T20:17:53.113Z
pzgdaz,6-letters,6,available,2026-09-21T20:45:06.385Z
otluzx,6-letters,6,available,2026-09-21T20:45:07.869Z
izqlgc,6-letters,6,available,2026-09-21T20:45:09.364Z
mdtymy,6-letters,6,available,2026-09-21T20:45:10.855Z
edukgw,6-letters,6,available,2026-09-21T20:45:12.342Z
inwrbl,6-letters,6,taken,2026-09-21T20:17:53.113Z
vkzqui,6-letters,6,available,2026-09-21T20:45:13.832Z
rzgbqc,6-letters,6,available,2026-09-21T20:45:15.315Z
lonxcu,6-letters,6,taken,2026-09-21T20:17:53.113Z
udbaji,6-letters,6,taken,2026-09-21T20:17:53.113Z
gakvei,6-letters,6,taken,2026-09-21T20:17:53.113Z
gwcwwf,6-letters,6,available,2026-09-21T20:45:16.796Z
qlvckc,6-letters,6,available,2026-09-21T20:45:18.282Z
dktdkh,6-letters,6,taken,2026-09-21T20:17:53.113Z
wxnwsc,6-letters,6,available,2026-09-21T20:45:19.759Z
estypm,6-letters,6,available,2026-09-21T20:45:21.249Z
hnynru,6-letters,6,available,2026-09-21T20:45:22.047Z
,6-letters,6,blocked,2026-09-21T20:45:23.534Z
uayxap,6-letters,6,available,2026-09-21T20:45:25.023Z
wajoai,6-letters,6,taken,2026-09-21T20:18:23.579Z
,6-letters,6,blocked,2026-09-21T20:45:26.507Z
dsnmkm,6-letters,6,available,2026-09-21T20:45:27.989Z
bidzcb,6-letters,6,taken,2026-09-21T20:18:23.579Z
czjcnz,6-letters,6,available,2026-09-21T20:45:29.480Z
hecgvn,6-letters,6,available,2026-09-21T20:45:30.973Z
fituyv,6-letters,6,taken,2026-09-21T20:18:23.579Z
akbemf,6-letters,6,available,2026-09-21T20:45:32.459Z
lszlnj,6-letters,6,available,2026-09-21T20:45:33.952Z
ikrynd,6-letters,6,available,2026-09-21T20:45:35.434Z
,6-letters,6,blocked,2026-09-21T20:45:36.921Z
uitxnk,6-letters,6,available,2026-09-21T20:45:38.408Z
rnddiu,6-letters,6,available,2026-09-21T20:45:39.910Z
muzwef,6-letters,6,taken,2026-09-21T20:18:23.579Z
lrzghl,6-letters,6,available,2026-09-21T20:45:41.387Z
pljjep,6-letters,6,taken,2026-09-21T20:18:23.579Z
vlcldo,6-letters,6,available,2026-09-21T20:45:42.887Z
ieifyx,6-letters,6,taken,2026-09-21T20:18:23.579Z
cvafvy,6-letters,6,available,2026-09-21T20:45:44.405Z
ttyoby,6-letters,6,taken,2026-09-21T20:18:23.579Z
qyxhaf,6-letters,6,available,2026-09-21T20:45:45.900Z
,6-letters,6,blocked,2026-09-21T20:45:47.396Z
efbrig,6-letters,6,available,2026-09-21T20:45:48.880Z
srctyn,6-letters,6,available,2026-09-21T20:45:50.370Z
opttte,6-letters,6,taken,2026-09-21T20:18:23.579Z
ebjyvb,6-letters,6,available,2026-09-21T20:45:51.853Z
uxccyq,6-letters,6,available,2026-09-21T20:45:53.329Z
cgmqyq,6-letters,6,available,2026-09-21T20:45:54.110Z
vifwqx,6-letters,6,available,2026-09-21T20:45:55.602Z
ifwjwk,6-letters,6,available,2026-09-21T20:45:57.088Z
tsgbhq,6-letters,6,available,2026-09-21T20:45:58.567Z
hjaorl,6-letters,6,available,2026-09-21T20:46:00.049Z
hprbke,6-letters,6,available,2026-09-21T20:46:01.536Z
sklmxr,6-letters,6,available,2026-09-21T20:46:03.026Z
kwrxly,6-letters,6,available,2026-09-21T20:46:04.505Z
avwamu,6-letters,6,available,2026-09-21T20:46:05.985Z
ymxxqv,6-letters,6,available,2026-09-21T20:46:07.488Z
dtxvvs,6-letters,6,available,2026-09-21T20:46:08.975Z
gcmccz,6-letters,6,taken,2026-09-21T20:18:23.579Z
ltetof,6-letters,6,taken,2026-09-21T20:18:23.579Z
jmcyfq,6-letters,6,available,2026-09-21T20:46:10.454Z
shpobn,6-letters,6,taken,2026-09-21T20:18:23.579Z
bigthi,6-letters,6,taken,2026-09-21T20:18:23.579Z
daxbdt,6-letters,6,available,2026-09-21T20:46:11.943Z
uvemjv,6-letters,6,available,2026-09-21T20:46:13.429Z
sajmba,6-letters,6,taken,2026-09-21T20:18:23.579Z
qtcryp,6-letters,6,available,2026-09-21T20:46:14.944Z
deysgx,6-letters,6,taken,2026-09-21T20:18:23.579Z
kuglpn,6-letters,6,available,2026-09-21T20:46:16.428Z
ueyshp,6-letters,6,taken,2026-09-21T20:18:23.579Z
jtvqqz,6-letters,6,available,2026-09-21T20:46:17.915Z
bndmbt,6-letters,6,available,2026-09-21T20:46:19.407Z
,6-letters,6,blocked,2026-09-21T20:46:20.890Z
hipkak,6-letters,6,taken,2026-09-21T20:18:23.579Z
bxtyai,6-letters,6,taken,2026-09-21T20:18:23.579Z
svyywx,6-letters,6,available,2026-09-21T20:46:22.382Z
wspjlk,6-letters,6,available,2026-09-21T20:46:23.872Z
nawokd,6-letters,6,taken,2026-09-21T20:18:23.579Z
,6-letters,6,blocked,2026-09-21T20:46:25.357Z
uqbjfx,6-letters,6,available,2026-09-21T20:46:26.136Z
nerqmk,6-letters,6,available,2026-09-21T20:46:27.615Z
ywoley,6-letters,6,taken,2026-09-21T20:18:23.579Z
cpzzqt,6-letters,6,available,2026-09-21T20:46:29.089Z
htjpcb,6-letters,6,available,2026-09-21T20:46:30.571Z
bzijdn,6-letters,6,taken,2026-09-21T20:18:23.579Z
awlcuu,6-letters,6,available,2026-09-21T20:46:32.055Z
npxtup,6-letters,6,available,2026-09-21T20:46:33.534Z
uewfwi,6-letters,6,taken,2026-09-21T20:18:23.579Z
qjouyd,6-letters,6,available,2026-09-21T20:46:35.023Z
vzdwpv,6-letters,6,available,2026-09-21T20:46:36.499Z
heblal,6-letters,6,taken,2026-09-21T20:18:23.579Z
bcsmwb,6-letters,6,available,2026-09-21T20:46:37.979Z
rwxbqh,6-letters,6,available,2026-09-21T20:46:39.457Z
syxgdg,6-letters,6,taken,2026-09-21T20:18:23.579Z
pexajh,6-letters,6,available,2026-09-21T20:46:40.941Z
mfjlwg,6-letters,6,available,2026-09-21T20:46:42.424Z
ghgtsg,6-letters,6,taken,2026-09-21T20:18:23.579Z
nfglfg,6-letters,6,taken,2026-09-21T20:18:23.579Z
yckxca,6-letters,6,available,2026-09-21T20:46:43.912Z
ainnqb,6-letters,6,available,2026-09-21T20:46:45.404Z
shfwij,6-letters,6,taken,2026-09-21T20:18:23.579Z
zxrqln,6-letters,6,available,2026-09-21T20:46:46.983Z
hcwwci,6-letters,6,taken,2026-09-21T20:18:23.579Z
enbimn,6-letters,6,available,2026-09-21T20:46:48.467Z
jxinxs,6-letters,6,taken,2026-09-21T20:18:23.579Z
yrakxs,6-letters,6,available,2026-09-21T20:46:49.944Z
igftfz,6-letters,6,available,2026-09-21T20:46:51.428Z
ouvbuv,6-letters,6,taken,2026-09-21T20:18:23.579Z
vopkcr,6-letters,6,available,2026-09-21T20:46:52.908Z
uddjpg,6-letters,6,taken,2026-09-21T20:18:23.579Z
ipoqyq,6-letters,6,available,2026-09-21T20:46:54.393Z
bfobwj,6-letters,6,available,2026-09-21T20:46:55.868Z
glboqy,6-letters,6,available,2026-09-21T20:46:56.705Z
bwbyzg,6-letters,6,taken,2026-09-21T20:18:23.579Z
qlcmsw,6-letters,6,available,2026-09-21T20:46:58.188Z
,6-letters,6,blocked,2026-09-21T20:46:59.681Z
xwmtme,6-letters,6,available,2026-09-21T20:47:01.167Z
ostwnw,6-letters,6,taken,2026-09-21T20:18:23.579Z
nfzbmj,6-letters,6,available,2026-09-21T20:47:02.689Z
dsdiew,6-letters,6,taken,2026-09-21T20:18:54.522Z
saxcev,6-letters,6,taken,2026-09-21T20:18:54.522Z
zbfllv,6-letters,6,available,2026-09-21T20:47:04.191Z
blayca,6-letters,6,taken,2026-09-21T20:18:54.522Z
qhazhz,6-letters,6,taken,2026-09-21T20:18:54.522Z
wljpxm,6-letters,6,available,2026-09-21T20:47:05.736Z
vamunh,6-letters,6,taken,2026-09-21T20:18:54.522Z
ukuvqi,6-letters,6,available,2026-09-21T20:47:07.227Z
eyqfci,6-letters,6,available,2026-09-21T20:47:08.712Z
ydyuhq,6-letters,6,available,2026-09-21T20:47:10.234Z
debmis,6-letters,6,taken,2026-09-21T20:18:54.522Z
upieqa,6-letters,6,available,2026-09-21T20:47:11.740Z
ukphlg,6-letters,6,available,2026-09-21T20:47:13.231Z
lmdelv,6-letters,6,available,2026-09-21T20:47:14.930Z
renkbr,6-letters,6,taken,2026-09-21T20:18:54.522Z
ynanez,6-letters,6,taken,2026-09-21T20:18:54.522Z
grhscn,6-letters,6,available,2026-09-21T20:47:16.423Z
bstzhj,6-letters,6,available,2026-09-21T20:47:17.937Z
,6-letters,6,blocked,2026-09-21T20:47:19.422Z
tqogmz,6-letters,6,available,2026-09-21T20:47:20.907Z
lednhh,6-letters,6,available,2026-09-21T20:47:22.463Z
ndxbhl,6-letters,6,available,2026-09-21T20:47:23.948Z
cmlyyj,6-letters,6,available,2026-09-21T20:47:25.446Z
usjjjr,6-letters,6,taken,2026-09-21T20:18:54.522Z
abpcfr,6-letters,6,taken,2026-09-21T20:18:54.522Z
zkrden,6-letters,6,taken,2026-09-21T20:18:54.522Z
qvuprm,6-letters,6,available,2026-09-21T20:47:26.928Z
mwwlpi,6-letters,6,available,2026-09-21T20:47:28.445Z
vcotaf,6-letters,6,available,2026-09-21T20:47:29.230Z
fcyvoe,6-letters,6,available,2026-09-21T20:47:30.733Z
gpbgyz,6-letters,6,available,2026-09-21T20:47:32.222Z
zosvaj,6-letters,6,available,2026-09-21T20:47:33.756Z
vbehsm,6-letters,6,available,2026-09-21T20:47:35.243Z
nitayq,6-letters,6,taken,2026-09-21T20:18:54.522Z
bbnvfy,6-letters,6,taken,2026-09-21T20:18:54.522Z
ljxoxt,6-letters,6,available,2026-09-21T20:47:36.732Z
prrrdf,6-letters,6,taken,2026-09-21T20:18:54.522Z
waffgq,6-letters,6,taken,2026-09-21T20:18:54.522Z
mhrgrz,6-letters,6,available,2026-09-21T20:47:38.217Z
puqavh,6-letters,6,available,2026-09-21T20:47:39.817Z
ryzrvj,6-letters,6,available,2026-09-21T20:47:41.307Z
bymhun,6-letters,6,available,2026-09-21T20:47:42.851Z
cplwuu,6-letters,6,available,2026-09-21T20:47:44.341Z
bhtsix,6-letters,6,available,2026-09-21T20:47:45.842Z
hnxtvl,6-letters,6,available,2026-09-21T20:47:47.328Z
zuvpfy,6-letters,6,available,2026-09-21T20:47:48.825Z
chboxe,6-letters,6,taken,2026-09-21T20:18:54.522Z
gbhrwz,6-letters,6,available,2026-09-21T20:47:50.386Z
nnlwfv,6-letters,6,available,2026-09-21T20:47:51.874Z
,6-letters,6,blocked,2026-09-21T20:47:53.421Z
zvhear,6-letters,6,available,2026-09-21T20:47:54.942Z
wfqzqn,6-letters,6,available,2026-09-21T20:47:56.431Z
tazelg,6-letters,6,taken,2026-09-21T20:18:54.522Z
nyeeco,6-letters,6,taken,2026-09-21T20:18:54.522Z
tpfxeh,6-letters,6,available,2026-09-21T20:47:57.916Z
mzyjvq,6-letters,6,available,2026-09-21T20:47:59.395Z
izxppr,6-letters,6,available,2026-09-21T20:48:00.266Z
cpyrwj,6-letters,6,available,2026-09-21T20:48:01.754Z
agpwby,6-letters,6,available,2026-09-21T20:48:03.233Z
bnoxxe,6-letters,6,taken,2026-09-21T20:18:54.522Z
xnihkm,6-letters,6,available,2026-09-21T20:48:04.718Z
bxpflj,6-letters,6,available,2026-09-21T20:48:06.349Z
htujeq,6-letters,6,available,2026-09-21T20:48:07.864Z
wdiyzu,6-letters,6,available,2026-09-21T20:48:09.354Z
qfnkfa,6-letters,6,available,2026-09-21T20:48:10.838Z
dctvxu,6-letters,6,available,2026-09-21T20:48:12.373Z
aujijk,6-letters,6,taken,2026-09-21T20:18:54.522Z
lldmlz,6-letters,6,available,2026-09-21T20:48:14.037Z
udjgse,6-letters,6,taken,2026-09-21T20:18:54.522Z
gqnrdg,6-letters,6,available,2026-09-21T20:48:15.527Z
kxdikl,6-letters,6,available,2026-09-21T20:48:17.014Z
pkizow,6-letters,6,available,2026-09-21T20:48:18.524Z
dijppg,6-letters,6,available,2026-09-21T20:48:20.083Z
qucska,6-letters,6,taken,2026-09-21T20:18:54.522Z
,6-letters,6,blocked,2026-09-21T20:48:21.570Z
lhwjbq,6-letters,6,available,2026-09-21T20:48:23.054Z
eahhza,6-letters,6,available,2026-09-21T20:48:24.661Z
yibnlu,6-letters,6,taken,2026-09-21T20:18:54.522Z
zunbph,6-letters,6,available,2026-09-21T20:48:26.157Z
ecdesn,6-letters,6,available,2026-09-21T20:48:27.638Z
xplduz,6-letters,6,taken,2026-09-21T20:18:54.522Z
angidx,6-letters,6,taken,2026-09-21T20:18:54.522Z
bcmfbg,6-letters,6,available,2026-09-21T20:48:29.154Z
gfodcx,6-letters,6,taken,2026-09-21T20:18:54.522Z
lsoutr,6-letters,6,available,2026-09-21T20:48:30.638Z
ufwxld,6-letters,6,available,2026-09-21T20:48:31.456Z
omycae,6-letters,6,available,2026-09-21T20:48:33.029Z
njbvol,6-letters,6,available,2026-09-21T20:48:34.513Z
vgbvka,6-letters,6,available,2026-09-21T20:48:36.033Z
ahwvfg,6-letters,6,available,2026-09-21T20:48:37.548Z
yvrypo,6-letters,6,available,2026-09-21T20:48:39.052Z
dvwxrm,6-letters,6,available,2026-09-21T20:48:40.558Z
qjtodc,6-letters,6,available,2026-09-21T20:48:42.035Z
ipcblc,6-letters,6,available,2026-09-21T20:48:43.526Z
ntwvcn,6-letters,6,available,2026-09-21T20:48:45.023Z
griesk,6-letters,6,taken,2026-09-21T20:18:54.522Z
ebbcgv,6-letters,6,available,2026-09-21T20:48:46.505Z
xjivde,6-letters,6,available,2026-09-21T20:48:47.991Z
ppdncx,6-letters,6,available,2026-09-21T20:48:49.474Z
ekyzhv,6-letters,6,available,2026-09-21T20:48:50.959Z
olvrxk,6-letters,6,available,2026-09-21T20:48:52.439Z
gsnbww,6-letters,6,taken,2026-09-21T20:19:25.041Z
laogih,6-letters,6,taken,2026-09-21T20:19:25.041Z
elelsw,6-letters,6,taken,2026-09-21T20:19:25.041Z
frdgka,6-letters,6,taken,2026-09-21T20:19:25.041Z
hllroo,6-letters,6,taken,2026-09-21T20:19:25.041Z
lpicde,6-letters,6,available,2026-09-21T20:48:54.055Z
cjbstb,6-letters,6,available,2026-09-21T20:48:55.666Z
kjfcpy,6-letters,6,available,2026-09-21T20:48:57.179Z
hahwgk,6-letters,6,taken,2026-09-21T20:19:25.041Z
divkqd,6-letters,6,available,2026-09-21T20:48:58.671Z
umrglo,6-letters,6,taken,2026-09-21T20:19:25.041Z
hfzmro,6-letters,6,available,2026-09-21T20:49:00.167Z
vxflkd,6-letters,6,available,2026-09-21T20:49:01.810Z
fbceaj,6-letters,6,available,2026-09-21T20:49:03.368Z
gmywxl,6-letters,6,available,2026-09-21T20:49:04.191Z
megvls,6-letters,6,taken,2026-09-21T20:19:25.041Z
meowng,6-letters,6,taken,2026-09-21T20:19:25.041Z
pdoomm,6-letters,6,taken,2026-09-21T20:19:25.041Z
bivouo,6-letters,6,taken,2026-09-21T20:19:25.041Z
wqqnzm,6-letters,6,available,2026-09-21T20:49:05.673Z
tuhkzq,6-letters,6,available,2026-09-21T20:49:07.162Z
rmfzyc,6-letters,6,available,2026-09-21T20:49:08.755Z
ghrzha,6-letters,6,taken,2026-09-21T20:19:25.041Z
vfuyqj,6-letters,6,available,2026-09-21T20:49:10.287Z
tlvjlk,6-letters,6,available,2026-09-21T20:49:11.777Z
grjlxy,6-letters,6,available,2026-09-21T20:49:13.282Z
ujykno,6-letters,6,available,2026-09-21T20:49:14.832Z
pknokv,6-letters,6,available,2026-09-21T20:49:16.327Z
kxwwaz,6-letters,6,available,2026-09-21T20:49:17.846Z
yvmmoa,6-letters,6,available,2026-09-21T20:49:19.362Z
xrmlnf,6-letters,6,available,2026-09-21T20:49:20.879Z
udcbuc,6-letters,6,available,2026-09-21T20:49:22.388Z
iskqtu,6-letters,6,available,2026-09-21T20:49:23.897Z
awwbrn,6-letters,6,available,2026-09-21T20:49:25.392Z
cskdxy,6-letters,6,taken,2026-09-21T20:19:25.041Z
qgxdld,6-letters,6,available,2026-09-21T20:49:26.955Z
bxokxn,6-letters,6,taken,2026-09-21T20:19:25.041Z
jzcpdv,6-letters,6,available,2026-09-21T20:49:28.517Z
fqbjzi,6-letters,6,available,2026-09-21T20:49:30.032Z
trgvrb,6-letters,6,taken,2026-09-21T20:19:25.041Z
ivmetz,6-letters,6,available,2026-09-21T20:49:31.557Z
,6-letters,6,blocked,2026-09-21T20:49:33.046Z
zpjcnw,6-letters,6,taken,2026-09-21T20:19:25.041Z
wulcwr,6-letters,6,available,2026-09-21T20:49:34.531Z
rzehvl,6-letters,6,available,2026-09-21T20:49:35.329Z
vbwiam,6-letters,6,available,2026-09-21T20:49:36.808Z
jdsaet,6-letters,6,taken,2026-09-21T20:19:25.041Z
,6-letters,6,blocked,2026-09-21T20:49:38.300Z
advgug,6-letters,6,taken,2026-09-21T20:19:25.041Z
rbntkq,6-letters,6,available,2026-09-21T20:49:39.867Z
emlvrz,6-letters,6,available,2026-09-21T20:49:41.352Z
kqimgv,6-letters,6,available,2026-09-21T20:49:42.903Z
bhawwo,6-letters,6,taken,2026-09-21T20:19:25.041Z
zklxjg,6-letters,6,available,2026-09-21T20:49:44.472Z
rmckuw,6-letters,6,available,2026-09-21T20:49:45.952Z
rngzgs,6-letters,6,taken,2026-09-21T20:19:25.041Z
aazlhv,6-letters,6,available,2026-09-21T20:49:47.516Z
msxuxe,6-letters,6,available,2026-09-21T20:49:49.015Z
mepnhn,6-letters,6,available,2026-09-21T20:49:50.645Z
tmrqan,6-letters,6,taken,2026-09-21T20:19:25.041Z
,6-letters,6,blocked,2026-09-21T20:49:52.154Z
hkawbd,6-letters,6,available,2026-09-21T20:49:53.649Z
becysu,6-letters,6,available,2026-09-21T20:49:55.242Z
,6-letters,6,blocked,2026-09-21T20:49:56.729Z
rzxldq,6-letters,6,available,2026-09-21T20:49:58.274Z
utzsll,6-letters,6,available,2026-09-21T20:49:59.785Z
mrvlcm,6-letters,6,available,2026-09-21T20:50:01.322Z
djbjmz,6-letters,6,available,2026-09-21T20:50:02.875Z
xxuvkx,6-letters,6,taken,2026-09-21T20:19:25.041Z
ukwzee,6-letters,6,available,2026-09-21T20:50:04.364Z
crwkqr,6-letters,6,available,2026-09-21T20:50:05.852Z
ilybos,6-letters,6,taken,2026-09-21T20:19:25.041Z
qfzznn,6-letters,6,available,2026-09-21T20:50:06.672Z
,6-letters,6,blocked,2026-09-21T20:50:08.310Z
vxysdx,6-letters,6,available,2026-09-21T20:50:09.818Z
brcpim,6-letters,6,available,2026-09-21T20:50:11.307Z
xrdxnl,6-letters,6,available,2026-09-21T20:50:12.851Z
cgqknh,6-letters,6,available,2026-09-21T20:50:14.444Z
xijvgs,6-letters,6,available,2026-09-21T20:50:15.937Z
gzayno,6-letters,6,available,2026-09-21T20:50:17.484Z
xplaki,6-letters,6,taken,2026-09-21T20:19:25.041Z
wlqxsi,6-letters,6,available,2026-09-21T20:50:18.967Z
bndhwr,6-letters,6,available,2026-09-21T20:50:20.463Z
tctpyw,6-letters,6,available,2026-09-21T20:50:21.945Z
tyfbzh,6-letters,6,taken,2026-09-21T20:19:25.041Z
toeqcw,6-letters,6,available,2026-09-21T20:50:23.431Z
kcapjs,6-letters,6,available,2026-09-21T20:50:24.913Z
kwguek,6-letters,6,taken,2026-09-21T20:19:25.041Z
,6-letters,6,blocked,2026-09-21T20:50:26.400Z
fovkaq,6-letters,6,taken,2026-09-21T20:19:25.041Z
ynhzay,6-letters,6,taken,2026-09-21T20:19:25.041Z
zffbuo,6-letters,6,available,2026-09-21T20:50:27.885Z
uupdpg,6-letters,6,available,2026-09-21T20:50:29.362Z
xhrgds,6-letters,6,taken,2026-09-21T20:19:25.041Z
mvkxwa,6-letters,6,available,2026-09-21T20:50:30.855Z
yfwoob,6-letters,6,available,2026-09-21T20:50:32.351Z
znbydh,6-letters,6,taken,2026-09-21T20:19:25.041Z
xedbda,6-letters,6,available,2026-09-21T20:50:33.832Z
mxjdyr,6-letters,6,taken,2026-09-21T20:19:25.041Z
,6-letters,6,blocked,2026-09-21T20:50:35.330Z
ekmalr,6-letters,6,taken,2026-09-21T20:19:55.851Z
reqkyw,6-letters,6,available,2026-09-21T20:50:36.819Z
,6-letters,6,blocked,2026-09-21T20:50:37.622Z
lonkea,6-letters,6,taken,2026-09-21T20:19:55.851Z
tanele,6-letters,6,taken,2026-09-21T20:19:55.851Z
aemhod,6-letters,6,available,2026-09-21T20:50:39.124Z
xzboff,6-letters,6,taken,2026-09-21T20:19:55.851Z
hbvnyc,6-letters,6,taken,2026-09-21T20:19:55.851Z
xtqthx,6-letters,6,available,2026-09-21T20:50:40.610Z
nthkhr,6-letters,6,available,2026-09-21T20:50:42.098Z
jgmjuv,6-letters,6,taken,2026-09-21T20:19:55.851Z
axwjmp,6-letters,6,available,2026-09-21T20:50:43.695Z
tpcljb,6-letters,6,available,2026-09-21T20:50:45.202Z
uzbanw,6-letters,6,available,2026-09-21T20:50:46.783Z
czzzbx,6-letters,6,available,2026-09-21T20:50:48.349Z
ywjpzr,6-letters,6,available,2026-09-21T20:50:49.843Z
bpldri,6-letters,6,available,2026-09-21T20:50:51.334Z
akohpl,6-letters,6,available,2026-09-21T20:50:52.851Z
zntsyo,6-letters,6,available,2026-09-21T20:50:54.348Z
ycqvsg,6-letters,6,taken,2026-09-21T20:19:55.851Z
,6-letters,6,blocked,2026-09-21T20:50:55.838Z
dlcbor,6-letters,6,available,2026-09-21T20:50:57.389Z
xtkfba,6-letters,6,available,2026-09-21T20:50:58.883Z
beshxy,6-letters,6,taken,2026-09-21T20:19:55.851Z
wjxgcx,6-letters,6,available,2026-09-21T20:51:00.371Z
legcde,6-letters,6,taken,2026-09-21T20:19:55.851Z
sflrdp,6-letters,6,available,2026-09-21T20:51:01.895Z
kqitpl,6-letters,6,available,2026-09-21T20:51:03.380Z
majcln,6-letters,6,taken,2026-09-21T20:19:55.851Z
qwtpsz,6-letters,6,taken,2026-09-21T20:19:55.851Z
foivis,6-letters,6,taken,2026-09-21T20:19:55.851Z
dxcooe,6-letters,6,taken,2026-09-21T20:19:55.851Z
ajelxg,6-letters,6,taken,2026-09-21T20:19:55.851Z
lpoxtk,6-letters,6,available,2026-09-21T20:51:04.900Z
ekuzig,6-letters,6,taken,2026-09-21T20:19:55.851Z
aavtnl,6-letters,6,available,2026-09-21T20:51:06.386Z
vwwzsk,6-letters,6,available,2026-09-21T20:51:07.870Z
djiapm,6-letters,6,taken,2026-09-21T20:19:55.851Z
ynxnfi,6-letters,6,available,2026-09-21T20:51:09.353Z
dnmscr,6-letters,6,available,2026-09-21T20:51:10.138Z
wanuus,6-letters,6,available,2026-09-21T20:51:11.617Z
tbzwmh,6-letters,6,available,2026-09-21T20:51:13.095Z
nvvxmy,6-letters,6,available,2026-09-21T20:51:14.568Z
byldlu,6-letters,6,available,2026-09-21T20:51:16.047Z
nghqnh,6-letters,6,taken,2026-09-21T20:19:55.851Z
dbuugm,6-letters,6,available,2026-09-21T20:51:17.534Z
zhhton,6-letters,6,available,2026-09-21T20:51:19.039Z
wefayr,6-letters,6,taken,2026-09-21T20:19:55.851Z
wckqbz,6-letters,6,available,2026-09-21T20:51:20.612Z
bfmfbl,6-letters,6,available,2026-09-21T20:51:22.101Z
fkiufh,6-letters,6,taken,2026-09-21T20:19:55.851Z
sqnyep,6-letters,6,available,2026-09-21T20:51:23.586Z
kixsql,6-letters,6,available,2026-09-21T20:51:25.109Z
pvxboc,6-letters,6,available,2026-09-21T20:51:26.589Z
xhwxob,6-letters,6,taken,2026-09-21T20:19:55.851Z
qweitw,6-letters,6,taken,2026-09-21T20:19:55.851Z
bsctpv,6-letters,6,available,2026-09-21T20:51:28.074Z
uoqdtq,6-letters,6,available,2026-09-21T20:51:29.568Z
suwnek,6-letters,6,taken,2026-09-21T20:19:55.851Z
mqemhj,6-letters,6,available,2026-09-21T20:51:31.048Z
zymxlr,6-letters,6,taken,2026-09-21T20:19:55.851Z
,6-letters,6,blocked,2026-09-21T20:51:32.536Z
xresqp,6-letters,6,taken,2026-09-21T20:19:55.851Z
ilvkrq,6-letters,6,available,2026-09-21T20:51:34.021Z
nwhitb,6-letters,6,taken,2026-09-21T20:19:55.851Z
csrqdf,6-letters,6,available,2026-09-21T20:51:35.502Z
tagoob,6-letters,6,taken,2026-09-21T20:19:55.851Z
mbjyrv,6-letters,6,available,2026-09-21T20:51:36.977Z
bediiu,6-letters,6,taken,2026-09-21T20:19:55.851Z
yopskb,6-letters,6,taken,2026-09-21T20:19:55.851Z
jrrdwb,6-letters,6,taken,2026-09-21T20:19:55.851Z
klpoov,6-letters,6,taken,2026-09-21T20:19:55.851Z
hbuzfb,6-letters,6,taken,2026-09-21T20:19:55.851Z
oqxmxn,6-letters,6,available,2026-09-21T20:51:38.468Z
trwxmm,6-letters,6,available,2026-09-21T20:51:39.951Z
ukaydn,6-letters,6,available,2026-09-21T20:51:40.813Z
frxcnk,6-letters,6,taken,2026-09-21T20:19:55.851Z
kfxwxn,6-letters,6,available,2026-09-21T20:51:42.297Z
wltthg,6-letters,6,available,2026-09-21T20:51:43.775Z
yqytvn,6-letters,6,available,2026-09-21T20:51:45.257Z
nbboib,6-letters,6,taken,2026-09-21T20:19:55.851Z
aciewx,6-letters,6,taken,2026-09-21T20:19:55.851Z
umatkd,6-letters,6,taken,2026-09-21T20:19:55.851Z
svzord,6-letters,6,taken,2026-09-21T20:19:55.851Z
kaoswo,6-letters,6,taken,2026-09-21T20:19:55.851Z
yakute,6-letters,6,taken,2026-09-21T20:19:55.851Z
pizeih,6-letters,6,available,2026-09-21T20:51:46.736Z
uwcidn,6-letters,6,available,2026-09-21T20:51:48.231Z
wfzzfr,6-letters,6,taken,2026-09-21T20:19:55.851Z
mdpczg,6-letters,6,available,2026-09-21T20:51:49.720Z
rdlweh,6-letters,6,available,2026-09-21T20:51:51.200Z
nfypoq,6-letters,6,available,2026-09-21T20:51:52.682Z
,6-letters,6,blocked,2026-09-21T20:51:54.157Z
jzxsrn,6-letters,6,available,2026-09-21T20:51:55.640Z
odhuih,6-letters,6,taken,2026-09-21T20:19:55.851Z
xrmwqw,6-letters,6,available,2026-09-21T20:51:57.121Z
qetlyj,6-letters,6,taken,2026-09-21T20:19:55.851Z
rojftm,6-letters,6,available,2026-09-21T20:51:58.602Z
fakrdk,6-letters,6,taken,2026-09-21T20:19:55.851Z
lgpnpk,6-letters,6,available,2026-09-21T20:52:00.095Z
dcabpc,6-letters,6,available,2026-09-21T20:52:01.576Z
azikvo,6-letters,6,taken,2026-09-21T20:20:26.462Z
mjdtsn,6-letters,6,taken,2026-09-21T20:20:26.462Z
prcjvd,6-letters,6,available,2026-09-21T20:52:03.066Z
lxanhu,6-letters,6,taken,2026-09-21T20:20:26.462Z
yoggor,6-letters,6,taken,2026-09-21T20:20:26.462Z
omskfq,6-letters,6,available,2026-09-21T20:52:04.555Z
tqdkml,6-letters,6,available,2026-09-21T20:52:06.039Z
pqzodj,6-letters,6,taken,2026-09-21T20:20:26.462Z
wbzzmu,6-letters,6,available,2026-09-21T20:52:07.526Z
jntxfv,6-letters,6,available,2026-09-21T20:52:09.011Z
luwuzp,6-letters,6,available,2026-09-21T20:52:10.499Z
kouncq,6-letters,6,taken,2026-09-21T20:20:26.462Z
zwmlji,6-letters,6,available,2026-09-21T20:52:11.979Z
prlhut,6-letters,6,available,2026-09-21T20:52:12.785Z
xaadwt,6-letters,6,available,2026-09-21T20:52:14.284Z
hdoopq,6-letters,6,taken,2026-09-21T20:20:26.462Z
ykfuix,6-letters,6,available,2026-09-21T20:52:15.776Z
bqlysg,6-letters,6,available,2026-09-21T20:52:17.266Z
enxcjj,6-letters,6,taken,2026-09-21T20:20:26.462Z
hnfxmg,6-letters,6,available,2026-09-21T20:52:18.753Z
ogagig,6-letters,6,taken,2026-09-21T20:20:26.462Z
tzqwvx,6-letters,6,available,2026-09-21T20:52:20.241Z
pgogec,6-letters,6,available,2026-09-21T20:52:21.732Z
qvfqrz,6-letters,6,available,2026-09-21T20:52:23.218Z
,6-letters,6,blocked,2026-09-21T20:52:24.700Z
piaymt,6-letters,6,taken,2026-09-21T20:20:26.462Z
chgslk,6-letters,6,taken,2026-09-21T20:20:26.462Z
tdsefi,6-letters,6,taken,2026-09-21T20:20:26.462Z
kjpkuq,6-letters,6,taken,2026-09-21T20:20:26.462Z
yohrbk,6-letters,6,taken,2026-09-21T20:20:26.462Z
ujerhv,6-letters,6,taken,2026-09-21T20:20:26.462Z
hthdxq,6-letters,6,available,2026-09-21T20:52:26.191Z
hdxxof,6-letters,6,available,2026-09-21T20:52:27.678Z
iybqdf,6-letters,6,available,2026-09-21T20:52:29.161Z
iognpg,6-letters,6,available,2026-09-21T20:52:30.647Z
zhpcds,6-letters,6,taken,2026-09-21T20:20:26.462Z
,6-letters,6,blocked,2026-09-21T20:52:32.135Z
uodbml,6-letters,6,taken,2026-09-21T20:20:26.462Z
muelrw,6-letters,6,taken,2026-09-21T20:20:26.462Z
pftkzu,6-letters,6,available,2026-09-21T20:52:33.617Z
blpuyn,6-letters,6,available,2026-09-21T20:52:35.102Z
doaglq,6-letters,6,available,2026-09-21T20:52:36.585Z
wpsciz,6-letters,6,available,2026-09-21T20:52:38.066Z
agiruy,6-letters,6,taken,2026-09-21T20:20:26.462Z
uxcrpk,6-letters,6,available,2026-09-21T20:52:39.558Z
ppprff,6-letters,6,taken,2026-09-21T20:20:26.462Z
errahw,6-letters,6,taken,2026-09-21T20:20:26.462Z
wrjcqn,6-letters,6,available,2026-09-21T20:52:41.045Z
dddlep,6-letters,6,taken,2026-09-21T20:20:26.462Z
bnjufk,6-letters,6,taken,2026-09-21T20:20:26.462Z
aimxrj,6-letters,6,available,2026-09-21T20:52:42.530Z
euvcvh,6-letters,6,taken,2026-09-21T20:20:26.462Z
vegmky,6-letters,6,available,2026-09-21T20:52:44.009Z
yanyvp,6-letters,6,available,2026-09-21T20:52:44.801Z
enaqph,6-letters,6,available,2026-09-21T20:52:46.301Z
ziwxxl,6-letters,6,available,2026-09-21T20:52:47.791Z
xgcxce,6-letters,6,available,2026-09-21T20:52:49.293Z
fiyvnx,6-letters,6,taken,2026-09-21T20:20:26.462Z
wdmjyz,6-letters,6,available,2026-09-21T20:52:50.781Z
gofoco,6-letters,6,taken,2026-09-21T20:20:26.462Z
nbnweq,6-letters,6,available,2026-09-21T20:52:52.265Z
joemdm,6-letters,6,taken,2026-09-21T20:20:26.462Z
xhlgsb,6-letters,6,available,2026-09-21T20:52:53.770Z
pongei,6-letters,6,taken,2026-09-21T20:20:26.462Z
tpdrso,6-letters,6,available,2026-09-21T20:52:55.271Z
bztshu,6-letters,6,taken,2026-09-21T20:20:26.462Z
qulpzt,6-letters,6,available,2026-09-21T20:52:56.751Z
efszam,6-letters,6,taken,2026-09-21T20:20:26.462Z
ojwmoo,6-letters,6,available,2026-09-21T20:52:58.231Z
qdxdzb,6-letters,6,available,2026-09-21T20:52:59.718Z
,6-letters,6,blocked,2026-09-21T20:53:01.219Z
mnlnqx,6-letters,6,available,2026-09-21T20:53:02.696Z
tugofh,6-letters,6,taken,2026-09-21T20:20:26.462Z
aizdle,6-letters,6,available,2026-09-21T20:53:04.183Z
qbzooi,6-letters,6,available,2026-09-21T20:53:05.682Z
sgumjf,6-letters,6,available,2026-09-21T20:53:07.177Z
efljly,6-letters,6,available,2026-09-21T20:53:08.667Z
mojphi,6-letters,6,taken,2026-09-21T20:20:26.462Z
cnjqyd,6-letters,6,available,2026-09-21T20:53:10.152Z
drdtsg,6-letters,6,taken,2026-09-21T20:20:26.462Z
nqnvrq,6-letters,6,available,2026-09-21T20:53:11.642Z
zitmsd,6-letters,6,available,2026-09-21T20:53:13.125Z
mkmxmm,6-letters,6,taken,2026-09-21T20:20:26.462Z
sykvjs,6-letters,6,available,2026-09-21T20:53:14.605Z
znkozh,6-letters,6,available,2026-09-21T20:53:15.402Z
,6-letters,6,blocked,2026-09-21T20:53:16.892Z
fbjzrb,6-letters,6,available,2026-09-21T20:53:18.379Z
ukqvsn,6-letters,6,available,2026-09-21T20:53:19.861Z
sbbtxj,6-letters,6,available,2026-09-21T20:53:21.347Z
ekbxoh,6-letters,6,available,2026-09-21T20:53:22.828Z
wesfch,6-letters,6,taken,2026-09-21T20:20:26.462Z
xcitcc,6-letters,6,available,2026-09-21T20:53:24.329Z
lrtrlx,6-letters,6,available,2026-09-21T20:53:25.812Z
xsampe,6-letters,6,taken,2026-09-21T20:20:26.462Z
pvekpd,6-letters,6,taken,2026-09-21T20:20:26.462Z
iciazu,6-letters,6,taken,2026-09-21T20:20:26.462Z
hgcqpt,6-letters,6,available,2026-09-21T20:53:27.299Z
mukuwg,6-letters,6,available,2026-09-21T20:53:28.782Z
nlkcku,6-letters,6,available,2026-09-21T20:53:30.264Z
aymnky,6-letters,6,taken,2026-09-21T20:20:57.168Z
rkkhay,6-letters,6,taken,2026-09-21T20:20:57.168Z
kpkbej,6-letters,6,taken,2026-09-21T20:20:57.168Z
qxvnjs,6-letters,6,available,2026-09-21T20:53:31.745Z
jkbaoj,6-letters,6,available,2026-09-21T20:53:33.231Z
dqdsxa,6-letters,6,available,2026-09-21T20:53:34.709Z
bidhzf,6-letters,6,available,2026-09-21T20:53:36.192Z
zvhpov,6-letters,6,available,2026-09-21T20:53:37.676Z
orsakj,6-letters,6,taken,2026-09-21T20:20:57.168Z
lqxvpt,6-letters,6,available,2026-09-21T20:53:39.170Z
sqhjzt,6-letters,6,available,2026-09-21T20:53:40.660Z
dxiszv,6-letters,6,available,2026-09-21T20:53:42.144Z
ulxkiv,6-letters,6,available,2026-09-21T20:53:43.629Z
qrjyvm,6-letters,6,available,2026-09-21T20:53:45.120Z
vpkwbn,6-letters,6,available,2026-09-21T20:53:46.605Z
temamc,6-letters,6,taken,2026-09-21T20:20:57.168Z
oimksd,6-letters,6,available,2026-09-21T20:53:47.409Z
hxjooi,6-letters,6,taken,2026-09-21T20:20:57.168Z
dyrgkg,6-letters,6,taken,2026-09-21T20:20:57.168Z
pymzro,6-letters,6,available,2026-09-21T20:53:48.891Z
mucsds,6-letters,6,available,2026-09-21T20:53:50.374Z
fsfoiq,6-letters,6,available,2026-09-21T20:53:51.866Z
ocroem,6-letters,6,taken,2026-09-21T20:20:57.168Z
mompci,6-letters,6,taken,2026-09-21T20:20:57.168Z
yakqyq,6-letters,6,available,2026-09-21T20:53:53.348Z
yguisd,6-letters,6,taken,2026-09-21T20:20:57.168Z
fkbxpo,6-letters,6,taken,2026-09-21T20:20:57.168Z
wvwssl,6-letters,6,available,2026-09-21T20:53:54.831Z
dnnlcq,6-letters,6,available,2026-09-21T20:53:56.318Z
vpfpbh,6-letters,6,available,2026-09-21T20:53:57.800Z
domcxy,6-letters,6,taken,2026-09-21T20:20:57.168Z
kkumon,6-letters,6,taken,2026-09-21T20:20:57.168Z
ljhfrd,6-letters,6,taken,2026-09-21T20:20:57.168Z
guelfc,6-letters,6,taken,2026-09-21T20:20:57.168Z
ejewuu,6-letters,6,taken,2026-09-21T20:20:57.168Z
njafzh,6-letters,6,available,2026-09-21T20:53:59.297Z
avcwgu,6-letters,6,available,2026-09-21T20:54:00.788Z
eiyxwi,6-letters,6,taken,2026-09-21T20:20:57.168Z
vrkmaw,6-letters,6,available,2026-09-21T20:54:02.266Z
wiypuu,6-letters,6,available,2026-09-21T20:54:03.757Z
vohskz,6-letters,6,taken,2026-09-21T20:20:57.168Z
yowlus,6-letters,6,taken,2026-09-21T20:20:57.168Z
ogsook,6-letters,6,available,2026-09-21T20:54:05.244Z
axklty,6-letters,6,available,2026-09-21T20:54:06.732Z
mvldvb,6-letters,6,available,2026-09-21T20:54:08.218Z
kwxykn,6-letters,6,available,2026-09-21T20:54:09.701Z
tcfvrr,6-letters,6,available,2026-09-21T20:54:11.193Z
bdiprp,6-letters,6,taken,2026-09-21T20:20:57.168Z
eioarj,6-letters,6,taken,2026-09-21T20:20:57.168Z
lrneeo,6-letters,6,taken,2026-09-21T20:20:57.168Z
szouyn,6-letters,6,available,2026-09-21T20:54:12.690Z
blkapr,6-letters,6,available,2026-09-21T20:54:14.181Z
cmihmz,6-letters,6,available,2026-09-21T20:54:15.664Z
qcmxgr,6-letters,6,available,2026-09-21T20:54:17.145Z
ppvobd,6-letters,6,available,2026-09-21T20:54:18.639Z
ebknoj,6-letters,6,available,2026-09-21T20:54:19.451Z
oeulpg,6-letters,6,available,2026-09-21T20:54:20.943Z
hqiech,6-letters,6,available,2026-09-21T20:54:22.443Z
szpvyx,6-letters,6,available,2026-09-21T20:54:23.935Z
bvvdnk,6-letters,6,taken,2026-09-21T20:20:57.168Z
,6-letters,6,blocked,2026-09-21T20:54:25.413Z
ipptia,6-letters,6,available,2026-09-21T20:54:26.897Z
,6-letters,6,blocked,2026-09-21T20:54:28.388Z
bojhnu,6-letters,6,available,2026-09-21T20:54:29.877Z
lxhngq,6-letters,6,available,2026-09-21T20:54:31.376Z
klhsjb,6-letters,6,taken,2026-09-21T20:20:57.168Z
fwmvqs,6-letters,6,available,2026-09-21T20:54:32.864Z
ybbleb,6-letters,6,taken,2026-09-21T20:20:57.168Z
dwkigs,6-letters,6,available,2026-09-21T20:54:34.359Z
njyywz,6-letters,6,available,2026-09-21T20:54:35.852Z
oxlkrx,6-letters,6,available,2026-09-21T20:54:37.342Z
zdpbgr,6-letters,6,available,2026-09-21T20:54:38.835Z
bifgbm,6-letters,6,taken,2026-09-21T20:20:57.168Z
xiazwn,6-letters,6,available,2026-09-21T20:54:40.329Z
oxaawd,6-letters,6,available,2026-09-21T20:54:41.812Z
hnglch,6-letters,6,taken,2026-09-21T20:20:57.168Z
vucedm,6-letters,6,available,2026-09-21T20:54:43.293Z
fsladj,6-letters,6,available,2026-09-21T20:54:44.776Z
xunire,6-letters,6,taken,2026-09-21T20:20:57.168Z
omeyzo,6-letters,6,taken,2026-09-21T20:20:57.168Z
uulkkt,6-letters,6,taken,2026-09-21T20:20:57.168Z
vtgmwe,6-letters,6,available,2026-09-21T20:54:46.262Z
jyueen,6-letters,6,taken,2026-09-21T20:20:57.168Z
qinwoz,6-letters,6,taken,2026-09-21T20:20:57.168Z
yexjkn,6-letters,6,taken,2026-09-21T20:20:57.168Z
nkmewk,6-letters,6,taken,2026-09-21T20:20:57.168Z
yeqwtn,6-letters,6,available,2026-09-21T20:54:47.747Z
xpiglm,6-letters,6,available,2026-09-21T20:54:49.231Z
klecew,6-letters,6,available,2026-09-21T20:54:50.709Z
hgkiiq,6-letters,6,available,2026-09-21T20:54:51.501Z
nglgkp,6-letters,6,taken,2026-09-21T20:20:57.168Z
qwliox,6-letters,6,taken,2026-09-21T20:20:57.168Z
rnojtg,6-letters,6,available,2026-09-21T20:54:52.978Z
zcbmnt,6-letters,6,taken,2026-09-21T20:20:57.168Z
jjjfjl,6-letters,6,taken,2026-09-21T20:20:57.168Z
qxmreo,6-letters,6,available,2026-09-21T20:54:54.472Z
esuyqv,6-letters,6,available,2026-09-21T20:54:55.961Z
clqfte,6-letters,6,available,2026-09-21T20:54:57.460Z
yhuuop,6-letters,6,taken,2026-09-21T20:20:57.168Z
tjdtzq,6-letters,6,available,2026-09-21T20:54:58.953Z
kdnytb,6-letters,6,taken,2026-09-21T20:21:27.777Z
bmiqss,6-letters,6,available,2026-09-21T20:55:00.442Z
lljrja,6-letters,6,available,2026-09-21T20:55:01.929Z
,6-letters,6,blocked,2026-09-21T20:55:03.435Z
ahbeip,6-letters,6,taken,2026-09-21T20:21:27.777Z
iwbvly,6-letters,6,available,2026-09-21T20:55:04.912Z
wgzamo,6-letters,6,available,2026-09-21T20:55:06.407Z
tfxaim,6-letters,6,available,2026-09-21T20:55:07.881Z
sstrzm,6-letters,6,available,2026-09-21T20:55:09.374Z
asmula,6-letters,6,taken,2026-09-21T20:21:27.777Z
xcvkky,6-letters,6,available,2026-09-21T20:55:10.866Z
jefmal,6-letters,6,taken,2026-09-21T20:21:27.777Z
nquipu,6-letters,6,taken,2026-09-21T20:21:27.777Z
hjlsic,6-letters,6,available,2026-09-21T20:55:12.355Z
hisvxe,6-letters,6,taken,2026-09-21T20:21:27.777Z
mvjxic,6-letters,6,taken,2026-09-21T20:21:27.777Z
uqqxmz,6-letters,6,available,2026-09-21T20:55:13.835Z
wyjsim,6-letters,6,taken,2026-09-21T20:21:27.777Z
doswxb,6-letters,6,taken,2026-09-21T20:21:27.777Z
qfrmoz,6-letters,6,available,2026-09-21T20:55:15.328Z
jeoisu,6-letters,6,taken,2026-09-21T20:21:27.777Z
orbili,6-letters,6,taken,2026-09-21T20:21:27.777Z
glpgcs,6-letters,6,available,2026-09-21T20:55:16.805Z
ksnpxo,6-letters,6,available,2026-09-21T20:55:18.311Z
lrezzo,6-letters,6,taken,2026-09-21T20:21:27.777Z
khcwma,6-letters,6,available,2026-09-21T20:55:19.797Z
tvquot,6-letters,6,available,2026-09-21T20:55:21.280Z
lgpjtf,6-letters,6,available,2026-09-21T20:55:22.089Z
qjybsb,6-letters,6,available,2026-09-21T20:55:23.576Z
zoayiu,6-letters,6,available,2026-09-21T20:55:25.063Z
wofzbs,6-letters,6,taken,2026-09-21T20:21:27.777Z
kdxizs,6-letters,6,available,2026-09-21T20:55:26.558Z
,6-letters,6,blocked,2026-09-21T20:55:28.039Z
,6-letters,6,blocked,2026-09-21T20:55:29.527Z
dymlsc,6-letters,6,available,2026-09-21T20:55:31.019Z
xibhdo,6-letters,6,taken,2026-09-21T20:21:27.777Z
pfgjlb,6-letters,6,taken,2026-09-21T20:21:27.777Z
lyljnz,6-letters,6,taken,2026-09-21T20:21:27.777Z
xrlstw,6-letters,6,available,2026-09-21T20:55:32.499Z
hysmlb,6-letters,6,available,2026-09-21T20:55:33.987Z
eqsbwx,6-letters,6,available,2026-09-21T20:55:35.483Z
omhohl,6-letters,6,available,2026-09-21T20:55:36.969Z
rrnadn,6-letters,6,taken,2026-09-21T20:21:27.777Z
tmnzjm,6-letters,6,available,2026-09-21T20:55:38.453Z
tdfjpd,6-letters,6,available,2026-09-21T20:55:39.935Z
qeyfsv,6-letters,6,taken,2026-09-21T20:21:27.777Z
ubcxfk,6-letters,6,available,2026-09-21T20:55:41.424Z
qltekd,6-letters,6,available,2026-09-21T20:55:42.914Z
,6-letters,6,blocked,2026-09-21T20:55:44.434Z
mtnljm,6-letters,6,available,2026-09-21T20:55:45.920Z
mbsmep,6-letters,6,available,2026-09-21T20:55:47.399Z
,6-letters,6,blocked,2026-09-21T20:55:48.892Z
wlpyye,6-letters,6,available,2026-09-21T20:55:50.375Z
majonp,6-letters,6,taken,2026-09-21T20:21:27.777Z
olsibw,6-letters,6,available,2026-09-21T20:55:51.859Z
eqzjqe,6-letters,6,available,2026-09-21T20:55:53.345Z
xdhyjm,6-letters,6,taken,2026-09-21T20:21:27.777Z
zjojkr,6-letters,6,available,2026-09-21T20:55:54.122Z
npjbhj,6-letters,6,taken,2026-09-21T20:21:27.777Z
opuoib,6-letters,6,taken,2026-09-21T20:21:27.777Z
rtejru,6-letters,6,taken,2026-09-21T20:21:27.777Z
btycui,6-letters,6,available,2026-09-21T20:55:55.598Z
cbnwza,6-letters,6,available,2026-09-21T20:55:57.073Z
hitttt,6-letters,6,taken,2026-09-21T20:21:27.777Z
,6-letters,6,blocked,2026-09-21T20:55:58.552Z
depnkd,6-letters,6,available,2026-09-21T20:56:00.026Z
srqnyl,6-letters,6,available,2026-09-21T20:56:01.508Z
gkxhdr,6-letters,6,taken,2026-09-21T20:21:27.777Z
yuycbi,6-letters,6,taken,2026-09-21T20:21:27.777Z
uutzfz,6-letters,6,available,2026-09-21T20:56:02.988Z
xhvoat,6-letters,6,taken,2026-09-21T20:21:27.777Z
vopwii,6-letters,6,available,2026-09-21T20:56:04.468Z
hocvyf,6-letters,6,available,2026-09-21T20:56:05.953Z
ltdjhe,6-letters,6,taken,2026-09-21T20:21:27.777Z
kptmjk,6-letters,6,available,2026-09-21T20:56:07.441Z
fyyfbc,6-letters,6,taken,2026-09-21T20:21:27.777Z
dczmno,6-letters,6,available,2026-09-21T20:56:08.933Z
wugevx,6-letters,6,taken,2026-09-21T20:21:27.777Z
owcrkg,6-letters,6,available,2026-09-21T20:56:10.440Z
aielpb,6-letters,6,taken,2026-09-21T20:21:27.777Z
vtzkxp,6-letters,6,available,2026-09-21T20:56:11.925Z
aknlwj,6-letters,6,available,2026-09-21T20:56:13.426Z
avstzt,6-letters,6,available,2026-09-21T20:56:14.916Z
yuzmwb,6-letters,6,available,2026-09-21T20:56:16.433Z
jmpvdo,6-letters,6,available,2026-09-21T20:56:17.920Z
djhssw,6-letters,6,taken,2026-09-21T20:21:27.777Z
vnjczk,6-letters,6,available,2026-09-21T20:56:19.420Z
jaarva,6-letters,6,taken,2026-09-21T20:21:27.777Z
fqlsbw,6-letters,6,available,2026-09-21T20:56:20.911Z
hurzil,6-letters,6,taken,2026-09-21T20:21:27.777Z
puxotg,6-letters,6,available,2026-09-21T20:56:22.414Z
tepjcu,6-letters,6,available,2026-09-21T20:56:23.893Z
hkzvai,6-letters,6,available,2026-09-21T20:56:24.752Z
aimrhb,6-letters,6,taken,2026-09-21T20:21:27.777Z
dcexsp,6-letters,6,available,2026-09-21T20:56:26.234Z
flrmnj,6-letters,6,taken,2026-09-21T20:21:27.777Z
bsfwyy,6-letters,6,available,2026-09-21T20:56:27.710Z
pajewq,6-letters,6,available,2026-09-21T20:56:29.181Z
ymishu,6-letters,6,taken,2026-09-21T20:21:27.777Z
,6-letters,6,blocked,2026-09-21T20:56:30.673Z
hvqxci,6-letters,6,available,2026-09-21T20:56:32.167Z
vlasim,6-letters,6,taken,2026-09-21T20:21:59.130Z
rtpsgb,6-letters,6,available,2026-09-21T20:56:33.658Z
bpdwud,6-letters,6,available,2026-09-21T20:56:35.135Z
slumbc,6-letters,6,available,2026-09-21T20:56:36.622Z
kvpeyz,6-letters,6,available,2026-09-21T20:56:38.097Z
knacnu,6-letters,6,available,2026-09-21T20:56:39.580Z
zufppg,6-letters,6,available,2026-09-21T20:56:41.063Z
ugjmfm,6-letters,6,taken,2026-09-21T20:21:59.130Z
mkfxbw,6-letters,6,taken,2026-09-21T20:21:59.130Z
dxarou,6-letters,6,available,2026-09-21T20:56:42.543Z
,6-letters,6,blocked,2026-09-21T20:56:44.028Z
tnvvzy,6-letters,6,available,2026-09-21T20:56:45.516Z
whogbr,6-letters,6,available,2026-09-21T20:56:47.008Z
oaufac,6-letters,6,taken,2026-09-21T20:21:59.130Z
ddavoa,6-letters,6,taken,2026-09-21T20:21:59.130Z
awupmv,6-letters,6,available,2026-09-21T20:56:48.492Z
aeqkzx,6-letters,6,available,2026-09-21T20:56:49.975Z
cgjxjb,6-letters,6,taken,2026-09-21T20:21:59.130Z
ykehgy,6-letters,6,available,2026-09-21T20:56:51.470Z
hymzxl,6-letters,6,available,2026-09-21T20:56:52.949Z
wbekjr,6-letters,6,available,2026-09-21T20:56:54.429Z
nmpixz,6-letters,6,available,2026-09-21T20:56:55.908Z
ifymsd,6-letters,6,available,2026-09-21T20:56:56.751Z
,6-letters,6,blocked,2026-09-21T20:56:58.237Z
stqmvy,6-letters,6,available,2026-09-21T20:56:59.719Z
rstmpl,6-letters,6,available,2026-09-21T20:57:01.201Z
ivxctq,6-letters,6,available,2026-09-21T20:57:02.679Z
lameez,6-letters,6,taken,2026-09-21T20:21:59.130Z
wbevve,6-letters,6,taken,2026-09-21T20:21:59.130Z
xrnews,6-letters,6,available,2026-09-21T20:57:04.157Z
,6-letters,6,blocked,2026-09-21T20:57:05.658Z
,6-letters,6,blocked,2026-09-21T20:57:07.138Z
zfgkrj,6-letters,6,available,2026-09-21T20:57:08.623Z
vqqmzp,6-letters,6,taken,2026-09-21T20:21:59.130Z
sesdcl,6-letters,6,available,2026-09-21T20:57:10.115Z
uypmkl,6-letters,6,taken,2026-09-21T20:21:59.130Z
axduat,6-letters,6,available,2026-09-21T20:57:11.596Z
ltjctq,6-letters,6,available,2026-09-21T20:57:13.069Z
psyauf,6-letters,6,taken,2026-09-21T20:21:59.130Z
vamrwr,6-letters,6,available,2026-09-21T20:57:14.552Z
mcevlm,6-letters,6,available,2026-09-21T20:57:16.039Z
ufdzsu,6-letters,6,available,2026-09-21T20:57:17.525Z
qloaqz,6-letters,6,taken,2026-09-21T20:21:59.130Z
rsaffq,6-letters,6,available,2026-09-21T20:57:19.000Z
suwpls,6-letters,6,taken,2026-09-21T20:21:59.130Z
pwsrhf,6-letters,6,taken,2026-09-21T20:21:59.130Z
zwukur,6-letters,6,taken,2026-09-21T20:21:59.130Z
rpecwx,6-letters,6,available,2026-09-21T20:57:20.486Z
rrxmhv,6-letters,6,available,2026-09-21T20:57:21.970Z
hctwxl,6-letters,6,available,2026-09-21T20:57:23.458Z
wxpbmq,6-letters,6,available,2026-09-21T20:57:24.940Z
xakjxg,6-letters,6,available,2026-09-21T20:57:26.422Z
,6-letters,6,blocked,2026-09-21T20:57:27.908Z
fbduja,6-letters,6,available,2026-09-21T20:57:28.713Z
leujuj,6-letters,6,taken,2026-09-21T20:21:59.130Z
cmjnma,6-letters,6,available,2026-09-21T20:57:30.195Z
sulaur,6-letters,6,taken,2026-09-21T20:21:59.130Z
boybgj,6-letters,6,taken,2026-09-21T20:21:59.130Z
zldoth,6-letters,6,taken,2026-09-21T20:21:59.130Z
,6-letters,6,blocked,2026-09-21T20:57:31.674Z
,6-letters,6,blocked,2026-09-21T20:57:33.159Z
,6-letters,6,blocked,2026-09-21T20:57:34.646Z
sjamvd,6-letters,6,taken,2026-09-21T20:21:59.130Z
buughp,6-letters,6,taken,2026-09-21T20:21:59.130Z
teplev,6-letters,6,taken,2026-09-21T20:21:59.130Z
bftjte,6-letters,6,taken,2026-09-21T20:21:59.130Z
axzspt,6-letters,6,available,2026-09-21T20:57:36.125Z
stkwdb,6-letters,6,taken,2026-09-21T20:21:59.130Z
hrhtsp,6-letters,6,taken,2026-09-21T20:21:59.130Z
,6-letters,6,blocked,2026-09-21T20:57:37.613Z
hvrowf,6-letters,6,available,2026-09-21T20:57:39.098Z
vjyqgr,6-letters,6,available,2026-09-21T20:57:40.586Z
mibeva,6-letters,6,taken,2026-09-21T20:21:59.130Z
ajxlqz,6-letters,6,available,2026-09-21T20:57:42.073Z
irgfqn,6-letters,6,available,2026-09-21T20:57:43.555Z
khtzkl,6-letters,6,available,2026-09-21T20:57:45.045Z
fillbj,6-letters,6,taken,2026-09-21T20:21:59.130Z
hdtxva,6-letters,6,available,2026-09-21T20:57:46.543Z
keivfp,6-letters,6,available,2026-09-21T20:57:48.037Z
,6-letters,6,blocked,2026-09-21T20:57:49.530Z
oeagyj,6-letters,6,available,2026-09-21T20:57:51.016Z
peozjc,6-letters,6,available,2026-09-21T20:57:52.504Z
grnwly,6-letters,6,available,2026-09-21T20:57:53.991Z
elgshp,6-letters,6,available,2026-09-21T20:57:55.475Z
vropjl,6-letters,6,taken,2026-09-21T20:21:59.130Z
evwtbu,6-letters,6,available,2026-09-21T20:57:56.968Z
nbudtx,6-letters,6,taken,2026-09-21T20:21:59.130Z
xuhixa,6-letters,6,taken,2026-09-21T20:21:59.130Z
mxachi,6-letters,6,taken,2026-09-21T20:21:59.130Z
abqoug,6-letters,6,available,2026-09-21T20:57:58.454Z
glaumc,6-letters,6,available,2026-09-21T20:57:59.963Z
bgrkvh,6-letters,6,taken,2026-09-21T20:21:59.130Z
pvjwas,6-letters,6,available,2026-09-21T20:58:00.869Z
bltlpt,6-letters,6,taken,2026-09-21T20:21:59.130Z
hnnavt,6-letters,6,available,2026-09-21T20:58:02.359Z
adaera,6-letters,6,taken,2026-09-21T20:21:59.130Z
jmkbug,6-letters,6,taken,2026-09-21T20:21:59.130Z
ilxmtz,6-letters,6,available,2026-09-21T20:58:03.841Z
kbwwmc,6-letters,6,available,2026-09-21T20:58:05.326Z
yzppiy,6-letters,6,available,2026-09-21T20:58:06.823Z
myijay,6-letters,6,taken,2026-09-21T20:22:29.770Z
lbnbfp,6-letters,6,available,2026-09-21T20:58:08.305Z
mdkbjj,6-letters,6,taken,2026-09-21T20:22:29.770Z
pwmrrn,6-letters,6,available,2026-09-21T20:58:09.794Z
zirfii,6-letters,6,taken,2026-09-21T20:22:29.770Z
iyeazi,6-letters,6,taken,2026-09-21T20:22:29.770Z
fkpmla,6-letters,6,taken,2026-09-21T20:22:29.770Z
zrxwjz,6-letters,6,taken,2026-09-21T20:22:29.770Z
uwkjqd,6-letters,6,available,2026-09-21T20:58:11.276Z
lfjvub,6-letters,6,taken,2026-09-21T20:22:29.770Z
bbjpvl,6-letters,6,available,2026-09-21T20:58:12.760Z
uoykce,6-letters,6,available,2026-09-21T20:58:14.241Z
tdnive,6-letters,6,available,2026-09-21T20:58:15.720Z
ttnozh,6-letters,6,available,2026-09-21T20:58:17.195Z
lltsth,6-letters,6,available,2026-09-21T20:58:18.679Z
htsfre,6-letters,6,taken,2026-09-21T20:22:29.770Z
knjnqi,6-letters,6,available,2026-09-21T20:58:20.158Z
nvuosc,6-letters,6,available,2026-09-21T20:58:21.643Z
ilbgpe,6-letters,6,available,2026-09-21T20:58:23.123Z
gtywcb,6-letters,6,taken,2026-09-21T20:22:29.770Z
qggura,6-letters,6,available,2026-09-21T20:58:24.610Z
usaiqx,6-letters,6,available,2026-09-21T20:58:26.099Z
cobyxe,6-letters,6,taken,2026-09-21T20:22:29.770Z
fyvrip,6-letters,6,available,2026-09-21T20:58:27.592Z
whqfov,6-letters,6,taken,2026-09-21T20:22:29.770Z
xakvob,6-letters,6,available,2026-09-21T20:58:29.076Z
rmvwcg,6-letters,6,available,2026-09-21T20:58:30.558Z
tjeljx,6-letters,6,taken,2026-09-21T20:22:29.770Z
dwcoix,6-letters,6,available,2026-09-21T20:58:31.393Z
vexxjk,6-letters,6,taken,2026-09-21T20:22:29.770Z
bcoeuj,6-letters,6,taken,2026-09-21T20:22:29.770Z
ydwaft,6-letters,6,available,2026-09-21T20:58:32.874Z
dzfwrb,6-letters,6,available,2026-09-21T20:58:34.357Z
bblyfa,6-letters,6,available,2026-09-21T20:58:35.848Z
xgmotm,6-letters,6,taken,2026-09-21T20:22:29.770Z
fmnpxs,6-letters,6,available,2026-09-21T20:58:37.334Z
dkpkug,6-letters,6,available,2026-09-21T20:58:38.824Z
zbwulr,6-letters,6,available,2026-09-21T20:58:40.312Z
ocatgl,6-letters,6,available,2026-09-21T20:58:41.805Z
vjntiv,6-letters,6,taken,2026-09-21T20:22:29.770Z
,6-letters,6,blocked,2026-09-21T20:58:43.292Z
zrfhay,6-letters,6,available,2026-09-21T20:58:44.773Z
xjzete,6-letters,6,available,2026-09-21T20:58:46.258Z
mtbpbg,6-letters,6,available,2026-09-21T20:58:47.740Z
qjthuu,6-letters,6,available,2026-09-21T20:58:49.227Z
fsxgtr,6-letters,6,taken,2026-09-21T20:22:29.770Z
ayrcyg,6-letters,6,available,2026-09-21T20:58:50.711Z
byilzo,6-letters,6,taken,2026-09-21T20:22:29.770Z
uujons,6-letters,6,available,2026-09-21T20:58:52.188Z
thvpod,6-letters,6,available,2026-09-21T20:58:53.710Z
yvqxdy,6-letters,6,available,2026-09-21T20:58:55.197Z
ikieym,6-letters,6,available,2026-09-21T20:58:56.738Z
xtdcxy,6-letters,6,available,2026-09-21T20:58:58.235Z
bqebkb,6-letters,6,available,2026-09-21T20:58:59.708Z
xqpogx,6-letters,6,taken,2026-09-21T20:22:29.770Z
nmxmte,6-letters,6,available,2026-09-21T20:59:01.187Z
,6-letters,6,blocked,2026-09-21T20:59:02.769Z
bsfjrb,6-letters,6,available,2026-09-21T20:59:03.589Z
wwhipj,6-letters,6,available,2026-09-21T20:59:05.068Z
njhqzk,6-letters,6,available,2026-09-21T20:59:06.555Z
bhyikd,6-letters,6,available,2026-09-21T20:59:08.031Z
inttzp,6-letters,6,available,2026-09-21T20:59:09.529Z
,6-letters,6,blocked,2026-09-21T20:59:11.016Z
necpjd,6-letters,6,available,2026-09-21T20:59:12.507Z
hdsigu,6-letters,6,available,2026-09-21T20:59:13.991Z
qqdeil,6-letters,6,available,2026-09-21T20:59:15.473Z
dknlzt,6-letters,6,available,2026-09-21T20:59:16.959Z
wsrljv,6-letters,6,available,2026-09-21T20:59:18.449Z
vcihuh,6-letters,6,taken,2026-09-21T20:22:29.770Z
xvkcgk,6-letters,6,available,2026-09-21T20:59:19.935Z
jdzccb,6-letters,6,available,2026-09-21T20:59:21.428Z
svpwej,6-letters,6,available,2026-09-21T20:59:22.917Z
vlinhr,6-letters,6,available,2026-09-21T20:59:24.420Z
,6-letters,6,blocked,2026-09-21T20:59:25.902Z
jkmjtw,6-letters,6,taken,2026-09-21T20:22:29.770Z
cnhzkj,6-letters,6,available,2026-09-21T20:59:27.388Z
hlcwpf,6-letters,6,available,2026-09-21T20:59:28.869Z
oblbrr,6-letters,6,available,2026-09-21T20:59:30.352Z
jllzmy,6-letters,6,available,2026-09-21T20:59:31.833Z
mbiqhk,6-letters,6,available,2026-09-21T20:59:33.316Z
yqjxor,6-letters,6,available,2026-09-21T20:59:34.801Z
dvlmme,6-letters,6,available,2026-09-21T20:59:35.605Z
cyqqfj,6-letters,6,available,2026-09-21T20:59:37.091Z
lnioan,6-letters,6,available,2026-09-21T20:59:38.579Z
vlubab,6-letters,6,available,2026-09-21T20:59:40.072Z
fubgfr,6-letters,6,taken,2026-09-21T20:22:29.770Z
,6-letters,6,blocked,2026-09-21T20:59:41.562Z
pxlcft,6-letters,6,available,2026-09-21T20:59:43.038Z
lqogjw,6-letters,6,available,2026-09-21T20:59:44.515Z
vrrlgy,6-letters,6,available,2026-09-21T20:59:46.026Z
zdhnvs,6-letters,6,available,2026-09-21T20:59:47.502Z
mguzdb,6-letters,6,available,2026-09-21T20:59:48.990Z
hxpygp,6-letters,6,available,2026-09-21T20:59:50.473Z
mlzrzg,6-letters,6,available,2026-09-21T20:59:51.956Z
hiqlab,6-letters,6,available,2026-09-21T20:59:53.434Z
kqroex,6-letters,6,available,2026-09-21T20:59:54.922Z
aynash,6-letters,6,taken,2026-09-21T20:22:29.770Z
vtcccr,6-letters,6,taken,2026-09-21T20:22:29.770Z
mznqzs,6-letters,6,available,2026-09-21T20:59:56.403Z
syoyap,6-letters,6,taken,2026-09-21T20:23:00.591Z
crbojj,6-letters,6,available,2026-09-21T20:59:57.907Z
fdeoxs,6-letters,6,available,2026-09-21T20:59:59.389Z
qekbdh,6-letters,6,available,2026-09-21T21:00:00.888Z
wymqjv,6-letters,6,available,2026-09-21T21:00:02.393Z
fhpeas,6-letters,6,available,2026-09-21T21:00:03.887Z
zvemej,6-letters,6,available,2026-09-21T21:00:05.374Z
myqmtk,6-letters,6,available,2026-09-21T21:00:06.238Z
,6-letters,6,blocked,2026-09-21T21:00:07.737Z
ejgggn,6-letters,6,taken,2026-09-21T20:23:00.591Z
flamty,6-letters,6,taken,2026-09-21T20:23:00.591Z
vtdzth,6-letters,6,available,2026-09-21T21:00:09.219Z
nlunjr,6-letters,6,available,2026-09-21T21:00:10.710Z
iwsvpq,6-letters,6,available,2026-09-21T21:00:12.202Z
tlmreo,6-letters,6,available,2026-09-21T21:00:13.691Z
vyxbsj,6-letters,6,taken,2026-09-21T20:23:00.591Z
rtsasn,6-letters,6,taken,2026-09-21T20:23:00.591Z
pqsidg,6-letters,6,taken,2026-09-21T20:23:00.591Z
qgpmya,6-letters,6,available,2026-09-21T21:00:15.182Z
wqdgty,6-letters,6,taken,2026-09-21T20:23:00.591Z
vqfcdm,6-letters,6,available,2026-09-21T21:00:16.659Z
avyqvz,6-letters,6,taken,2026-09-21T20:23:00.591Z
zcejqf,6-letters,6,available,2026-09-21T21:00:18.136Z
bahuob,6-letters,6,taken,2026-09-21T20:23:00.591Z
zuiixh,6-letters,6,available,2026-09-21T21:00:19.608Z
krojue,6-letters,6,taken,2026-09-21T20:23:00.591Z
jmrrsp,6-letters,6,available,2026-09-21T21:00:21.079Z
eieiae,6-letters,6,taken,2026-09-21T20:23:00.591Z
hvawyo,6-letters,6,taken,2026-09-21T20:23:00.591Z
pomawk,6-letters,6,taken,2026-09-21T20:23:00.591Z
jlylva,6-letters,6,available,2026-09-21T21:00:22.566Z
iqlamc,6-letters,6,available,2026-09-21T21:00:24.059Z
bgngvm,6-letters,6,available,2026-09-21T21:00:25.535Z
mcxuua,6-letters,6,available,2026-09-21T21:00:27.013Z
vxhgiu,6-letters,6,taken,2026-09-21T20:23:00.591Z
jedzid,6-letters,6,available,2026-09-21T21:00:28.495Z
bkqqhr,6-letters,6,available,2026-09-21T21:00:29.981Z
fyurqc,6-letters,6,available,2026-09-21T21:00:31.461Z
syjarb,6-letters,6,available,2026-09-21T21:00:32.941Z
pwrghb,6-letters,6,taken,2026-09-21T20:23:00.591Z
hmllfe,6-letters,6,available,2026-09-21T21:00:34.419Z
yxbwak,6-letters,6,available,2026-09-21T21:00:35.905Z
vzoqmn,6-letters,6,available,2026-09-21T21:00:37.393Z
kbvuov,6-letters,6,available,2026-09-21T21:00:38.190Z
nssjur,6-letters,6,taken,2026-09-21T20:23:00.591Z
xtdzco,6-letters,6,available,2026-09-21T21:00:39.681Z
haziqh,6-letters,6,taken,2026-09-21T20:23:00.591Z
tctbjx,6-letters,6,available,2026-09-21T21:00:41.171Z
elsajc,6-letters,6,taken,2026-09-21T20:23:00.591Z
wegmvr,6-letters,6,available,2026-09-21T21:00:42.652Z
kijskb,6-letters,6,available,2026-09-21T21:00:44.134Z
tkpcca,6-letters,6,available,2026-09-21T21:00:45.676Z
jvdlvc,6-letters,6,available,2026-09-21T21:00:47.160Z
kkfepc,6-letters,6,available,2026-09-21T21:00:48.643Z
ftfgvu,6-letters,6,taken,2026-09-21T20:23:00.591Z
bzhzga,6-letters,6,taken,2026-09-21T20:23:00.591Z
eorkxm,6-letters,6,taken,2026-09-21T20:23:00.591Z
zouoqa,6-letters,6,available,2026-09-21T21:00:50.132Z
kaacuw,6-letters,6,available,2026-09-21T21:00:51.626Z
iftmmi,6-letters,6,available,2026-09-21T21:00:53.109Z
vmlmwz,6-letters,6,available,2026-09-21T21:00:54.585Z
qumsjt,6-letters,6,available,2026-09-21T21:00:56.071Z
silccu,6-letters,6,available,2026-09-21T21:00:57.561Z
ovimvf,6-letters,6,available,2026-09-21T21:00:59.044Z
krnkxb,6-letters,6,taken,2026-09-21T20:23:00.591Z
ujhmfm,6-letters,6,available,2026-09-21T21:01:00.522Z
adjasg,6-letters,6,taken,2026-09-21T20:23:00.591Z
wnjmkj,6-letters,6,taken,2026-09-21T20:23:00.591Z
yrnpsg,6-letters,6,taken,2026-09-21T20:23:00.591Z
brujug,6-letters,6,taken,2026-09-21T20:23:00.591Z
vgsiec,6-letters,6,available,2026-09-21T21:01:01.996Z
,6-letters,6,blocked,2026-09-21T21:01:03.473Z
lmbowt,6-letters,6,taken,2026-09-21T20:23:00.591Z
zrjohm,6-letters,6,available,2026-09-21T21:01:04.964Z
camqfn,6-letters,6,available,2026-09-21T21:01:06.448Z
imonft,6-letters,6,taken,2026-09-21T20:23:00.591Z
jbifbt,6-letters,6,available,2026-09-21T21:01:07.930Z
gnnucd,6-letters,6,taken,2026-09-21T20:23:00.591Z
khmgdx,6-letters,6,taken,2026-09-21T20:23:00.591Z
hedblh,6-letters,6,taken,2026-09-21T20:23:00.591Z
vmgabl,6-letters,6,available,2026-09-21T21:01:09.410Z
ipicmg,6-letters,6,available,2026-09-21T21:01:10.226Z
pjvwrh,6-letters,6,available,2026-09-21T21:01:11.709Z
ivylct,6-letters,6,taken,2026-09-21T20:23:00.591Z
ypblqa,6-letters,6,available,2026-09-21T21:01:13.198Z
ilpfff,6-letters,6,taken,2026-09-21T20:23:00.591Z
qkvnmz,6-letters,6,available,2026-09-21T21:01:14.679Z
kcnxwf,6-letters,6,available,2026-09-21T21:01:16.157Z
oyveld,6-letters,6,available,2026-09-21T21:01:17.641Z
prlfkp,6-letters,6,taken,2026-09-21T20:23:00.591Z
lvsmkw,6-letters,6,available,2026-09-21T21:01:19.131Z
wsyipg,6-letters,6,available,2026-09-21T21:01:20.609Z
tbygsz,6-letters,6,available,2026-09-21T21:01:22.105Z
givohn,6-letters,6,taken,2026-09-21T20:23:00.591Z
ytxxvy,6-letters,6,taken,2026-09-21T20:23:00.591Z
dmagxn,6-letters,6,available,2026-09-21T21:01:23.588Z
fjjhut,6-letters,6,taken,2026-09-21T20:23:00.591Z
qlxljt,6-letters,6,available,2026-09-21T21:01:25.068Z
msmoow,6-letters,6,taken,2026-09-21T20:23:00.591Z
uehhnv,6-letters,6,taken,2026-09-21T20:23:31.170Z
,6-letters,6,blocked,2026-09-21T21:01:26.549Z
vbagll,6-letters,6,available,2026-09-21T21:01:28.033Z
mbwztb,6-letters,6,taken,2026-09-21T20:23:31.170Z
raqnnb,6-letters,6,available,2026-09-21T21:01:29.513Z
btlvvi,6-letters,6,available,2026-09-21T21:01:30.999Z
hwvrve,6-letters,6,taken,2026-09-21T20:23:31.170Z
kusqpi,6-letters,6,available,2026-09-21T21:01:32.479Z
ldfdso,6-letters,6,available,2026-09-21T21:01:33.961Z
hqhkbo,6-letters,6,available,2026-09-21T21:01:35.437Z
angkvf,6-letters,6,taken,2026-09-21T20:23:31.170Z
qjebwv,6-letters,6,available,2026-09-21T21:01:36.914Z
voetwm,6-letters,6,taken,2026-09-21T20:23:31.170Z
jyuigx,6-letters,6,taken,2026-09-21T20:23:31.170Z
xghcmo,6-letters,6,available,2026-09-21T21:01:38.398Z
hcfela,6-letters,6,available,2026-09-21T21:01:39.878Z
gmnbmk,6-letters,6,taken,2026-09-21T20:23:31.170Z
skwbkv,6-letters,6,available,2026-09-21T21:01:40.670Z
xeunve,6-letters,6,available,2026-09-21T21:01:42.152Z
rnwrhd,6-letters,6,available,2026-09-21T21:01:43.633Z
biusec,6-letters,6,taken,2026-09-21T20:23:31.170Z
iidvrj,6-letters,6,available,2026-09-21T21:01:45.125Z
sdxzgu,6-letters,6,taken,2026-09-21T20:23:31.170Z
yklhjh,6-letters,6,taken,2026-09-21T20:23:31.170Z
whzkaj,6-letters,6,taken,2026-09-21T20:23:31.170Z
ikzgcy,6-letters,6,available,2026-09-21T21:01:46.603Z
,6-letters,6,blocked,2026-09-21T21:01:48.090Z
ylkzas,6-letters,6,taken,2026-09-21T20:23:31.170Z
fsttqc,6-letters,6,available,2026-09-21T21:01:49.566Z
zfjkrp,6-letters,6,taken,2026-09-21T20:23:31.170Z
yzwbit,6-letters,6,available,2026-09-21T21:01:51.052Z
ezqwww,6-letters,6,taken,2026-09-21T20:23:31.170Z
hsvaej,6-letters,6,available,2026-09-21T21:01:52.541Z
uxzjun,6-letters,6,available,2026-09-21T21:01:54.030Z
xzfhgc,6-letters,6,taken,2026-09-21T20:23:31.170Z
kxfwvf,6-letters,6,available,2026-09-21T21:01:55.527Z
rfajaa,6-letters,6,taken,2026-09-21T20:23:31.170Z
njtvjr,6-letters,6,available,2026-09-21T21:01:57.008Z
bcjcfr,6-letters,6,taken,2026-09-21T20:23:31.170Z
kedlcq,6-letters,6,available,2026-09-21T21:01:58.489Z
znzuuz,6-letters,6,available,2026-09-21T21:01:59.983Z
xlngjk,6-letters,6,available,2026-09-21T21:02:01.468Z
oznduh,6-letters,6,available,2026-09-21T21:02:02.955Z
uppsig,6-letters,6,available,2026-09-21T21:02:04.437Z
nztvzx,6-letters,6,available,2026-09-21T21:02:05.927Z
uryoow,6-letters,6,available,2026-09-21T21:02:07.419Z
mhtivt,6-letters,6,available,2026-09-21T21:02:08.903Z
msdqir,6-letters,6,available,2026-09-21T21:02:10.387Z
mhrgqp,6-letters,6,available,2026-09-21T21:02:11.868Z
gofcfq,6-letters,6,available,2026-09-21T21:02:12.689Z
oplrae,6-letters,6,taken,2026-09-21T20:23:31.170Z
mmsbux,6-letters,6,available,2026-09-21T21:02:14.171Z
wygkrq,6-letters,6,available,2026-09-21T21:02:15.647Z
zkyowm,6-letters,6,available,2026-09-21T21:02:17.127Z
hmkyud,6-letters,6,available,2026-09-21T21:02:18.610Z
miuwnp,6-letters,6,taken,2026-09-21T20:23:31.170Z
lllxph,6-letters,6,available,2026-09-21T21:02:20.135Z
uaaepw,6-letters,6,available,2026-09-21T21:02:21.620Z
hjmeey,6-letters,6,available,2026-09-21T21:02:23.113Z
bsvpcx,6-letters,6,available,2026-09-21T21:02:24.608Z
yfcvnh,6-letters,6,taken,2026-09-21T20:23:31.170Z
vvslqi,6-letters,6,available,2026-09-21T21:02:26.087Z
gxuime,6-letters,6,taken,2026-09-21T20:23:31.170Z
addcgn,6-letters,6,taken,2026-09-21T20:23:31.170Z
sxztva,6-letters,6,taken,2026-09-21T20:23:31.170Z
saxvsn,6-letters,6,taken,2026-09-21T20:23:31.170Z
gecyta,6-letters,6,taken,2026-09-21T20:23:31.170Z
ubswce,6-letters,6,available,2026-09-21T21:02:27.561Z
rixmcw,6-letters,6,available,2026-09-21T21:02:29.043Z
xopbhd,6-letters,6,taken,2026-09-21T20:23:31.170Z
aaevla,6-letters,6,available,2026-09-21T21:02:30.531Z
wjrspb,6-letters,6,available,2026-09-21T21:02:32.022Z
dxcept,6-letters,6,taken,2026-09-21T20:23:31.170Z
yvsuyk,6-letters,6,available,2026-09-21T21:02:33.499Z
jklroq,6-letters,6,taken,2026-09-21T20:23:31.170Z
cneull,6-letters,6,available,2026-09-21T21:02:34.993Z
xftndj,6-letters,6,available,2026-09-21T21:02:36.464Z
kyydkl,6-letters,6,available,2026-09-21T21:02:37.947Z
utdqjy,6-letters,6,available,2026-09-21T21:02:39.425Z
,6-letters,6,blocked,2026-09-21T21:02:40.909Z
kmdrpp,6-letters,6,available,2026-09-21T21:02:42.390Z
zuvtzf,6-letters,6,taken,2026-09-21T20:23:31.170Z
olkchm,6-letters,6,taken,2026-09-21T20:23:31.170Z
qjwgpz,6-letters,6,available,2026-09-21T21:02:43.879Z
flkvjh,6-letters,6,taken,2026-09-21T20:23:31.170Z
yhmzcp,6-letters,6,available,2026-09-21T21:02:44.697Z
tkhrvj,6-letters,6,available,2026-09-21T21:02:46.183Z
goiyeo,6-letters,6,taken,2026-09-21T20:23:31.170Z
rrhina,6-letters,6,taken,2026-09-21T20:23:31.170Z
zslado,6-letters,6,available,2026-09-21T21:02:47.666Z
zmrxcb,6-letters,6,available,2026-09-21T21:02:49.171Z
mlrmve,6-letters,6,available,2026-09-21T21:02:50.655Z
yuhcga,6-letters,6,available,2026-09-21T21:02:52.141Z
wmjzwk,6-letters,6,taken,2026-09-21T20:23:31.170Z
iqboew,6-letters,6,available,2026-09-21T21:02:53.616Z
cqmhju,6-letters,6,available,2026-09-21T21:02:55.094Z
mbgalx,6-letters,6,available,2026-09-21T21:02:56.580Z
uyepeq,6-letters,6,taken,2026-09-21T20:23:31.170Z
ncsrmc,6-letters,6,taken,2026-09-21T20:23:31.170Z
,6-letters,6,blocked,2026-09-21T21:02:58.063Z
epuspd,6-letters,6,taken,2026-09-21T20:24:01.799Z
bebooi,6-letters,6,taken,2026-09-21T20:24:01.799Z
pitlxi,6-letters,6,available,2026-09-21T21:02:59.544Z
bxocuq,6-letters,6,available,2026-09-21T21:03:01.027Z
htaapb,6-letters,6,available,2026-09-21T21:03:02.522Z
pbphqm,6-letters,6,available,2026-09-21T21:03:04.003Z
xpyqrv,6-letters,6,available,2026-09-21T21:03:05.482Z
ejkqnw,6-letters,6,available,2026-09-21T21:03:06.971Z
yaeijo,6-letters,6,taken,2026-09-21T20:24:01.799Z
yielme,6-letters,6,taken,2026-09-21T20:24:01.799Z
leexmt,6-letters,6,taken,2026-09-21T20:24:01.799Z
aizuer,6-letters,6,taken,2026-09-21T20:24:01.799Z
kihonz,6-letters,6,taken,2026-09-21T20:24:01.799Z
kfnxya,6-letters,6,available,2026-09-21T21:03:08.458Z
ejvvpf,6-letters,6,available,2026-09-21T21:03:09.944Z
htgthc,6-letters,6,taken,2026-09-21T20:24:01.799Z
lcoonx,6-letters,6,taken,2026-09-21T20:24:01.799Z
bsyslk,6-letters,6,available,2026-09-21T21:03:11.428Z
xyagtp,6-letters,6,available,2026-09-21T21:03:12.906Z
onmzil,6-letters,6,available,2026-09-21T21:03:14.406Z
qccuqe,6-letters,6,available,2026-09-21T21:03:15.883Z
uuxykq,6-letters,6,taken,2026-09-21T20:24:01.799Z
qacjar,6-letters,6,available,2026-09-21T21:03:16.693Z
vuellg,6-letters,6,available,2026-09-21T21:03:18.174Z
lgvceu,6-letters,6,available,2026-09-21T21:03:19.654Z
xnrztv,6-letters,6,taken,2026-09-21T20:24:01.799Z
hkukay,6-letters,6,available,2026-09-21T21:03:21.138Z
doeqwk,6-letters,6,available,2026-09-21T21:03:22.620Z
bztopi,6-letters,6,taken,2026-09-21T20:24:01.799Z
mihfsu,6-letters,6,taken,2026-09-21T20:24:01.799Z
kiewem,6-letters,6,available,2026-09-21T21:03:24.100Z
fzfgkc,6-letters,6,taken,2026-09-21T20:24:01.799Z
mrqyvm,6-letters,6,available,2026-09-21T21:03:25.584Z
fzzemi,6-letters,6,available,2026-09-21T21:03:27.063Z
ukeomv,6-letters,6,available,2026-09-21T21:03:28.540Z
xkqelg,6-letters,6,available,2026-09-21T21:03:30.025Z
podykuj,7-letters,7,available,2026-09-21T21:03:31.507Z
kfkulns,7-letters,7,available,2026-09-21T21:03:32.990Z
djikyxn,7-letters,7,available,2026-09-21T21:03:34.471Z
dggwust,7-letters,7,available,2026-09-21T21:03:35.968Z
csucfhq,7-letters,7,available,2026-09-21T21:03:37.451Z
uywjgts,7-letters,7,available,2026-09-21T21:03:38.941Z
kjvfvhg,7-letters,7,available,2026-09-21T21:03:40.441Z
ktkftts,7-letters,7,available,2026-09-21T21:03:41.958Z
rkmgbjy,7-letters,7,available,2026-09-21T21:03:43.448Z
lxwmltj,7-letters,7,available,2026-09-21T21:03:44.935Z
abuuqdb,7-letters,7,available,2026-09-21T21:03:46.414Z
uhjdbfc,7-letters,7,available,2026-09-21T21:03:47.222Z
ytdtsar,7-letters,7,taken,2026-09-21T20:24:01.799Z
fgztcdc,7-letters,7,available,2026-09-21T21:03:48.702Z
fzcvvhv,7-letters,7,available,2026-09-21T21:03:50.188Z
ljfazhq,7-letters,7,available,2026-09-21T21:03:51.670Z
hhuzryp,7-letters,7,available,2026-09-21T21:03:53.161Z
tjbvnvb,7-letters,7,available,2026-09-21T21:03:54.651Z
ljccxww,7-letters,7,available,2026-09-21T21:03:56.136Z
rcwcadl,7-letters,7,available,2026-09-21T21:03:57.615Z
yvmpqqf,7-letters,7,available,2026-09-21T21:03:59.105Z
hcygugz,7-letters,7,available,2026-09-21T21:04:00.585Z
gjmbfzy,7-letters,7,available,2026-09-21T21:04:02.072Z
azpfmip,7-letters,7,available,2026-09-21T21:04:03.555Z
gdzvvlc,7-letters,7,available,2026-09-21T21:04:05.035Z
,7-letters,7,blocked,2026-09-21T21:04:06.517Z
etdurlz,7-letters,7,available,2026-09-21T21:04:08.011Z
okqlpgr,7-letters,7,available,2026-09-21T21:04:09.493Z
vcrrxws,7-letters,7,available,2026-09-21T21:04:10.980Z
bdpvmqs,7-letters,7,available,2026-09-21T21:04:12.467Z
slerkcs,7-letters,7,available,2026-09-21T21:04:13.950Z
iujqnzs,7-letters,7,available,2026-09-21T21:04:15.438Z
pgxgflk,7-letters,7,available,2026-09-21T21:04:16.921Z
,7-letters,7,blocked,2026-09-21T21:04:18.416Z
ahemwmr,7-letters,7,available,2026-09-21T21:04:19.228Z
zozyfrn,7-letters,7,available,2026-09-21T21:04:20.711Z
akchhtn,7-letters,7,available,2026-09-21T21:04:22.197Z
qfadoxr,7-letters,7,available,2026-09-21T21:04:23.683Z
lpwbavf,7-letters,7,available,2026-09-21T21:04:25.167Z
gzrxgic,7-letters,7,available,2026-09-21T21:04:26.665Z
hsgpaqs,7-letters,7,available,2026-09-21T21:04:28.158Z
uuitulh,7-letters,7,available,2026-09-21T21:04:29.646Z
vicdrik,7-letters,7,taken,2026-09-21T20:24:01.799Z
poctooh,7-letters,7,taken,2026-09-21T20:24:01.799Z
avsrkff,7-letters,7,available,2026-09-21T21:04:31.131Z
nfbdcjy,7-letters,7,available,2026-09-21T21:04:32.615Z
qhsgxsx,7-letters,7,available,2026-09-21T21:04:34.096Z
qwptubd,7-letters,7,available,2026-09-21T21:04:35.577Z
nhtpeje,7-letters,7,available,2026-09-21T21:04:37.068Z
dluoqte,7-letters,7,available,2026-09-21T21:04:38.548Z
,7-letters,7,blocked,2026-09-21T21:04:40.031Z
zuwukvt,7-letters,7,available,2026-09-21T21:04:41.524Z
uayklgz,7-letters,7,available,2026-09-21T21:04:43.011Z
bdnotxi,7-letters,7,available,2026-09-21T21:04:44.499Z
kspsdtr,7-letters,7,available,2026-09-21T21:04:45.993Z
kskbefg,7-letters,7,available,2026-09-21T21:04:47.481Z
osbovau,7-letters,7,available,2026-09-21T21:04:48.959Z
frtsqor,7-letters,7,available,2026-09-21T21:04:50.442Z
gpzgjvg,7-letters,7,available,2026-09-21T21:04:51.255Z
mfxbxwg,7-letters,7,available,2026-09-21T21:04:52.741Z
pqjztrm,7-letters,7,available,2026-09-21T21:04:54.221Z
phynpri,7-letters,7,available,2026-09-21T21:04:55.704Z
ixhqipd,7-letters,7,available,2026-09-21T21:04:57.194Z
,7-letters,7,blocked,2026-09-21T21:04:58.676Z
cubkqmh,7-letters,7,available,2026-09-21T21:05:00.165Z
bdcifsk,7-letters,7,available,2026-09-21T21:05:01.644Z
djgrpqy,7-letters,7,available,2026-09-21T21:05:03.127Z
wkizyzb,7-letters,7,available,2026-09-21T21:05:04.615Z
ailkmaz,7-letters,7,available,2026-09-21T21:05:06.101Z
hpquxdn,7-letters,7,available,2026-09-21T21:05:07.583Z
cvohing,7-letters,7,available,2026-09-21T21:05:09.072Z
,7-letters,7,blocked,2026-09-21T21:05:10.555Z
wjgigfw,7-letters,7,available,2026-09-21T21:05:12.037Z
wqdnuod,7-letters,7,available,2026-09-21T21:05:13.523Z
zaasgqi,7-letters,7,available,2026-09-21T21:05:15.012Z
nsapdgk,7-letters,7,available,2026-09-21T21:05:16.503Z
hguwvbf,7-letters,7,available,2026-09-21T21:05:17.987Z
qgdvahi,7-letters,7,available,2026-09-21T21:05:19.469Z
uvawhwl,7-letters,7,available,2026-09-21T21:05:20.947Z
rvctlef,7-letters,7,available,2026-09-21T21:05:21.756Z
plbmrdf,7-letters,7,available,2026-09-21T21:05:23.243Z
ndtliqv,7-letters,7,available,2026-09-21T21:05:24.726Z
fvugvbb,7-letters,7,taken,2026-09-21T20:24:32.401Z
jtqdhyf,7-letters,7,available,2026-09-21T21:05:26.207Z
zybnpml,7-letters,7,available,2026-09-21T21:05:27.695Z
iuxgtds,7-letters,7,available,2026-09-21T21:05:29.189Z
pyiottl,7-letters,7,available,2026-09-21T21:05:30.670Z
tqydfau,7-letters,7,available,2026-09-21T21:05:32.159Z
rquhfbj,7-letters,7,available,2026-09-21T21:05:33.643Z
tywkcjv,7-letters,7,available,2026-09-21T21:05:35.123Z
ipqknrv,7-letters,7,available,2026-09-21T21:05:36.609Z
dolvvbp,7-letters,7,available,2026-09-21T21:05:38.092Z
jxfsldy,7-letters,7,available,2026-09-21T21:05:39.573Z
rdkzvmh,7-letters,7,available,2026-09-21T21:05:41.051Z
pfkalnd,7-letters,7,available,2026-09-21T21:05:42.530Z
pkdkfur,7-letters,7,available,2026-09-21T21:05:44.013Z
zhhnugt,7-letters,7,available,2026-09-21T21:05:45.493Z
zpvferf,7-letters,7,available,2026-09-21T21:05:46.980Z
mhqtwyi,7-letters,7,available,2026-09-21T21:05:48.480Z
xpflhdx,7-letters,7,available,2026-09-21T21:05:49.969Z
umlogbl,7-letters,7,available,2026-09-21T21:05:51.461Z
swtmwtx,7-letters,7,available,2026-09-21T21:05:52.946Z
meeknng,7-letters,7,available,2026-09-21T21:05:53.750Z
wbwrnng,7-letters,7,available,2026-09-21T21:05:55.230Z
soxmqsh,7-letters,7,available,2026-09-21T21:05:56.716Z
javemxa,7-letters,7,available,2026-09-21T21:05:58.206Z
ujhcecy,7-letters,7,available,2026-09-21T21:05:59.692Z
ujfsczr,7-letters,7,available,2026-09-21T21:06:01.171Z
jbjsrpx,7-letters,7,available,2026-09-21T21:06:02.660Z
dkhygio,7-letters,7,available,2026-09-21T21:06:04.141Z
qnbtbnf,7-letters,7,available,2026-09-21T21:06:05.623Z
eoxpivx,7-letters,7,available,2026-09-21T21:06:07.105Z
ybbdsfl,7-letters,7,available,2026-09-21T21:06:08.592Z
bxcfsbo,7-letters,7,available,2026-09-21T21:06:10.079Z
,7-letters,7,blocked,2026-09-21T21:06:11.569Z
vymiprf,7-letters,7,available,2026-09-21T21:06:13.072Z
mimkzrc,7-letters,7,available,2026-09-21T21:06:14.561Z
pyuteuw,7-letters,7,taken,2026-09-21T20:24:32.401Z
shcftnp,7-letters,7,available,2026-09-21T21:06:16.046Z
lvvtzgl,7-letters,7,available,2026-09-21T21:06:17.527Z
pswlibn,7-letters,7,available,2026-09-21T21:06:19.002Z
zxpkfcp,7-letters,7,available,2026-09-21T21:06:20.479Z
dkjkjhf,7-letters,7,taken,2026-09-21T20:24:32.401Z
hskecrx,7-letters,7,available,2026-09-21T21:06:21.959Z
uvvrrpi,7-letters,7,available,2026-09-21T21:06:23.446Z
ikpxtdw,7-letters,7,available,2026-09-21T21:06:24.927Z
bsnsjmb,7-letters,7,available,2026-09-21T21:06:25.739Z
ovgbisi,7-letters,7,available,2026-09-21T21:06:27.223Z
szxmaap,7-letters,7,available,2026-09-21T21:06:28.780Z
iicjqkr,7-letters,7,available,2026-09-21T21:06:30.268Z
zilpndo,7-letters,7,available,2026-09-21T21:06:31.925Z
feabswx,7-letters,7,taken,2026-09-21T20:24:32.401Z
qtcymaf,7-letters,7,available,2026-09-21T21:06:33.400Z
bqdvlkw,7-letters,7,available,2026-09-21T21:06:34.886Z
cobnwhq,7-letters,7,available,2026-09-21T21:06:36.368Z
irdbrni,7-letters,7,available,2026-09-21T21:06:37.847Z
ctvbvkz,7-letters,7,available,2026-09-21T21:06:39.446Z
haeplgy,7-letters,7,available,2026-09-21T21:06:40.996Z
pcmmgdl,7-letters,7,available,2026-09-21T21:06:42.490Z
hlcahdd,7-letters,7,available,2026-09-21T21:06:43.992Z
pdvgbpe,7-letters,7,available,2026-09-21T21:06:45.489Z
nnxocfh,7-letters,7,available,2026-09-21T21:06:46.973Z
zjtmdqa,7-letters,7,available,2026-09-21T21:06:48.463Z
gsysije,7-letters,7,taken,2026-09-21T20:24:32.401Z
urytjny,7-letters,7,available,2026-09-21T21:06:50.041Z
xabdtxi,7-letters,7,available,2026-09-21T21:06:51.526Z
xxvvdck,7-letters,7,taken,2026-09-21T20:24:32.401Z
hkqsgrg,7-letters,7,available,2026-09-21T21:06:53.019Z
cruemta,7-letters,7,available,2026-09-21T21:06:54.495Z
wugvxnu,7-letters,7,available,2026-09-21T21:06:55.979Z
ezzrhjw,7-letters,7,available,2026-09-21T21:06:56.774Z
oehxlgq,7-letters,7,available,2026-09-21T21:06:58.268Z
hncdsib,7-letters,7,available,2026-09-21T21:06:59.749Z
vmnsbie,7-letters,7,available,2026-09-21T21:07:01.235Z
doxrodr,7-letters,7,available,2026-09-21T21:07:02.717Z
skoemol,7-letters,7,available,2026-09-21T21:07:04.203Z
yqaqkqo,7-letters,7,available,2026-09-21T21:07:05.686Z
gauxixd,7-letters,7,available,2026-09-21T21:07:07.174Z
gsuhhcr,7-letters,7,available,2026-09-21T21:07:08.653Z
zloiygs,7-letters,7,available,2026-09-21T21:07:10.131Z
,7-letters,7,blocked,2026-09-21T21:07:11.621Z
ntzrgpi,7-letters,7,available,2026-09-21T21:07:13.106Z
,7-letters,7,blocked,2026-09-21T21:07:14.595Z
vwiksvs,7-letters,7,available,2026-09-21T21:07:16.078Z
soswbrz,7-letters,7,available,2026-09-21T21:07:17.557Z
umiyget,7-letters,7,available,2026-09-21T21:07:19.038Z
hkczutk,7-letters,7,available,2026-09-21T21:07:20.519Z
kbhxbmt,7-letters,7,available,2026-09-21T21:07:22.015Z
kahwvlp,7-letters,7,available,2026-09-21T21:07:23.501Z
jeyguhf,7-letters,7,available,2026-09-21T21:07:24.977Z
tglhjmq,7-letters,7,available,2026-09-21T21:07:26.459Z
xmmkchr,7-letters,7,available,2026-09-21T21:07:27.942Z
,7-letters,7,blocked,2026-09-21T21:07:28.781Z
kbanuit,7-letters,7,available,2026-09-21T21:07:30.263Z
kqzrykr,7-letters,7,available,2026-09-21T21:07:31.748Z
xziwptl,7-letters,7,available,2026-09-21T21:07:33.227Z
otuytst,7-letters,7,available,2026-09-21T21:07:34.708Z
eeasvdg,7-letters,7,available,2026-09-21T21:07:36.185Z
grtizgk,7-letters,7,available,2026-09-21T21:07:37.674Z
akbnjlr,7-letters,7,available,2026-09-21T21:07:39.151Z
nmojjfx,7-letters,7,available,2026-09-21T21:07:40.634Z
ylyvhha,7-letters,7,available,2026-09-21T21:07:42.115Z
szxukzs,7-letters,7,available,2026-09-21T21:07:43.598Z
lphptpm,7-letters,7,available,2026-09-21T21:07:45.073Z
zgpobxa,7-letters,7,available,2026-09-21T21:07:46.556Z
sxwgsei,7-letters,7,available,2026-09-21T21:07:48.036Z
,7-letters,7,blocked,2026-09-21T21:07:49.515Z
mdqzvro,7-letters,7,available,2026-09-21T21:07:50.998Z
gqvizbf,7-letters,7,available,2026-09-21T21:07:52.480Z
leihqgk,7-letters,7,available,2026-09-21T21:07:53.954Z
csrpsph,7-letters,7,available,2026-09-21T21:07:55.439Z
xmhfpqn,7-letters,7,available,2026-09-21T21:07:56.922Z
eitluzi,7-letters,7,available,2026-09-21T21:07:58.402Z
rzllyqv,7-letters,7,available,2026-09-21T21:07:59.881Z
exasqqs,7-letters,7,available,2026-09-21T21:08:00.682Z
nzqxwil,7-letters,7,available,2026-09-21T21:08:02.164Z
wonlokh,7-letters,7,available,2026-09-21T21:08:03.651Z
oxfsqai,7-letters,7,available,2026-09-21T21:08:05.134Z
doigbkh,7-letters,7,available,2026-09-21T21:08:06.616Z
eiytrby,7-letters,7,available,2026-09-21T21:08:08.094Z
rnqdwng,7-letters,7,available,2026-09-21T21:08:09.581Z
,7-letters,7,blocked,2026-09-21T21:08:11.061Z
mifswse,7-letters,7,available,2026-09-21T21:08:12.540Z
iuawsku,7-letters,7,available,2026-09-21T21:08:14.021Z
,7-letters,7,blocked,2026-09-21T21:08:15.505Z
qtmqqiq,7-letters,7,available,2026-09-21T21:08:16.988Z
hamykpq,7-letters,7,available,2026-09-21T21:08:18.466Z
tazimce,7-letters,7,available,2026-09-21T21:08:19.943Z
dfoxipk,7-letters,7,available,2026-09-21T21:08:21.423Z
mjecjxp,7-letters,7,available,2026-09-21T21:08:22.899Z
hvesbka,7-letters,7,available,2026-09-21T21:08:24.404Z
pbkzisq,7-letters,7,available,2026-09-21T21:08:25.883Z
fuvjbim,7-letters,7,available,2026-09-21T21:08:27.366Z
fzlzkqd,7-letters,7,available,2026-09-21T21:08:28.854Z
qhgymad,7-letters,7,available,2026-09-21T21:08:30.342Z
ecmdgex,7-letters,7,available,2026-09-21T21:08:31.154Z
ptneofu,7-letters,7,available,2026-09-21T21:08:32.639Z
rizlduu,7-letters,7,available,2026-09-21T21:08:34.126Z
,7-letters,7,blocked,2026-09-21T21:08:35.604Z
epveglo,7-letters,7,available,2026-09-21T21:08:37.081Z
mophziq,7-letters,7,available,2026-09-21T21:08:38.562Z
bozbejz,7-letters,7,available,2026-09-21T21:08:40.043Z
mncjccg,7-letters,7,available,2026-09-21T21:08:41.524Z
rxzoriu,7-letters,7,available,2026-09-21T21:08:43.012Z
qeuorgc,7-letters,7,available,2026-09-21T21:08:44.503Z
ldugvpi,7-letters,7,available,2026-09-21T21:08:45.979Z
,7-letters,7,blocked,2026-09-21T21:08:47.465Z
uhhfbbc,7-letters,7,taken,2026-09-21T20:25:03.296Z
ghhdlub,7-letters,7,available,2026-09-21T21:08:48.943Z
qobbdmi,7-letters,7,available,2026-09-21T21:08:50.424Z
pyzosnn,7-letters,7,available,2026-09-21T21:08:51.905Z
ttlfpfw,7-letters,7,available,2026-09-21T21:08:53.390Z
ilvmqpb,7-letters,7,available,2026-09-21T21:08:54.870Z
uwlccnu,7-letters,7,available,2026-09-21T21:08:56.347Z
zvsnqoy,7-letters,7,available,2026-09-21T21:08:57.825Z
wykevxi,7-letters,7,available,2026-09-21T21:08:59.306Z
avieqbu,7-letters,7,available,2026-09-21T21:09:00.787Z
joxjuav,7-letters,7,available,2026-09-21T21:09:02.269Z
ayeuega,7-letters,7,taken,2026-09-21T20:25:03.296Z
wgmwvfk,7-letters,7,available,2026-09-21T21:09:03.076Z
qthaqfw,7-letters,7,available,2026-09-21T21:09:04.557Z
cczsbqy,7-letters,7,available,2026-09-21T21:09:06.047Z
eacwmtn,7-letters,7,available,2026-09-21T21:09:07.531Z
bteejgp,7-letters,7,available,2026-09-21T21:09:09.010Z
kepebwx,7-letters,7,available,2026-09-21T21:09:10.492Z
yvpjepz,7-letters,7,available,2026-09-21T21:09:11.977Z
sfvzdwp,7-letters,7,available,2026-09-21T21:09:13.455Z
gcegwam,7-letters,7,available,2026-09-21T21:09:14.972Z
lupkupy,7-letters,7,available,2026-09-21T21:09:16.450Z
mqeyvkr,7-letters,7,available,2026-09-21T21:09:17.940Z
xfxbilm,7-letters,7,available,2026-09-21T21:09:19.423Z
jgorsec,7-letters,7,available,2026-09-21T21:09:20.902Z
vghojar,7-letters,7,available,2026-09-21T21:09:22.391Z
nmouxln,7-letters,7,available,2026-09-21T21:09:23.882Z
oueupkf,7-letters,7,available,2026-09-21T21:09:25.367Z
ajwebsy,7-letters,7,available,2026-09-21T21:09:26.855Z
rztxbnr,7-letters,7,available,2026-09-21T21:09:28.337Z
ovrsqgu,7-letters,7,available,2026-09-21T21:09:29.822Z
vzmnpbv,7-letters,7,available,2026-09-21T21:09:31.306Z
xncrvri,7-letters,7,available,2026-09-21T21:09:32.799Z
darcapi,7-letters,7,taken,2026-09-21T20:25:03.296Z
bzymhnt,7-letters,7,available,2026-09-21T21:09:34.282Z
loyfxou,7-letters,7,available,2026-09-21T21:09:35.137Z
gygglzx,7-letters,7,available,2026-09-21T21:09:36.610Z
tqewhcn,7-letters,7,available,2026-09-21T21:09:38.092Z
efaqjyo,7-letters,7,available,2026-09-21T21:09:39.619Z
ugqewaf,7-letters,7,available,2026-09-21T21:09:41.100Z
hpfrcxh,7-letters,7,available,2026-09-21T21:09:42.625Z
kqqainh,7-letters,7,available,2026-09-21T21:09:44.276Z
mxrtbxf,7-letters,7,available,2026-09-21T21:09:45.762Z
,7-letters,7,blocked,2026-09-21T21:09:47.245Z
vcaxwfk,7-letters,7,available,2026-09-21T21:09:48.735Z
kayotka,7-letters,7,taken,2026-09-21T20:25:34.086Z
rioxebn,7-letters,7,available,2026-09-21T21:09:50.219Z
zqmpprq,7-letters,7,available,2026-09-21T21:09:51.701Z
gtamfvm,7-letters,7,available,2026-09-21T21:09:53.207Z
yxhisuu,7-letters,7,available,2026-09-21T21:09:54.695Z
litinho,7-letters,7,taken,2026-09-21T20:25:34.086Z
wcwmlas,7-letters,7,available,2026-09-21T21:09:56.179Z
mxwixwt,7-letters,7,available,2026-09-21T21:09:57.658Z
nzansbk,7-letters,7,available,2026-09-21T21:09:59.138Z
lfpgnbx,7-letters,7,taken,2026-09-21T20:25:34.086Z
sfnvere,7-letters,7,available,2026-09-21T21:10:00.620Z
jumujst,7-letters,7,available,2026-09-21T21:10:02.104Z
twzvufh,7-letters,7,available,2026-09-21T21:10:03.591Z
,7-letters,7,blocked,2026-09-21T21:10:05.074Z
,7-letters,7,blocked,2026-09-21T21:10:05.889Z
mmgcomq,7-letters,7,available,2026-09-21T21:10:07.372Z
lmvkwxj,7-letters,7,available,2026-09-21T21:10:08.854Z
sbcngvi,7-letters,7,available,2026-09-21T21:10:10.337Z
ypxelpi,7-letters,7,available,2026-09-21T21:10:11.848Z
rfjvzgt,7-letters,7,available,2026-09-21T21:10:13.338Z
,7-letters,7,blocked,2026-09-21T21:10:14.823Z
orjhnpo,7-letters,7,available,2026-09-21T21:10:16.300Z
icmoaly,7-letters,7,available,2026-09-21T21:10:17.783Z
,7-letters,7,blocked,2026-09-21T21:10:19.284Z
ukzvhcy,7-letters,7,available,2026-09-21T21:10:20.775Z
xfaywmx,7-letters,7,available,2026-09-21T21:10:22.255Z
tjwkowp,7-letters,7,available,2026-09-21T21:10:23.737Z
fhzxevb,7-letters,7,available,2026-09-21T21:10:25.211Z
xtjefxt,7-letters,7,available,2026-09-21T21:10:26.700Z
pugotzb,7-letters,7,available,2026-09-21T21:10:28.187Z
aidttos,7-letters,7,available,2026-09-21T21:10:29.673Z
xhrqrno,7-letters,7,available,2026-09-21T21:10:31.162Z
vqejrvw,7-letters,7,available,2026-09-21T21:10:32.646Z
ygejoxl,7-letters,7,available,2026-09-21T21:10:34.159Z
albbudu,7-letters,7,available,2026-09-21T21:10:35.648Z
eliyvga,7-letters,7,available,2026-09-21T21:10:37.145Z
ahfdmha,7-letters,7,available,2026-09-21T21:10:37.914Z
gunoauh,7-letters,7,available,2026-09-21T21:10:39.398Z
rwbanyq,7-letters,7,available,2026-09-21T21:10:40.879Z
htwtoxs,7-letters,7,available,2026-09-21T21:10:42.356Z
dkvonpm,7-letters,7,available,2026-09-21T21:10:43.851Z
nqzpnxq,7-letters,7,available,2026-09-21T21:10:45.332Z
cddvavr,7-letters,7,available,2026-09-21T21:10:46.809Z
hgkziwk,7-letters,7,available,2026-09-21T21:10:48.294Z
jueahsa,7-letters,7,available,2026-09-21T21:10:49.770Z
pexwnqg,7-letters,7,available,2026-09-21T21:10:51.264Z
pvlqufe,7-letters,7,available,2026-09-21T21:10:52.740Z
qdgpxcg,7-letters,7,available,2026-09-21T21:10:54.222Z
egsmrsr,7-letters,7,available,2026-09-21T21:10:55.710Z
duhvpqv,7-letters,7,available,2026-09-21T21:10:57.198Z
bfhjuda,7-letters,7,available,2026-09-21T21:10:58.690Z
ewelrxa,7-letters,7,available,2026-09-21T21:11:00.173Z
yemvdpp,7-letters,7,available,2026-09-21T21:11:01.688Z
vkueqla,7-letters,7,available,2026-09-21T21:11:03.171Z
bygtopc,7-letters,7,available,2026-09-21T21:11:04.653Z
nesmxwi,7-letters,7,available,2026-09-21T21:11:06.131Z
,7-letters,7,blocked,2026-09-21T21:11:07.626Z
bfbajrc,7-letters,7,available,2026-09-21T21:11:09.106Z
rerozyu,7-letters,7,taken,2026-09-21T20:25:34.086Z
hztydxs,7-letters,7,available,2026-09-21T21:11:09.928Z
kbdgjlr,7-letters,7,available,2026-09-21T21:11:11.410Z
ymdzyzp,7-letters,7,available,2026-09-21T21:11:12.892Z
rkbxhjr,7-letters,7,available,2026-09-21T21:11:14.372Z
jislumw,7-letters,7,available,2026-09-21T21:11:15.853Z
,7-letters,7,blocked,2026-09-21T21:11:17.337Z
acirnlb,7-letters,7,available,2026-09-21T21:11:18.821Z
vtlepvn,7-letters,7,available,2026-09-21T21:11:20.309Z
qxduhbj,7-letters,7,available,2026-09-21T21:11:21.793Z
pgmypey,7-letters,7,available,2026-09-21T21:11:23.275Z
ydyrbfw,7-letters,7,available,2026-09-21T21:11:24.753Z
khrxkoj,7-letters,7,available,2026-09-21T21:11:26.241Z
gkcvimx,7-letters,7,available,2026-09-21T21:11:27.723Z
xmahgpz,7-letters,7,available,2026-09-21T21:11:29.210Z
egrqksg,7-letters,7,available,2026-09-21T21:11:30.697Z
gkjttik,7-letters,7,available,2026-09-21T21:11:32.177Z
pffoytj,7-letters,7,available,2026-09-21T21:11:33.666Z
xnwtavo,7-letters,7,available,2026-09-21T21:11:35.191Z
jykcmbj,7-letters,7,available,2026-09-21T21:11:36.705Z
oeehpax,7-letters,7,available,2026-09-21T21:11:38.178Z
gpveepe,7-letters,7,available,2026-09-21T21:11:39.664Z
mcuwwpz,7-letters,7,available,2026-09-21T21:11:40.473Z
pspssvg,7-letters,7,available,2026-09-21T21:11:41.958Z
znirizg,7-letters,7,available,2026-09-21T21:11:43.439Z
,7-letters,7,blocked,2026-09-21T21:11:44.914Z
ubrofaa,7-letters,7,available,2026-09-21T21:11:46.403Z
ltfjccw,7-letters,7,available,2026-09-21T21:11:47.893Z
thiuspa,7-letters,7,available,2026-09-21T21:11:49.387Z
jwnppmm,7-letters,7,available,2026-09-21T21:11:50.891Z
fvkqzrp,7-letters,7,available,2026-09-21T21:11:52.378Z
hbudjgb,7-letters,7,available,2026-09-21T21:11:53.857Z
tpseulk,7-letters,7,available,2026-09-21T21:11:55.337Z
htfodcm,7-letters,7,available,2026-09-21T21:11:56.830Z
xjkifrp,7-letters,7,available,2026-09-21T21:11:58.320Z
jxgnsiv,7-letters,7,available,2026-09-21T21:11:59.817Z
qjdchzf,7-letters,7,available,2026-09-21T21:12:01.302Z
lwrgfhr,7-letters,7,available,2026-09-21T21:12:02.805Z
jyllrma,7-letters,7,available,2026-09-21T21:12:04.285Z
ewdgcms,7-letters,7,available,2026-09-21T21:12:05.776Z
ixbcxod,7-letters,7,available,2026-09-21T21:12:07.264Z
nztdiwr,7-letters,7,available,2026-09-21T21:12:08.755Z
kndodcz,7-letters,7,available,2026-09-21T21:12:10.237Z
qhyxpeb,7-letters,7,available,2026-09-21T21:12:11.721Z
fwixamb,7-letters,7,available,2026-09-21T21:12:12.568Z
clzyysu,7-letters,7,available,2026-09-21T21:12:14.049Z
ymtopty,7-letters,7,available,2026-09-21T21:12:15.532Z
oqjxife,7-letters,7,available,2026-09-21T21:12:17.014Z
ehpyzjp,7-letters,7,available,2026-09-21T21:12:18.496Z
,7-letters,7,blocked,2026-09-21T21:12:19.980Z
pkvjils,7-letters,7,available,2026-09-21T21:12:21.458Z
tyxluhq,7-letters,7,available,2026-09-21T21:12:22.938Z
gxwlsgf,7-letters,7,available,2026-09-21T21:12:24.426Z
,7-letters,7,blocked,2026-09-21T21:12:25.907Z
frolomt,7-letters,7,available,2026-09-21T21:12:27.388Z
cedgwye,7-letters,7,available,2026-09-21T21:12:28.864Z
xlhulkp,7-letters,7,available,2026-09-21T21:12:30.346Z
rijbalm,7-letters,7,available,2026-09-21T21:12:31.826Z
byfjtyw,7-letters,7,available,2026-09-21T21:12:33.306Z
pgvsnhp,7-letters,7,available,2026-09-21T21:12:34.792Z
seywtif,7-letters,7,available,2026-09-21T21:12:36.274Z
,7-letters,7,blocked,2026-09-21T21:12:37.763Z
ydlzwhr,7-letters,7,available,2026-09-21T21:12:39.245Z
zvkjckg,7-letters,7,available,2026-09-21T21:12:40.743Z
gzyuybq,7-letters,7,available,2026-09-21T21:12:42.239Z
,7-letters,7,blocked,2026-09-21T21:12:43.729Z
,7-letters,7,blocked,2026-09-21T21:12:44.545Z
,7-letters,7,blocked,2026-09-21T21:12:46.027Z
hmcehmy,7-letters,7,available,2026-09-21T21:12:47.504Z
ipwsice,7-letters,7,available,2026-09-21T21:12:48.985Z
rtnsbpt,7-letters,7,available,2026-09-21T21:12:50.470Z
plyvequ,7-letters,7,available,2026-09-21T21:12:51.947Z
mylnxrj,7-letters,7,available,2026-09-21T21:12:53.423Z
rpxmokv,7-letters,7,available,2026-09-21T21:12:54.909Z
kwjvxfw,7-letters,7,available,2026-09-21T21:12:56.392Z
xtjcfqj,7-letters,7,available,2026-09-21T21:12:57.879Z
ijuskbc,7-letters,7,available,2026-09-21T21:12:59.359Z
nivcfhj,7-letters,7,taken,2026-09-21T20:26:04.844Z
lkcluyd,7-letters,7,available,2026-09-21T21:13:00.844Z
htgkthb,7-letters,7,available,2026-09-21T21:13:02.328Z
,7-letters,7,blocked,2026-09-21T21:13:03.847Z
vcstodg,7-letters,7,available,2026-09-21T21:13:05.338Z
ikppdjl,7-letters,7,available,2026-09-21T21:13:06.827Z
cjtrhbo,7-letters,7,available,2026-09-21T21:13:08.308Z
rebrlzr,7-letters,7,available,2026-09-21T21:13:09.795Z
,7-letters,7,blocked,2026-09-21T21:13:11.280Z
eanfulz,7-letters,7,available,2026-09-21T21:13:12.759Z
wboqrwe,7-letters,7,available,2026-09-21T21:13:14.239Z
gainuit,7-letters,7,available,2026-09-21T21:13:15.746Z
vnluagy,7-letters,7,available,2026-09-21T21:13:16.612Z
iwkzmfv,7-letters,7,available,2026-09-21T21:13:18.151Z
kkgqmuk,7-letters,7,available,2026-09-21T21:13:19.638Z
kznflsd,7-letters,7,available,2026-09-21T21:13:21.211Z
,7-letters,7,blocked,2026-09-21T21:13:22.694Z
rgniffn,7-letters,7,available,2026-09-21T21:13:24.186Z
wwbymmo,7-letters,7,available,2026-09-21T21:13:25.668Z
sohfudb,7-letters,7,available,2026-09-21T21:13:27.159Z
lkocjtr,7-letters,7,available,2026-09-21T21:13:28.657Z
vqpsqvn,7-letters,7,available,2026-09-21T21:13:30.188Z
lhqywhj,7-letters,7,available,2026-09-21T21:13:31.671Z
szejptk,7-letters,7,available,2026-09-21T21:13:33.153Z
,7-letters,7,blocked,2026-09-21T21:13:34.661Z
wafielm,7-letters,7,available,2026-09-21T21:13:36.140Z
wccxrew,7-letters,7,available,2026-09-21T21:13:37.619Z
rlgyaza,7-letters,7,available,2026-09-21T21:13:39.097Z
,7-letters,7,blocked,2026-09-21T21:13:40.582Z
nvkexzm,7-letters,7,available,2026-09-21T21:13:42.077Z
wnzzwih,7-letters,7,available,2026-09-21T21:13:43.558Z
gyzgsmw,7-letters,7,available,2026-09-21T21:13:45.093Z
rlhaljj,7-letters,7,available,2026-09-21T21:13:46.572Z
gxunmcq,7-letters,7,available,2026-09-21T21:13:47.469Z
vbhqepu,7-letters,7,available,2026-09-21T21:13:48.951Z
ntwolca,7-letters,7,available,2026-09-21T21:13:50.457Z
uwgwjmi,7-letters,7,available,2026-09-21T21:13:51.931Z
ilzhgzq,7-letters,7,available,2026-09-21T21:13:53.408Z
elbirxf,7-letters,7,available,2026-09-21T21:13:54.895Z
yydkzpd,7-letters,7,available,2026-09-21T21:13:56.375Z
kndifnb,7-letters,7,available,2026-09-21T21:13:57.852Z
hqtkzxn,7-letters,7,available,2026-09-21T21:13:59.332Z
vhganud,7-letters,7,available,2026-09-21T21:14:00.811Z
xcjizux,7-letters,7,available,2026-09-21T21:14:02.289Z
jxxmgvz,7-letters,7,available,2026-09-21T21:14:03.767Z
slgkqwq,7-letters,7,available,2026-09-21T21:14:05.253Z
,7-letters,7,blocked,2026-09-21T21:14:06.744Z
kllpeqi,7-letters,7,available,2026-09-21T21:14:08.246Z
kureanj,7-letters,7,available,2026-09-21T21:14:09.729Z
thbgvjw,7-letters,7,available,2026-09-21T21:14:11.221Z
ozhddsj,7-letters,7,available,2026-09-21T21:14:12.707Z
xjronbh,7-letters,7,available,2026-09-21T21:14:14.189Z
poipzge,7-letters,7,available,2026-09-21T21:14:15.677Z
mrckesy,7-letters,7,available,2026-09-21T21:14:17.158Z
qqzcift,7-letters,7,available,2026-09-21T21:14:18.650Z
fvwfyzx,7-letters,7,available,2026-09-21T21:14:19.471Z
ltebvcy,7-letters,7,available,2026-09-21T21:14:20.951Z
uysuzac,7-letters,7,available,2026-09-21T21:14:22.437Z
fopqynz,7-letters,7,available,2026-09-21T21:14:23.922Z
jrgrthf,7-letters,7,available,2026-09-21T21:14:25.414Z
pmhxfqo,7-letters,7,available,2026-09-21T21:14:26.894Z
lcbkfdh,7-letters,7,available,2026-09-21T21:14:28.376Z
eesbiam,7-letters,7,available,2026-09-21T21:14:29.856Z
,7-letters,7,blocked,2026-09-21T21:14:31.340Z
mipgxrs,7-letters,7,available,2026-09-21T21:14:32.871Z
qyueaoh,7-letters,7,available,2026-09-21T21:14:34.353Z
tqebrvn,7-letters,7,available,2026-09-21T21:14:35.838Z
yfkbehu,7-letters,7,available,2026-09-21T21:14:37.325Z
hqwzrwd,7-letters,7,available,2026-09-21T21:14:38.805Z
nhsscpk,7-letters,7,available,2026-09-21T21:14:40.295Z
ignunqo,7-letters,7,available,2026-09-21T21:14:41.777Z
qvrjdev,7-letters,7,available,2026-09-21T21:14:43.269Z
ddzirmm,7-letters,7,available,2026-09-21T21:14:44.744Z
nemxscr,7-letters,7,available,2026-09-21T21:14:46.223Z
zvqrebp,7-letters,7,available,2026-09-21T21:14:47.708Z
zmlnimo,7-letters,7,available,2026-09-21T21:14:49.189Z
twkffit,7-letters,7,available,2026-09-21T21:14:50.001Z
aipcerm,7-letters,7,available,2026-09-21T21:14:51.482Z
hlsnpeq,7-letters,7,available,2026-09-21T21:14:52.968Z
,7-letters,7,blocked,2026-09-21T21:14:54.456Z
nluirjd,7-letters,7,available,2026-09-21T21:14:55.936Z
bbnifau,7-letters,7,available,2026-09-21T21:14:57.414Z
,7-letters,7,blocked,2026-09-21T21:14:58.901Z
vhnidad,7-letters,7,available,2026-09-21T21:15:00.387Z
ztyghio,7-letters,7,taken,2026-09-21T20:26:35.632Z
dbuxgxb,7-letters,7,available,2026-09-21T21:15:01.887Z
evepxsp,7-letters,7,available,2026-09-21T21:15:03.374Z
pddfslf,7-letters,7,available,2026-09-21T21:15:04.858Z
uhspudx,7-letters,7,available,2026-09-21T21:15:06.357Z
alwivao,7-letters,7,available,2026-09-21T21:15:07.848Z
qpqbtlk,7-letters,7,available,2026-09-21T21:15:09.337Z
kvuzfqc,7-letters,7,available,2026-09-21T21:15:10.821Z
ggbzjer,7-letters,7,available,2026-09-21T21:15:12.313Z
vicrsma,7-letters,7,available,2026-09-21T21:15:13.800Z
vokaljh,7-letters,7,available,2026-09-21T21:15:15.283Z
xbczpyw,7-letters,7,available,2026-09-21T21:15:16.765Z
pmzazsd,7-letters,7,available,2026-09-21T21:15:18.256Z
nlmoeyo,7-letters,7,available,2026-09-21T21:15:19.747Z
sdvjree,7-letters,7,available,2026-09-21T21:15:21.245Z
zqphqid,7-letters,7,available,2026-09-21T21:15:22.058Z
fyeumlj,7-letters,7,available,2026-09-21T21:15:23.542Z
ulayjsi,7-letters,7,available,2026-09-21T21:15:25.021Z
lowvuwj,7-letters,7,available,2026-09-21T21:15:26.509Z
nehiemd,7-letters,7,available,2026-09-21T21:15:27.996Z
dlksxcd,7-letters,7,available,2026-09-21T21:15:29.473Z
rbdwgzj,7-letters,7,available,2026-09-21T21:15:30.952Z
flwhzar,7-letters,7,available,2026-09-21T21:15:32.447Z
eytegcn,7-letters,7,available,2026-09-21T21:15:33.926Z
qshnyhv,7-letters,7,available,2026-09-21T21:15:35.419Z
edfiwyi,7-letters,7,available,2026-09-21T21:15:36.902Z
,7-letters,7,blocked,2026-09-21T21:15:38.398Z
wkwwddv,7-letters,7,available,2026-09-21T21:15:39.879Z
enhutdg,7-letters,7,available,2026-09-21T21:15:41.371Z
dhejoov,7-letters,7,available,2026-09-21T21:15:42.856Z
aknqmlz,7-letters,7,available,2026-09-21T21:15:44.344Z
boggxbl,7-letters,7,available,2026-09-21T21:15:45.825Z
akmieof,7-letters,7,available,2026-09-21T21:15:47.318Z
yhzpsss,7-letters,7,available,2026-09-21T21:15:48.802Z
lltcjuw,7-letters,7,available,2026-09-21T21:15:50.286Z
xkrazrp,7-letters,7,available,2026-09-21T21:15:51.770Z
blnphug,7-letters,7,available,2026-09-21T21:15:53.252Z
povznfv,7-letters,7,available,2026-09-21T21:15:54.049Z
,7-letters,7,blocked,2026-09-21T21:15:55.534Z
mqganbv,7-letters,7,available,2026-09-21T21:15:57.020Z
,7-letters,7,blocked,2026-09-21T21:15:58.501Z
hklgsjp,7-letters,7,available,2026-09-21T21:15:59.980Z
pgbttif,7-letters,7,available,2026-09-21T21:16:01.464Z
sbccnkg,7-letters,7,available,2026-09-21T21:16:02.952Z
fyfrkpa,7-letters,7,available,2026-09-21T21:16:04.441Z
kfcyaeg,7-letters,7,available,2026-09-21T21:16:05.925Z
bskczaa,7-letters,7,available,2026-09-21T21:16:07.410Z
ckcpydq,7-letters,7,available,2026-09-21T21:16:08.892Z
guffgar,7-letters,7,taken,2026-09-21T20:26:35.632Z
ylnqfad,7-letters,7,available,2026-09-21T21:16:10.376Z
bgwsfod,7-letters,7,available,2026-09-21T21:16:11.859Z
,7-letters,7,blocked,2026-09-21T21:16:13.340Z
fvbxhqt,7-letters,7,available,2026-09-21T21:16:14.827Z
jbsbwzo,7-letters,7,available,2026-09-21T21:16:16.302Z
fdtgbkp,7-letters,7,available,2026-09-21T21:16:17.788Z
twumbhn,7-letters,7,available,2026-09-21T21:16:19.275Z
euhmqqs,7-letters,7,available,2026-09-21T21:16:20.759Z
cwhswfz,7-letters,7,available,2026-09-21T21:16:22.255Z
eapeeix,7-letters,7,available,2026-09-21T21:16:23.745Z
flkawnl,7-letters,7,available,2026-09-21T21:16:25.241Z
ocklnio,7-letters,7,available,2026-09-21T21:16:26.042Z
jufuyzp,7-letters,7,available,2026-09-21T21:16:27.531Z
sggqoky,7-letters,7,available,2026-09-21T21:16:29.004Z
owpxuqa,7-letters,7,available,2026-09-21T21:16:30.483Z
wftxxko,7-letters,7,available,2026-09-21T21:16:31.958Z
kwiuxlv,7-letters,7,available,2026-09-21T21:16:33.483Z
smglhdi,7-letters,7,available,2026-09-21T21:16:34.969Z
vfvevri,7-letters,7,available,2026-09-21T21:16:36.468Z
aaicbiu,7-letters,7,available,2026-09-21T21:16:37.955Z
lnquvvp,7-letters,7,available,2026-09-21T21:16:39.451Z
ebjahtq,7-letters,7,available,2026-09-21T21:16:40.947Z
jigtbem,7-letters,7,available,2026-09-21T21:16:42.434Z
pqnwnfs,7-letters,7,available,2026-09-21T21:16:43.920Z
rvybjxf,7-letters,7,available,2026-09-21T21:16:45.418Z
jvlcxzm,7-letters,7,available,2026-09-21T21:16:46.906Z
looojrh,7-letters,7,available,2026-09-21T21:16:48.380Z
,7-letters,7,blocked,2026-09-21T21:16:49.864Z
mbpzpoa,7-letters,7,available,2026-09-21T21:16:51.347Z
esbojgo,7-letters,7,available,2026-09-21T21:16:52.835Z
sjgrflf,7-letters,7,available,2026-09-21T21:16:54.319Z
lumulsm,7-letters,7,available,2026-09-21T21:16:55.796Z
wigtzbf,7-letters,7,available,2026-09-21T21:16:56.650Z
skmvadi,7-letters,7,available,2026-09-21T21:16:58.134Z
pzyfdwz,7-letters,7,available,2026-09-21T21:16:59.627Z
jyavthl,7-letters,7,available,2026-09-21T21:17:01.106Z
awvngqe,7-letters,7,available,2026-09-21T21:17:02.592Z
afxpgvz,7-letters,7,available,2026-09-21T21:17:04.084Z
hembwfv,7-letters,7,available,2026-09-21T21:17:05.563Z
kfjlovr,7-letters,7,available,2026-09-21T21:17:07.043Z
cstptwh,7-letters,7,available,2026-09-21T21:17:08.544Z
agnvwed,7-letters,7,available,2026-09-21T21:17:10.071Z
bcvjybl,7-letters,7,available,2026-09-21T21:17:11.560Z
wuhgifd,7-letters,7,available,2026-09-21T21:17:13.046Z
kvkvivc,7-letters,7,available,2026-09-21T21:17:14.538Z
mcjivjz,7-letters,7,available,2026-09-21T21:17:16.021Z
hdbefbq,7-letters,7,available,2026-09-21T21:17:17.511Z
cpsghhn,7-letters,7,available,2026-09-21T21:17:19.020Z
fscowsy,7-letters,7,available,2026-09-21T21:17:20.512Z
ffcgred,7-letters,7,taken,2026-09-21T20:27:06.360Z
haxvxnd,7-letters,7,available,2026-09-21T21:17:21.992Z
xjaexpc,7-letters,7,available,2026-09-21T21:17:23.474Z
wprwwbk,7-letters,7,available,2026-09-21T21:17:24.957Z
bwerqvn,7-letters,7,available,2026-09-21T21:17:26.447Z
jfqssfq,7-letters,7,available,2026-09-21T21:17:27.934Z
jubddyq,7-letters,7,available,2026-09-21T21:17:28.760Z
xioakzw,7-letters,7,available,2026-09-21T21:17:30.239Z
,7-letters,7,blocked,2026-09-21T21:17:31.717Z
,7-letters,7,blocked,2026-09-21T21:17:33.201Z
qcqlewv,7-letters,7,available,2026-09-21T21:17:34.688Z
jwnhfhc,7-letters,7,available,2026-09-21T21:17:36.165Z
mhpshcf,7-letters,7,available,2026-09-21T21:17:37.640Z
kzctoip,7-letters,7,available,2026-09-21T21:17:39.124Z
qmqfxtq,7-letters,7,available,2026-09-21T21:17:40.605Z
rnwvuoq,7-letters,7,available,2026-09-21T21:17:42.089Z
sdkgkse,7-letters,7,available,2026-09-21T21:17:43.576Z
wdcogbi,7-letters,7,available,2026-09-21T21:17:45.068Z
aahdwif,7-letters,7,available,2026-09-21T21:17:46.552Z
njmojti,7-letters,7,available,2026-09-21T21:17:48.033Z
uhglgnq,7-letters,7,available,2026-09-21T21:17:49.522Z
rtvffvl,7-letters,7,available,2026-09-21T21:17:51.009Z
kasqiot,7-letters,7,available,2026-09-21T21:17:52.490Z
ehktone,7-letters,7,available,2026-09-21T21:17:53.971Z
zdhrmdn,7-letters,7,available,2026-09-21T21:17:55.457Z
rpdaxbx,7-letters,7,available,2026-09-21T21:17:56.934Z
loxzmps,7-letters,7,available,2026-09-21T21:17:58.422Z
dxxthou,7-letters,7,available,2026-09-21T21:17:59.905Z
uyuavnb,7-letters,7,available,2026-09-21T21:18:00.728Z
axoxcqy,7-letters,7,available,2026-09-21T21:18:02.214Z
jlbulmb,7-letters,7,available,2026-09-21T21:18:03.701Z
tofzcqv,7-letters,7,available,2026-09-21T21:18:05.186Z
mbfhbri,7-letters,7,available,2026-09-21T21:18:06.663Z
gtxuijc,7-letters,7,available,2026-09-21T21:18:08.155Z
,7-letters,7,blocked,2026-09-21T21:18:09.652Z
nemmpgl,7-letters,7,available,2026-09-21T21:18:11.141Z
mmpqwaw,7-letters,7,available,2026-09-21T21:18:12.626Z
atjfqub,7-letters,7,available,2026-09-21T21:18:14.109Z
gswdbyx,7-letters,7,available,2026-09-21T21:18:15.588Z
icempnn,7-letters,7,available,2026-09-21T21:18:17.066Z
,7-letters,7,blocked,2026-09-21T21:18:18.551Z
ferrixm,7-letters,7,available,2026-09-21T21:18:20.028Z
vbjcwnb,7-letters,7,available,2026-09-21T21:18:21.515Z
pfpkbcf,7-letters,7,available,2026-09-21T21:18:22.994Z
,7-letters,7,blocked,2026-09-21T21:18:24.495Z
pvdjmqk,7-letters,7,available,2026-09-21T21:18:25.980Z
brvasga,7-letters,7,available,2026-09-21T21:18:27.461Z
wakgmws,7-letters,7,available,2026-09-21T21:18:28.946Z
zdvcaai,7-letters,7,available,2026-09-21T21:18:30.424Z
opnclyn,7-letters,7,available,2026-09-21T21:18:31.238Z
nnrjfrm,7-letters,7,available,2026-09-21T21:18:32.729Z
ygoxmzb,7-letters,7,available,2026-09-21T21:18:34.219Z
vzrdopv,7-letters,7,available,2026-09-21T21:18:35.697Z
yciusie,7-letters,7,available,2026-09-21T21:18:37.180Z
nkpvvhw,7-letters,7,available,2026-09-21T21:18:38.655Z
zjyvrab,7-letters,7,available,2026-09-21T21:18:40.136Z
krfeccw,7-letters,7,available,2026-09-21T21:18:41.617Z
qvgqmkv,7-letters,7,available,2026-09-21T21:18:43.096Z
kgnzkic,7-letters,7,available,2026-09-21T21:18:44.577Z
owptmnd,7-letters,7,available,2026-09-21T21:18:46.062Z
nwxwbxg,7-letters,7,available,2026-09-21T21:18:47.548Z
rlcbpwg,7-letters,7,available,2026-09-21T21:18:49.036Z
jdedowq,7-letters,7,available,2026-09-21T21:18:50.518Z
wcbxpih,7-letters,7,available,2026-09-21T21:18:52.004Z
tdmnaky,7-letters,7,available,2026-09-21T21:18:53.496Z
,7-letters,7,blocked,2026-09-21T21:18:54.975Z
rvfxdwr,7-letters,7,available,2026-09-21T21:18:56.456Z
qavulke,7-letters,7,available,2026-09-21T21:18:57.940Z
lzgokhs,7-letters,7,available,2026-09-21T21:18:59.427Z
qdeilyh,7-letters,7,available,2026-09-21T21:19:00.916Z
kywejpb,7-letters,7,available,2026-09-21T21:19:02.398Z
aoiyeab,7-letters,7,available,2026-09-21T21:19:03.213Z
gdcnupo,7-letters,7,available,2026-09-21T21:19:04.687Z
rnqcaod,7-letters,7,available,2026-09-21T21:19:06.173Z
aabcxvm,7-letters,7,available,2026-09-21T21:19:07.667Z
xqurvex,7-letters,7,available,2026-09-21T21:19:09.149Z
udyopbo,7-letters,7,available,2026-09-21T21:19:10.641Z
oqcvdqt,7-letters,7,available,2026-09-21T21:19:12.120Z
jxdlgkq,7-letters,7,available,2026-09-21T21:19:13.601Z
vtlidwq,7-letters,7,available,2026-09-21T21:19:15.084Z
hqkfquz,7-letters,7,available,2026-09-21T21:19:16.563Z
,7-letters,7,blocked,2026-09-21T21:19:18.049Z
bqnehsi,7-letters,7,available,2026-09-21T21:19:19.535Z
mpawouh,7-letters,7,available,2026-09-21T21:19:21.020Z
zafgljm,7-letters,7,available,2026-09-21T21:19:22.505Z
uggovci,7-letters,7,available,2026-09-21T21:19:23.983Z
jiijlma,7-letters,7,available,2026-09-21T21:19:25.470Z
hfjwmhz,7-letters,7,available,2026-09-21T21:19:26.953Z
dwcsfkx,7-letters,7,available,2026-09-21T21:19:28.434Z
rcjlnuq,7-letters,7,available,2026-09-21T21:19:29.918Z
lqcriim,7-letters,7,available,2026-09-21T21:19:31.399Z
zkziunf,7-letters,7,available,2026-09-21T21:19:32.878Z
fpdjuae,7-letters,7,available,2026-09-21T21:19:34.359Z
aoxfyap,7-letters,7,available,2026-09-21T21:19:35.174Z
swhablc,7-letters,7,available,2026-09-21T21:19:36.661Z
lmttqnz,7-letters,7,available,2026-09-21T21:19:38.148Z
qwvwhpe,7-letters,7,available,2026-09-21T21:19:39.655Z
nrmocra,7-letters,7,available,2026-09-21T21:19:41.134Z
huffuee,7-letters,7,available,2026-09-21T21:19:42.615Z
nsdlvyh,7-letters,7,available,2026-09-21T21:19:44.100Z
nnlyuqe,7-letters,7,available,2026-09-21T21:19:45.583Z
lettpkj,7-letters,7,available,2026-09-21T21:19:47.069Z
,7-letters,7,blocked,2026-09-21T21:19:48.551Z
wiidobw,7-letters,7,available,2026-09-21T21:19:50.033Z
glxbuud,7-letters,7,available,2026-09-21T21:19:51.513Z
ptrvifb,7-letters,7,available,2026-09-21T21:19:52.988Z
mblsldf,7-letters,7,available,2026-09-21T21:19:54.467Z
mzxobcm,7-letters,7,available,2026-09-21T21:19:55.951Z
slwwkxs,7-letters,7,available,2026-09-21T21:19:57.431Z
ibnodzy,7-letters,7,available,2026-09-21T21:19:58.913Z
kfbxbmp,7-letters,7,available,2026-09-21T21:20:00.403Z
pxohusi,7-letters,7,available,2026-09-21T21:20:01.880Z
ddjggjl,7-letters,7,available,2026-09-21T21:20:03.360Z
tuzwwxt,7-letters,7,available,2026-09-21T21:20:04.839Z
ldzuenq,7-letters,7,available,2026-09-21T21:20:06.328Z
gsjwtqp,7-letters,7,available,2026-09-21T21:20:07.140Z
cqyrkln,7-letters,7,available,2026-09-21T21:20:08.620Z
kejvufx,7-letters,7,available,2026-09-21T21:20:10.098Z
ngtvwfi,7-letters,7,available,2026-09-21T21:20:11.574Z
ejcroxd,7-letters,7,available,2026-09-21T21:20:13.057Z
juslknn,7-letters,7,available,2026-09-21T21:20:14.536Z
aqibpzx,7-letters,7,available,2026-09-21T21:20:16.020Z
zpfdzeo,7-letters,7,available,2026-09-21T21:20:17.499Z
bbozgot,7-letters,7,available,2026-09-21T21:20:19.026Z
owewobi,7-letters,7,available,2026-09-21T21:20:20.508Z
vspxyzn,7-letters,7,available,2026-09-21T21:20:21.990Z
lzjghqr,7-letters,7,available,2026-09-21T21:20:23.472Z
fxyifog,7-letters,7,available,2026-09-21T21:20:24.952Z
ajhqmvp,7-letters,7,available,2026-09-21T21:20:26.442Z
jlvnhfc,7-letters,7,available,2026-09-21T21:20:27.931Z
lzoehqu,7-letters,7,available,2026-09-21T21:20:29.416Z
ojdgpze,7-letters,7,available,2026-09-21T21:20:30.906Z
mmvyedv,7-letters,7,available,2026-09-21T21:20:32.386Z
iogejbo,7-letters,7,available,2026-09-21T21:20:33.867Z
zfpegvd,7-letters,7,taken,2026-09-21T20:27:36.920Z
krdexpw,7-letters,7,available,2026-09-21T21:20:35.353Z
hzyfeak,7-letters,7,available,2026-09-21T21:20:36.838Z
whqbtod,7-letters,7,available,2026-09-21T21:20:37.710Z
ugbawaj,7-letters,7,available,2026-09-21T21:20:39.189Z
ulzlkvr,7-letters,7,available,2026-09-21T21:20:40.675Z
yajyjxv,7-letters,7,available,2026-09-21T21:20:42.157Z
jkqrptc,7-letters,7,available,2026-09-21T21:20:43.638Z
ywrhfcq,7-letters,7,available,2026-09-21T21:20:45.115Z
,7-letters,7,blocked,2026-09-21T21:20:46.600Z
,7-letters,7,blocked,2026-09-21T21:20:48.083Z
mysyqom,7-letters,7,available,2026-09-21T21:20:49.570Z
bdweqxl,7-letters,7,available,2026-09-21T21:20:51.047Z
,7-letters,7,blocked,2026-09-21T21:20:52.529Z
,7-letters,7,blocked,2026-09-21T21:20:54.007Z
abkllrr,7-letters,7,available,2026-09-21T21:20:55.499Z
wkbkpso,7-letters,7,available,2026-09-21T21:20:57.073Z
muokwjg,7-letters,7,available,2026-09-21T21:20:58.617Z
nglfzlt,7-letters,7,available,2026-09-21T21:21:00.108Z
fdtjmwa,7-letters,7,available,2026-09-21T21:21:01.586Z
wgjwqno,7-letters,7,available,2026-09-21T21:21:03.076Z
ctphkxa,7-letters,7,available,2026-09-21T21:21:04.565Z
ipnqttb,7-letters,7,available,2026-09-21T21:21:06.064Z
ghimviu,7-letters,7,available,2026-09-21T21:21:07.603Z
vxavogn,7-letters,7,available,2026-09-21T21:21:09.115Z
cvngpkw,7-letters,7,available,2026-09-21T21:21:09.940Z
bqnucgq,7-letters,7,available,2026-09-21T21:21:11.465Z
mjtdbgr,7-letters,7,available,2026-09-21T21:21:12.968Z
yccfrfl,7-letters,7,available,2026-09-21T21:21:14.448Z
jylaxrp,7-letters,7,available,2026-09-21T21:21:15.925Z
,7-letters,7,blocked,2026-09-21T21:21:17.461Z
tmtuinf,7-letters,7,available,2026-09-21T21:21:18.943Z
edrzdez,7-letters,7,available,2026-09-21T21:21:20.432Z
uuwxswr,7-letters,7,available,2026-09-21T21:21:21.929Z
,7-letters,7,blocked,2026-09-21T21:21:23.436Z
qnjxdts,7-letters,7,available,2026-09-21T21:21:24.931Z
qiufmjd,7-letters,7,available,2026-09-21T21:21:26.415Z
oqqdxng,7-letters,7,available,2026-09-21T21:21:27.906Z
bavswlo,7-letters,7,available,2026-09-21T21:21:29.402Z
,7-letters,7,blocked,2026-09-21T21:21:30.898Z
avtqulj,7-letters,7,available,2026-09-21T21:21:32.383Z
ylzirbu,7-letters,7,available,2026-09-21T21:21:33.858Z
qejoliv,7-letters,7,available,2026-09-21T21:21:35.355Z
hevlzjp,7-letters,7,available,2026-09-21T21:21:36.861Z
oeuujyk,7-letters,7,available,2026-09-21T21:21:38.437Z
uelxdwh,7-letters,7,available,2026-09-21T21:21:39.918Z
fvgxjgm,7-letters,7,available,2026-09-21T21:21:40.733Z
miorito,7-letters,7,taken,2026-09-21T20:28:07.530Z
lqroptk,7-letters,7,available,2026-09-21T21:21:42.218Z
xrgrvbe,7-letters,7,available,2026-09-21T21:21:43.695Z
xtuuuep,7-letters,7,available,2026-09-21T21:21:45.171Z
gksiiqw,7-letters,7,available,2026-09-21T21:21:46.652Z
,7-letters,7,blocked,2026-09-21T21:21:48.140Z
evyalbw,7-letters,7,available,2026-09-21T21:21:49.618Z
wtmbxxm,7-letters,7,available,2026-09-21T21:21:51.105Z
amekxgh,7-letters,7,available,2026-09-21T21:21:52.582Z
xnirkpt,7-letters,7,available,2026-09-21T21:21:54.069Z
vfejgxz,7-letters,7,available,2026-09-21T21:21:55.557Z
zsjdsvm,7-letters,7,available,2026-09-21T21:21:57.035Z
,7-letters,7,blocked,2026-09-21T21:21:58.520Z
kwkjnjm,7-letters,7,available,2026-09-21T21:22:00.007Z
jpjnqtk,7-letters,7,available,2026-09-21T21:22:01.483Z
mbbhxqi,7-letters,7,available,2026-09-21T21:22:02.970Z
llqmdlq,7-letters,7,available,2026-09-21T21:22:04.459Z
qtqeybr,7-letters,7,available,2026-09-21T21:22:05.945Z
mpvunrt,7-letters,7,available,2026-09-21T21:22:07.439Z
shhrnno,7-letters,7,available,2026-09-21T21:22:08.921Z
vewpxdv,7-letters,7,available,2026-09-21T21:22:10.401Z
zbjymmf,7-letters,7,available,2026-09-21T21:22:11.883Z
bwytawh,7-letters,7,available,2026-09-21T21:22:12.743Z
zkgkace,7-letters,7,available,2026-09-21T21:22:14.229Z
aezjkab,7-letters,7,available,2026-09-21T21:22:15.710Z
,7-letters,7,blocked,2026-09-21T21:22:17.189Z
aoiaukn,7-letters,7,available,2026-09-21T21:22:18.671Z
yqvmyjz,7-letters,7,available,2026-09-21T21:22:20.148Z
navqlkh,7-letters,7,available,2026-09-21T21:22:21.634Z
zxnbrbw,7-letters,7,available,2026-09-21T21:22:23.114Z
wixepbz,7-letters,7,available,2026-09-21T21:22:24.591Z
zrxlozw,7-letters,7,available,2026-09-21T21:22:26.090Z
itkocew,7-letters,7,available,2026-09-21T21:22:27.571Z
udclndw,7-letters,7,available,2026-09-21T21:22:29.056Z
xpnjacr,7-letters,7,available,2026-09-21T21:22:30.544Z
nqznnet,7-letters,7,available,2026-09-21T21:22:32.027Z
hfgedma,7-letters,7,available,2026-09-21T21:22:33.517Z
feygalt,7-letters,7,available,2026-09-21T21:22:35.004Z
aewjppn,7-letters,7,available,2026-09-21T21:22:36.489Z
rwydtyo,7-letters,7,available,2026-09-21T21:22:37.970Z
vgwtquz,7-letters,7,available,2026-09-21T21:22:39.455Z
zyqgbci,7-letters,7,available,2026-09-21T21:22:40.938Z
zekagpf,7-letters,7,available,2026-09-21T21:22:42.423Z
,7-letters,7,blocked,2026-09-21T21:22:43.917Z
idnryxv,7-letters,7,available,2026-09-21T21:22:44.742Z
gqmcxri,7-letters,7,available,2026-09-21T21:22:46.231Z
eiigcds,7-letters,7,available,2026-09-21T21:22:47.714Z
,7-letters,7,blocked,2026-09-21T21:22:49.207Z
ijdeagz,7-letters,7,available,2026-09-21T21:22:50.688Z
mzcuqrj,7-letters,7,available,2026-09-21T21:22:52.180Z
ptbktjw,7-letters,7,available,2026-09-21T21:22:53.661Z
eskhqpe,7-letters,7,available,2026-09-21T21:22:55.161Z
jpxwsee,7-letters,7,available,2026-09-21T21:22:56.643Z
fhtprew,7-letters,7,available,2026-09-21T21:22:58.174Z
oeoejdo,7-letters,7,taken,2026-09-21T20:28:07.530Z
dobmuxe,7-letters,7,available,2026-09-21T21:22:59.662Z
eblcmfe,7-letters,7,available,2026-09-21T21:23:01.309Z
prwbsju,7-letters,7,available,2026-09-21T21:23:02.797Z
oqrizfr,7-letters,7,available,2026-09-21T21:23:04.277Z
dajjvbb,7-letters,7,available,2026-09-21T21:23:05.758Z
dqlvlyf,7-letters,7,available,2026-09-21T21:23:07.250Z
lotnnxu,7-letters,7,available,2026-09-21T21:23:08.731Z
uvnbvue,7-letters,7,available,2026-09-21T21:23:10.228Z
umeifuo,7-letters,7,available,2026-09-21T21:23:11.708Z
hnwshpu,7-letters,7,available,2026-09-21T21:23:13.191Z
etfeeaq,7-letters,7,available,2026-09-21T21:23:14.671Z
wyhoptn,7-letters,7,available,2026-09-21T21:23:15.496Z
slkmvkd,7-letters,7,available,2026-09-21T21:23:16.980Z
uoiddxv,7-letters,7,available,2026-09-21T21:23:18.458Z
tegxjsp,7-letters,7,available,2026-09-21T21:23:19.942Z
txunuew,7-letters,7,available,2026-09-21T21:23:21.426Z
,7-letters,7,blocked,2026-09-21T21:23:22.907Z
uqtfwby,7-letters,7,available,2026-09-21T21:23:24.390Z
wnngsuy,7-letters,7,available,2026-09-21T21:23:25.872Z
wowazik,7-letters,7,taken,2026-09-21T20:28:07.530Z
bemybzp,7-letters,7,available,2026-09-21T21:23:27.362Z
,7-letters,7,blocked,2026-09-21T21:23:28.838Z
lmmjuvu,7-letters,7,available,2026-09-21T21:23:30.325Z
hsrtbuc,7-letters,7,available,2026-09-21T21:23:31.810Z
jyvcjyy,7-letters,7,available,2026-09-21T21:23:33.302Z
nuufsfa,7-letters,7,available,2026-09-21T21:23:34.853Z
qcjwghx,7-letters,7,available,2026-09-21T21:23:36.336Z
dtwxlcb,7-letters,7,available,2026-09-21T21:23:37.812Z
uyzvngn,7-letters,7,available,2026-09-21T21:23:39.295Z
invfilc,7-letters,7,available,2026-09-21T21:23:40.777Z
upuittz,7-letters,7,available,2026-09-21T21:23:42.265Z
xqrszie,7-letters,7,available,2026-09-21T21:23:43.738Z
hzldiqn,7-letters,7,available,2026-09-21T21:23:45.213Z
xcwuknm,7-letters,7,available,2026-09-21T21:23:46.699Z
,7-letters,7,blocked,2026-09-21T21:23:47.519Z
gsjqyzg,7-letters,7,available,2026-09-21T21:23:49.002Z
gmgptkt,7-letters,7,taken,2026-09-21T20:28:07.530Z
wshujjy,7-letters,7,available,2026-09-21T21:23:50.490Z
iumdcnu,7-letters,7,available,2026-09-21T21:23:51.977Z
ysnuilq,7-letters,7,available,2026-09-21T21:23:53.462Z
pdjfpln,7-letters,7,available,2026-09-21T21:23:54.952Z
tyitmvs,7-letters,7,available,2026-09-21T21:23:56.438Z
cinzjmg,7-letters,7,available,2026-09-21T21:23:57.922Z
xgskaqz,7-letters,7,available,2026-09-21T21:23:59.399Z
ehshdrf,7-letters,7,available,2026-09-21T21:24:00.888Z
gqckngd,7-letters,7,available,2026-09-21T21:24:02.369Z
onhvdmj,7-letters,7,available,2026-09-21T21:24:03.853Z
ftemerb,7-letters,7,available,2026-09-21T21:24:05.339Z
kpqbicz,7-letters,7,available,2026-09-21T21:24:06.818Z
lmclfmn,7-letters,7,available,2026-09-21T21:24:08.304Z
oacdeoh,7-letters,7,available,2026-09-21T21:24:09.783Z
yfiigpz,7-letters,7,available,2026-09-21T21:24:11.262Z
zpqecyq,7-letters,7,available,2026-09-21T21:24:12.744Z
hsvsxnb,7-letters,7,available,2026-09-21T21:24:14.223Z
jiwbbuh,7-letters,7,available,2026-09-21T21:24:15.709Z
txrxhqr,7-letters,7,available,2026-09-21T21:24:17.186Z
,7-letters,7,blocked,2026-09-21T21:24:18.667Z
jwijzjc,7-letters,7,available,2026-09-21T21:24:19.487Z
hsavwmv,7-letters,7,available,2026-09-21T21:24:20.968Z
oanlgew,7-letters,7,available,2026-09-21T21:24:22.450Z
kuwocwv,7-letters,7,available,2026-09-21T21:24:23.931Z
xwkncll,7-letters,7,available,2026-09-21T21:24:25.424Z
qfdjakz,7-letters,7,available,2026-09-21T21:24:26.908Z
tubogpj,7-letters,7,available,2026-09-21T21:24:28.389Z
bsyfmrx,7-letters,7,available,2026-09-21T21:24:29.864Z
ubbopwi,7-letters,7,available,2026-09-21T21:24:31.354Z
pvalxtj,7-letters,7,available,2026-09-21T21:24:32.833Z
viurimv,7-letters,7,available,2026-09-21T21:24:34.313Z
jrliwhl,7-letters,7,available,2026-09-21T21:24:35.791Z
nmanciy,7-letters,7,available,2026-09-21T21:24:37.276Z
dimlgde,7-letters,7,available,2026-09-21T21:24:38.760Z
xfnbyso,7-letters,7,available,2026-09-21T21:24:40.241Z
ucxksil,7-letters,7,available,2026-09-21T21:24:41.744Z
gjnylhk,7-letters,7,available,2026-09-21T21:24:43.225Z
vzkgpvm,7-letters,7,available,2026-09-21T21:24:44.709Z
gutlsou,7-letters,7,available,2026-09-21T21:24:46.189Z
ujatrwa,7-letters,7,available,2026-09-21T21:24:47.667Z
xdzpxrr,7-letters,7,available,2026-09-21T21:24:49.153Z
fwzsruh,7-letters,7,available,2026-09-21T21:24:50.638Z
,7-letters,7,blocked,2026-09-21T21:24:51.461Z
pjdaxjn,7-letters,7,available,2026-09-21T21:24:52.939Z
zcqkqkc,7-letters,7,available,2026-09-21T21:24:54.420Z
,7-letters,7,blocked,2026-09-21T21:24:55.901Z
rpcamir,7-letters,7,available,2026-09-21T21:24:57.389Z
durhzmc,7-letters,7,available,2026-09-21T21:24:58.870Z
,7-letters,7,blocked,2026-09-21T21:25:00.353Z
ibssdao,7-letters,7,available,2026-09-21T21:25:01.829Z
klhzfnx,7-letters,7,available,2026-09-21T21:25:03.312Z
qjawtdz,7-letters,7,available,2026-09-21T21:25:04.796Z
ievybzy,7-letters,7,available,2026-09-21T21:25:06.278Z
yfqwqlt,7-letters,7,available,2026-09-21T21:25:07.762Z
vfdbzgy,7-letters,7,available,2026-09-21T21:25:09.246Z
sciiqvr,7-letters,7,available,2026-09-21T21:25:10.726Z
eavbzgd,7-letters,7,available,2026-09-21T21:25:12.203Z
ymzmfdy,7-letters,7,available,2026-09-21T21:25:13.685Z
jepkjjc,7-letters,7,available,2026-09-21T21:25:15.172Z
wsrydpa,7-letters,7,available,2026-09-21T21:25:16.656Z
wtejhhc,7-letters,7,available,2026-09-21T21:25:18.145Z
inimlyx,7-letters,7,available,2026-09-21T21:25:19.631Z
affyoue,7-letters,7,taken,2026-09-21T20:28:38.143Z
yanbdvw,7-letters,7,available,2026-09-21T21:25:21.113Z
wrgnpel,7-letters,7,available,2026-09-21T21:25:21.946Z
zxdckdt,7-letters,7,available,2026-09-21T21:25:23.440Z
uhrglwy,7-letters,7,available,2026-09-21T21:25:24.930Z
fdmiogw,7-letters,7,available,2026-09-21T21:25:26.408Z
egagomp,7-letters,7,available,2026-09-21T21:25:27.896Z
rniapbn,7-letters,7,available,2026-09-21T21:25:29.392Z
vwwlryz,7-letters,7,available,2026-09-21T21:25:30.874Z
cvicxsg,7-letters,7,available,2026-09-21T21:25:32.358Z
nlxehqb,7-letters,7,available,2026-09-21T21:25:33.839Z
vxwwrxb,7-letters,7,available,2026-09-21T21:25:35.317Z
fpdrctk,7-letters,7,available,2026-09-21T21:25:36.797Z
vtrajua,7-letters,7,available,2026-09-21T21:25:38.308Z
lmncnzz,7-letters,7,taken,2026-09-21T20:28:38.143Z
livvwal,7-letters,7,taken,2026-09-21T20:28:38.143Z
jqftymj,7-letters,7,available,2026-09-21T21:25:39.788Z
ffgwdgm,7-letters,7,available,2026-09-21T21:25:41.263Z
knyulbg,7-letters,7,available,2026-09-21T21:25:42.740Z
vzspuwr,7-letters,7,available,2026-09-21T21:25:44.218Z
ozbwlkj,7-letters,7,available,2026-09-21T21:25:45.700Z
rvqjkkg,7-letters,7,available,2026-09-21T21:25:47.184Z
jzidsgw,7-letters,7,available,2026-09-21T21:25:48.667Z
sulsbcm,7-letters,7,available,2026-09-21T21:25:50.145Z
wfaaahw,7-letters,7,available,2026-09-21T21:25:51.627Z
vnhaaqp,7-letters,7,available,2026-09-21T21:25:53.106Z
jatxbdi,7-letters,7,available,2026-09-21T21:25:53.932Z
fvnxkls,7-letters,7,available,2026-09-21T21:25:55.411Z
jmxcpvv,7-letters,7,available,2026-09-21T21:25:56.888Z
pkwblko,7-letters,7,available,2026-09-21T21:25:58.369Z
nreaoqm,7-letters,7,available,2026-09-21T21:25:59.849Z
bvlwtnr,7-letters,7,available,2026-09-21T21:26:01.331Z
degrrmn,7-letters,7,available,2026-09-21T21:26:02.811Z
ycmmquu,7-letters,7,available,2026-09-21T21:26:04.300Z
mkynnww,7-letters,7,available,2026-09-21T21:26:05.794Z
glkteqw,7-letters,7,available,2026-09-21T21:26:07.275Z
hqedvnx,7-letters,7,available,2026-09-21T21:26:08.764Z
,7-letters,7,blocked,2026-09-21T21:26:10.247Z
gmbrezx,7-letters,7,available,2026-09-21T21:26:41.295Z
intgxub,7-letters,7,available,2026-09-21T21:26:42.778Z
xbzkqda,7-letters,7,available,2026-09-21T21:26:44.261Z
xvspgww,7-letters,7,available,2026-09-21T21:26:45.741Z
rerjnzn,7-letters,7,available,2026-09-21T21:26:47.232Z
fhgdazf,7-letters,7,available,2026-09-21T21:26:48.711Z
rrqobus,7-letters,7,available,2026-09-21T21:26:50.209Z
fbduwdk,7-letters,7,available,2026-09-21T21:26:51.693Z
,7-letters,7,blocked,2026-09-21T21:26:53.176Z
jpaqpoc,7-letters,7,available,2026-09-21T21:26:54.661Z
efouyxi,7-letters,7,available,2026-09-21T21:26:56.138Z
ccafmxg,7-letters,7,available,2026-09-21T21:26:56.963Z
,7-letters,7,blocked,2026-09-21T21:26:58.445Z
fftdkbh,7-letters,7,available,2026-09-21T21:26:59.929Z
kwsfnxj,7-letters,7,available,2026-09-21T21:27:01.407Z
mskdnxc,7-letters,7,available,2026-09-21T21:27:02.888Z
vlhzlpb,7-letters,7,available,2026-09-21T21:27:04.362Z
akasgnr,7-letters,7,available,2026-09-21T21:27:05.844Z
lygptfi,7-letters,7,available,2026-09-21T21:27:07.324Z
jznhbit,7-letters,7,available,2026-09-21T21:27:08.808Z
adyfkze,7-letters,7,available,2026-09-21T21:27:10.294Z
wamecon,7-letters,7,taken,2026-09-21T20:29:08.760Z
vvsdqyq,7-letters,7,available,2026-09-21T21:27:11.788Z
tctvsyl,7-letters,7,available,2026-09-21T21:27:13.277Z
tiqpywv,7-letters,7,available,2026-09-21T21:27:14.750Z
djptzis,7-letters,7,available,2026-09-21T21:27:16.232Z
ccsjcvg,7-letters,7,available,2026-09-21T21:27:17.708Z
atqmfqa,7-letters,7,available,2026-09-21T21:27:19.307Z
pbbzgmg,7-letters,7,available,2026-09-21T21:27:20.790Z
uzjypfz,7-letters,7,available,2026-09-21T21:27:22.272Z
hiyjlsh,7-letters,7,available,2026-09-21T21:27:23.752Z
fyjmjcp,7-letters,7,available,2026-09-21T21:27:25.231Z
yxhgoop,7-letters,7,available,2026-09-21T21:27:26.714Z
gpxpjot,7-letters,7,available,2026-09-21T21:27:28.192Z
oxndgei,7-letters,7,available,2026-09-21T21:27:29.007Z
dcezlws,7-letters,7,available,2026-09-21T21:27:30.490Z
hkbazba,7-letters,7,available,2026-09-21T21:27:31.977Z
xtqikpd,7-letters,7,available,2026-09-21T21:27:33.450Z
zphpymu,7-letters,7,available,2026-09-21T21:27:34.932Z
bnkqzvw,7-letters,7,available,2026-09-21T21:27:36.415Z
cxdkfrx,7-letters,7,available,2026-09-21T21:27:37.897Z
iqwvaak,7-letters,7,available,2026-09-21T21:27:39.474Z
cjxxcgq,7-letters,7,available,2026-09-21T21:27:40.960Z
zxaecza,7-letters,7,available,2026-09-21T21:27:42.440Z
vgkodui,7-letters,7,available,2026-09-21T21:27:43.926Z
rpkgfjj,7-letters,7,available,2026-09-21T21:27:45.409Z
uvwydel,7-letters,7,available,2026-09-21T21:27:46.886Z
ndsiimz,7-letters,7,available,2026-09-21T21:27:48.363Z
nppozzf,7-letters,7,available,2026-09-21T21:27:49.840Z
akpgwuf,7-letters,7,available,2026-09-21T21:27:51.319Z
kifdoqb,7-letters,7,available,2026-09-21T21:27:52.798Z
ixrsveg,7-letters,7,available,2026-09-21T21:27:54.273Z
adrmwct,7-letters,7,available,2026-09-21T21:27:55.756Z
zxgmxdf,7-letters,7,available,2026-09-21T21:27:57.241Z
dsqsnsp,7-letters,7,available,2026-09-21T21:27:58.722Z
,7-letters,7,blocked,2026-09-21T21:28:00.199Z
vlfjuwn,7-letters,7,available,2026-09-21T21:28:01.063Z
jpsrbog,7-letters,7,available,2026-09-21T21:28:02.547Z
dmmezfy,7-letters,7,available,2026-09-21T21:28:04.041Z
ngshjme,7-letters,7,available,2026-09-21T21:28:05.525Z
mtczirn,7-letters,7,available,2026-09-21T21:28:07.006Z
hzgkoxp,7-letters,7,available,2026-09-21T21:28:08.495Z
kzuzdfz,7-letters,7,available,2026-09-21T21:28:09.969Z
jhajxgg,7-letters,7,available,2026-09-21T21:28:11.450Z
ubcrkxb,7-letters,7,available,2026-09-21T21:28:12.925Z
jkmktup,7-letters,7,available,2026-09-21T21:28:14.406Z
ntpgtue,7-letters,7,available,2026-09-21T21:28:15.888Z
kdnbnqj,7-letters,7,available,2026-09-21T21:28:17.369Z
wrfuoft,7-letters,7,available,2026-09-21T21:28:18.849Z
zellvna,7-letters,7,taken,2026-09-21T20:29:08.760Z
okrobci,7-letters,7,available,2026-09-21T21:28:20.332Z
whqpsvg,7-letters,7,available,2026-09-21T21:28:21.821Z
hvqqzjz,7-letters,7,available,2026-09-21T21:28:23.308Z
rhddohx,7-letters,7,available,2026-09-21T21:28:24.791Z
cxgklhr,7-letters,7,available,2026-09-21T21:28:26.278Z
ynmmitu,7-letters,7,available,2026-09-21T21:28:27.752Z
ikckcgo,7-letters,7,available,2026-09-21T21:28:29.229Z
habbqcx,7-letters,7,available,2026-09-21T21:28:30.707Z
apcnnxs,7-letters,7,available,2026-09-21T21:28:31.546Z
ydidjno,7-letters,7,available,2026-09-21T21:28:33.028Z
mfyjsms,7-letters,7,available,2026-09-21T21:28:34.506Z
,7-letters,7,blocked,2026-09-21T21:28:35.990Z
vyowqfc,7-letters,7,available,2026-09-21T21:28:37.481Z
uuxregj,7-letters,7,available,2026-09-21T21:28:38.962Z
mebvhee,7-letters,7,available,2026-09-21T21:28:40.439Z
iqzibgv,7-letters,7,available,2026-09-21T21:28:41.925Z
xjpmobl,7-letters,7,available,2026-09-21T21:28:43.404Z
njjvcrh,7-letters,7,available,2026-09-21T21:28:44.884Z
oknyhqw,7-letters,7,available,2026-09-21T21:28:46.373Z
vnowzix,7-letters,7,available,2026-09-21T21:28:47.860Z
zldjpii,7-letters,7,available,2026-09-21T21:28:49.349Z
undpbhg,7-letters,7,available,2026-09-21T21:28:50.848Z
vqhrgbu,7-letters,7,available,2026-09-21T21:28:52.346Z
ciahhwg,7-letters,7,available,2026-09-21T21:28:53.896Z
oqhorpd,7-letters,7,available,2026-09-21T21:28:55.378Z
giekrzw,7-letters,7,available,2026-09-21T21:28:57.028Z
wzhkpfb,7-letters,7,available,2026-09-21T21:28:58.574Z
rbhoqih,7-letters,7,available,2026-09-21T21:29:00.060Z
exanptw,7-letters,7,available,2026-09-21T21:29:01.548Z
kobrfww,7-letters,7,available,2026-09-21T21:29:03.063Z
oqcktvo,7-letters,7,available,2026-09-21T21:29:03.888Z
jslzwqp,7-letters,7,available,2026-09-21T21:29:05.373Z
scnwlci,7-letters,7,available,2026-09-21T21:29:06.865Z
,7-letters,7,blocked,2026-09-21T21:29:08.342Z
kbjvnsw,7-letters,7,available,2026-09-21T21:29:09.837Z
rrfqmvm,7-letters,7,available,2026-09-21T21:29:11.321Z
,7-letters,7,blocked,2026-09-21T21:29:12.800Z
mipgyrw,7-letters,7,available,2026-09-21T21:29:14.280Z
pjypmvk,7-letters,7,available,2026-09-21T21:29:15.766Z
bbrkkus,7-letters,7,available,2026-09-21T21:29:17.241Z
cixbjlc,7-letters,7,available,2026-09-21T21:29:18.717Z
emuaggx,7-letters,7,available,2026-09-21T21:29:20.196Z
byqrrbq,7-letters,7,available,2026-09-21T21:29:21.667Z
xqkopvj,7-letters,7,available,2026-09-21T21:29:23.147Z
zsqyram,7-letters,7,available,2026-09-21T21:29:24.623Z
nwswziu,7-letters,7,available,2026-09-21T21:29:26.108Z
bhoygvk,7-letters,7,available,2026-09-21T21:29:27.587Z
,7-letters,7,blocked,2026-09-21T21:29:29.074Z
auodkro,7-letters,7,available,2026-09-21T21:29:30.556Z
tnyecmc,7-letters,7,available,2026-09-21T21:29:32.038Z
xzordzu,7-letters,7,available,2026-09-21T21:29:33.512Z
ezasczl,7-letters,7,available,2026-09-21T21:29:34.988Z
dfmwhuc,7-letters,7,available,2026-09-21T21:29:35.823Z
tqnsvng,7-letters,7,available,2026-09-21T21:29:37.304Z
kenueqa,7-letters,7,available,2026-09-21T21:29:38.796Z
uphfbcb,7-letters,7,available,2026-09-21T21:29:40.275Z
zinpqiy,7-letters,7,available,2026-09-21T21:29:41.804Z
seosmmz,7-letters,7,available,2026-09-21T21:29:43.309Z
jhzabnv,7-letters,7,available,2026-09-21T21:29:44.790Z
gqspioc,7-letters,7,available,2026-09-21T21:29:46.273Z
zqozdns,7-letters,7,available,2026-09-21T21:29:47.748Z
apkvylb,7-letters,7,available,2026-09-21T21:29:49.240Z
xwbprah,7-letters,7,available,2026-09-21T21:29:50.715Z
,7-letters,7,blocked,2026-09-21T21:29:52.194Z
lajbqkw,7-letters,7,available,2026-09-21T21:29:53.680Z
uardfeu,7-letters,7,available,2026-09-21T21:29:55.158Z
qfxgptx,7-letters,7,available,2026-09-21T21:29:56.637Z
kohlswl,7-letters,7,available,2026-09-21T21:29:58.117Z
cidmmue,7-letters,7,available,2026-09-21T21:29:59.608Z
mbnzgzm,7-letters,7,available,2026-09-21T21:30:01.091Z
eumnlto,7-letters,7,available,2026-09-21T21:30:02.578Z
ydorndy,7-letters,7,available,2026-09-21T21:30:04.061Z
grrempu,7-letters,7,available,2026-09-21T21:30:05.538Z
aogwqsr,7-letters,7,available,2026-09-21T21:30:06.361Z
ulrxxdj,7-letters,7,available,2026-09-21T21:30:07.841Z
wyuyjim,7-letters,7,available,2026-09-21T21:30:09.325Z
cwceiij,7-letters,7,available,2026-09-21T21:30:10.805Z
irtylek,7-letters,7,available,2026-09-21T21:30:12.279Z
xspcgsd,7-letters,7,available,2026-09-21T21:30:13.772Z
xknxdpj,7-letters,7,available,2026-09-21T21:30:15.261Z
tijnaeb,7-letters,7,available,2026-09-21T21:30:16.748Z
yyomlmz,7-letters,7,available,2026-09-21T21:30:18.228Z
zxfqkdr,7-letters,7,available,2026-09-21T21:30:19.716Z
lodzmqk,7-letters,7,available,2026-09-21T21:30:21.196Z
jkcjwuc,7-letters,7,available,2026-09-21T21:30:22.674Z
kqufhbu,7-letters,7,available,2026-09-21T21:30:24.160Z
,7-letters,7,blocked,2026-09-21T21:30:25.638Z
clizwie,7-letters,7,available,2026-09-21T21:30:27.127Z
ahctzki,7-letters,7,available,2026-09-21T21:30:28.613Z
piepgxc,7-letters,7,available,2026-09-21T21:30:30.098Z
mecbhpu,7-letters,7,available,2026-09-21T21:30:31.580Z
ybqxkdw,7-letters,7,available,2026-09-21T21:30:33.057Z
ggnhunz,7-letters,7,available,2026-09-21T21:30:34.541Z
bszjqqd,7-letters,7,available,2026-09-21T21:30:36.020Z
hjthmcm,7-letters,7,available,2026-09-21T21:30:37.508Z
jgzqivz,7-letters,7,available,2026-09-21T21:30:38.335Z
piskoyu,7-letters,7,taken,2026-09-21T20:29:39.368Z
wtrcenn,7-letters,7,available,2026-09-21T21:30:39.817Z
zljamor,7-letters,7,available,2026-09-21T21:30:41.298Z
bwlndyn,7-letters,7,available,2026-09-21T21:30:42.781Z
rjztbzq,7-letters,7,available,2026-09-21T21:30:44.268Z
vusfzlh,7-letters,7,available,2026-09-21T21:30:45.750Z
apwyqgg,7-letters,7,available,2026-09-21T21:30:47.230Z
qadgzqz,7-letters,7,available,2026-09-21T21:30:48.720Z
,7-letters,7,blocked,2026-09-21T21:30:50.206Z
xzsdhhd,7-letters,7,available,2026-09-21T21:30:51.690Z
mnwwoyb,7-letters,7,available,2026-09-21T21:30:53.177Z
afenasz,7-letters,7,available,2026-09-21T21:30:54.666Z
gquejsg,7-letters,7,available,2026-09-21T21:30:56.148Z
nlehayu,7-letters,7,available,2026-09-21T21:30:57.628Z
uscwjuq,7-letters,7,available,2026-09-21T21:30:59.107Z
wbdsirh,7-letters,7,available,2026-09-21T21:31:00.595Z
idorzmq,7-letters,7,available,2026-09-21T21:31:02.077Z
woqgxrn,7-letters,7,available,2026-09-21T21:31:03.575Z
fehqtbi,7-letters,7,available,2026-09-21T21:31:05.053Z
yhwvntj,7-letters,7,available,2026-09-21T21:31:06.547Z
tarnfcm,7-letters,7,available,2026-09-21T21:31:08.034Z
jyfhxtt,7-letters,7,available,2026-09-21T21:31:09.528Z
mgbjkdf,7-letters,7,available,2026-09-21T21:31:10.379Z
mtshbsh,7-letters,7,taken,2026-09-21T20:29:39.368Z
ulrqcbj,7-letters,7,available,2026-09-21T21:31:11.864Z
ocxmtnj,7-letters,7,available,2026-09-21T21:31:13.349Z
oqtszxt,7-letters,7,available,2026-09-21T21:31:14.839Z
qbeikei,7-letters,7,available,2026-09-21T21:31:16.319Z
qsqncfg,7-letters,7,available,2026-09-21T21:31:17.812Z
qnpiclg,7-letters,7,available,2026-09-21T21:31:19.301Z
xcdfgcs,7-letters,7,available,2026-09-21T21:31:20.794Z
radygtr,7-letters,7,taken,2026-09-21T20:29:39.368Z
erzbsvh,7-letters,7,available,2026-09-21T21:31:22.276Z
drmqleh,7-letters,7,available,2026-09-21T21:31:23.760Z
,7-letters,7,blocked,2026-09-21T21:31:25.244Z
ixaichs,7-letters,7,available,2026-09-21T21:31:26.725Z
fmfdwvx,7-letters,7,available,2026-09-21T21:31:28.202Z
vnjnltu,7-letters,7,available,2026-09-21T21:31:29.686Z
bykkblj,7-letters,7,available,2026-09-21T21:31:31.163Z
odbpdhv,7-letters,7,available,2026-09-21T21:31:32.644Z
ofhjekl,7-letters,7,available,2026-09-21T21:31:34.136Z
dppklnh,7-letters,7,available,2026-09-21T21:31:35.616Z
jedugmm,7-letters,7,available,2026-09-21T21:31:37.095Z
kazwpkh,7-letters,7,available,2026-09-21T21:31:38.579Z
rpnovet,7-letters,7,available,2026-09-21T21:31:40.087Z
kjcwywt,7-letters,7,available,2026-09-21T21:31:40.925Z
oljtgpp,7-letters,7,available,2026-09-21T21:31:42.399Z
swivyyr,7-letters,7,available,2026-09-21T21:31:43.880Z
gszvuen,7-letters,7,available,2026-09-21T21:31:45.365Z
vjnilbh,7-letters,7,available,2026-09-21T21:31:46.849Z
qzjgkzf,7-letters,7,available,2026-09-21T21:31:48.325Z
yicncrx,7-letters,7,available,2026-09-21T21:31:49.813Z
kgqfyeb,7-letters,7,available,2026-09-21T21:31:51.292Z
lnetoaf,7-letters,7,available,2026-09-21T21:31:52.777Z
zzsovaz,7-letters,7,available,2026-09-21T21:31:54.265Z
lizftye,7-letters,7,available,2026-09-21T21:31:55.745Z
hwtdhjy,7-letters,7,available,2026-09-21T21:31:57.217Z
etozwgw,7-letters,7,available,2026-09-21T21:31:58.697Z
xmdevne,7-letters,7,available,2026-09-21T21:32:00.177Z
ropjdvy,7-letters,7,taken,2026-09-21T20:30:09.955Z
zjaqout,7-letters,7,available,2026-09-21T21:32:01.661Z
znzpkpr,7-letters,7,available,2026-09-21T21:32:03.141Z
ultkcam,7-letters,7,available,2026-09-21T21:32:04.620Z
qxsfeie,7-letters,7,available,2026-09-21T21:32:06.105Z
akdmrjk,7-letters,7,available,2026-09-21T21:32:07.587Z
aqzhqjf,7-letters,7,available,2026-09-21T21:32:09.063Z
cgfhhuh,7-letters,7,taken,2026-09-21T20:30:09.955Z
ztpevam,7-letters,7,available,2026-09-21T21:32:10.546Z
ooxbrxq,7-letters,7,available,2026-09-21T21:32:12.029Z
zbxmvnz,7-letters,7,taken,2026-09-21T20:30:09.955Z
ygbtsfy,7-letters,7,available,2026-09-21T21:32:12.849Z
gehfosm,7-letters,7,available,2026-09-21T21:32:14.333Z
pmgreie,7-letters,7,available,2026-09-21T21:32:15.812Z
vqtzshq,7-letters,7,available,2026-09-21T21:32:17.299Z
pknthey,7-letters,7,available,2026-09-21T21:32:18.786Z
mmrabwi,7-letters,7,available,2026-09-21T21:32:20.272Z
sfiqlvu,7-letters,7,available,2026-09-21T21:32:21.753Z
yurgswf,7-letters,7,available,2026-09-21T21:32:23.232Z
pqwwmsr,7-letters,7,available,2026-09-21T21:32:24.713Z
nymlroj,7-letters,7,available,2026-09-21T21:32:26.195Z
uxfrkok,7-letters,7,available,2026-09-21T21:32:27.689Z
eceglwp,7-letters,7,available,2026-09-21T21:32:29.174Z
,7-letters,7,blocked,2026-09-21T21:32:30.661Z
pejtbpt,7-letters,7,available,2026-09-21T21:32:32.150Z
dsphqts,7-letters,7,available,2026-09-21T21:32:33.635Z
pkxckcf,7-letters,7,available,2026-09-21T21:32:35.123Z
cgvxxum,7-letters,7,available,2026-09-21T21:32:36.618Z
sjaorlk,7-letters,7,available,2026-09-21T21:32:38.102Z
ekxyadq,7-letters,7,available,2026-09-21T21:32:39.661Z
utypaap,7-letters,7,available,2026-09-21T21:32:41.214Z
jcgpzpn,7-letters,7,available,2026-09-21T21:32:42.705Z
wcmzopu,7-letters,7,available,2026-09-21T21:32:44.180Z
eegdqsr,7-letters,7,available,2026-09-21T21:32:45.002Z
rdfjaea,7-letters,7,available,2026-09-21T21:32:46.480Z
augvkqt,7-letters,7,taken,2026-09-21T20:30:09.955Z
vuxmkwt,7-letters,7,available,2026-09-21T21:32:47.962Z
snedmbk,7-letters,7,available,2026-09-21T21:32:49.446Z
ffgrdrx,7-letters,7,available,2026-09-21T21:32:50.922Z
niuuxbz,7-letters,7,available,2026-09-21T21:32:52.396Z
nbpmwkm,7-letters,7,available,2026-09-21T21:32:53.881Z
fvnjjte,7-letters,7,available,2026-09-21T21:32:55.360Z
rqhnfge,7-letters,7,available,2026-09-21T21:32:56.835Z
,7-letters,7,blocked,2026-09-21T21:32:58.315Z
kxpwuac,7-letters,7,available,2026-09-21T21:32:59.815Z
hbmogef,7-letters,7,available,2026-09-21T21:33:01.296Z
qqtspwq,7-letters,7,available,2026-09-21T21:33:02.780Z
affstds,7-letters,7,available,2026-09-21T21:33:04.255Z
,7-letters,7,blocked,2026-09-21T21:33:05.738Z
xszmpsc,7-letters,7,available,2026-09-21T21:33:07.221Z
ahvlvho,7-letters,7,available,2026-09-21T21:33:08.705Z
zvcxcgx,7-letters,7,available,2026-09-21T21:33:10.184Z
esemqkl,7-letters,7,available,2026-09-21T21:33:11.670Z
bfafxtx,7-letters,7,available,2026-09-21T21:33:13.147Z
ttebjpa,7-letters,7,available,2026-09-21T21:33:14.624Z
hynhrpi,7-letters,7,available,2026-09-21T21:33:16.108Z
ofqkawb,7-letters,7,available,2026-09-21T21:33:16.969Z
uicmvkl,7-letters,7,available,2026-09-21T21:33:18.446Z
kxtyjuy,7-letters,7,available,2026-09-21T21:33:19.917Z
,7-letters,7,blocked,2026-09-21T21:33:21.400Z
htqnldj,7-letters,7,available,2026-09-21T21:33:22.881Z
zctdaks,7-letters,7,available,2026-09-21T21:33:24.359Z
pcjjrgy,7-letters,7,available,2026-09-21T21:33:25.834Z
yvuutco,7-letters,7,available,2026-09-21T21:33:27.321Z
hibkhsi,7-letters,7,available,2026-09-21T21:33:28.800Z
pvqnewr,7-letters,7,available,2026-09-21T21:33:30.289Z
kssxaak,7-letters,7,available,2026-09-21T21:33:31.780Z
ycmgxlk,7-letters,7,available,2026-09-21T21:33:33.258Z
xmlyorp,7-letters,7,available,2026-09-21T21:33:34.748Z
izhegmz,7-letters,7,available,2026-09-21T21:33:36.234Z
uzvfwui,7-letters,7,available,2026-09-21T21:33:37.713Z
wildlvb,7-letters,7,available,2026-09-21T21:33:39.197Z
dxtpqiw,7-letters,7,available,2026-09-21T21:33:40.678Z
,7-letters,7,blocked,2026-09-21T21:33:42.164Z
pkykeyq,7-letters,7,available,2026-09-21T21:33:43.652Z
,7-letters,7,blocked,2026-09-21T21:33:45.132Z
ntxsozo,7-letters,7,available,2026-09-21T21:33:46.624Z
lafvmid,7-letters,7,available,2026-09-21T21:33:47.483Z
loaybmv,7-letters,7,taken,2026-09-21T20:30:40.594Z
khosrdl,7-letters,7,available,2026-09-21T21:33:48.960Z
pkwtoni,7-letters,7,available,2026-09-21T21:33:50.447Z
gnimddj,7-letters,7,available,2026-09-21T21:33:51.933Z
pdhunhx,7-letters,7,available,2026-09-21T21:33:53.414Z
kesvcfd,7-letters,7,available,2026-09-21T21:33:54.898Z
uxcjdyd,7-letters,7,available,2026-09-21T21:33:56.383Z
djwmlrs,7-letters,7,available,2026-09-21T21:33:57.860Z
qmyoobp,7-letters,7,available,2026-09-21T21:33:59.339Z
pujtlxw,7-letters,7,available,2026-09-21T21:34:00.819Z
qnedoqd,7-letters,7,available,2026-09-21T21:34:02.297Z
tjarpft,7-letters,7,available,2026-09-21T21:34:03.783Z
owthqyv,7-letters,7,available,2026-09-21T21:34:05.267Z
pbfxsve,7-letters,7,available,2026-09-21T21:34:06.759Z
ftudcpx,7-letters,7,available,2026-09-21T21:34:08.274Z
ijwzylp,7-letters,7,available,2026-09-21T21:34:09.751Z
pwkdtut,7-letters,7,available,2026-09-21T21:34:11.242Z
msbvsza,7-letters,7,available,2026-09-21T21:34:12.715Z
fjndghu,7-letters,7,available,2026-09-21T21:34:14.203Z
krhuxcs,7-letters,7,taken,2026-09-21T20:30:40.594Z
fobtxmk,7-letters,7,available,2026-09-21T21:34:15.687Z
osvrkhy,7-letters,7,available,2026-09-21T21:34:17.161Z
lcxisai,7-letters,7,available,2026-09-21T21:34:18.643Z
jqnpdsh,7-letters,7,available,2026-09-21T21:34:19.497Z
fioabar,7-letters,7,available,2026-09-21T21:34:20.986Z
ahguecm,7-letters,7,available,2026-09-21T21:34:22.475Z
,7-letters,7,blocked,2026-09-21T21:34:23.959Z
pogplpa,7-letters,7,available,2026-09-21T21:34:25.449Z
ozamglu,7-letters,7,available,2026-09-21T21:34:26.940Z
llwoyys,7-letters,7,available,2026-09-21T21:34:28.426Z
,7-letters,7,blocked,2026-09-21T21:34:29.910Z
cduklhu,7-letters,7,available,2026-09-21T21:34:31.387Z
dsdhigz,7-letters,7,available,2026-09-21T21:34:32.885Z
pihtivv,7-letters,7,available,2026-09-21T21:34:34.368Z
iscrmkb,7-letters,7,available,2026-09-21T21:34:35.845Z
,7-letters,7,blocked,2026-09-21T21:34:37.322Z
vqnurmm,7-letters,7,available,2026-09-21T21:34:38.804Z
bsylhez,7-letters,7,available,2026-09-21T21:34:40.286Z
drjrawz,7-letters,7,available,2026-09-21T21:34:41.760Z
,7-letters,7,blocked,2026-09-21T21:34:43.267Z
anhrczw,7-letters,7,available,2026-09-21T21:34:44.738Z
cltjsgl,7-letters,7,available,2026-09-21T21:34:46.223Z
oskeagl,7-letters,7,available,2026-09-21T21:34:47.709Z
flaagkc,7-letters,7,available,2026-09-21T21:34:49.190Z
quetsbw,7-letters,7,available,2026-09-21T21:34:50.687Z
hrqimnt,7-letters,7,available,2026-09-21T21:34:51.519Z
rhknkgy,7-letters,7,available,2026-09-21T21:34:53.000Z
rxhprzp,7-letters,7,available,2026-09-21T21:34:54.480Z
liugypx,7-letters,7,available,2026-09-21T21:34:55.957Z
mqtrpaf,7-letters,7,available,2026-09-21T21:34:57.445Z
,7-letters,7,blocked,2026-09-21T21:34:58.926Z
hwyadgj,7-letters,7,available,2026-09-21T21:35:00.418Z
,7-letters,7,blocked,2026-09-21T21:35:01.913Z
qplcpqt,7-letters,7,available,2026-09-21T21:35:03.391Z
yunuknf,7-letters,7,available,2026-09-21T21:35:05.187Z
cbmreot,7-letters,7,available,2026-09-21T21:35:06.665Z
txshgnq,7-letters,7,available,2026-09-21T21:35:08.147Z
zhvnolt,7-letters,7,available,2026-09-21T21:35:09.631Z
atngkqx,7-letters,7,available,2026-09-21T21:35:11.113Z
gsdqvpv,7-letters,7,available,2026-09-21T21:35:12.592Z
vhplbfw,7-letters,7,available,2026-09-21T21:35:14.091Z
kqhucfi,7-letters,7,available,2026-09-21T21:35:15.580Z
,7-letters,7,blocked,2026-09-21T21:35:17.062Z
genmabz,7-letters,7,taken,2026-09-21T20:30:40.594Z
lgesigy,7-letters,7,available,2026-09-21T21:35:18.541Z
luqmpjp,7-letters,7,available,2026-09-21T21:35:20.077Z
ennkjuz,7-letters,7,available,2026-09-21T21:35:21.643Z
zxivhbr,7-letters,7,available,2026-09-21T21:35:22.529Z
aubesqe,7-letters,7,available,2026-09-21T21:35:24.019Z
felkofl,7-letters,7,available,2026-09-21T21:35:25.661Z
qymvsqs,7-letters,7,available,2026-09-21T21:35:27.142Z
twncafq,7-letters,7,available,2026-09-21T21:35:28.692Z
jvvcfaa,7-letters,7,available,2026-09-21T21:35:30.202Z
cewukjb,7-letters,7,available,2026-09-21T21:35:31.714Z
,7-letters,7,blocked,2026-09-21T21:35:33.263Z
pipzjsr,7-letters,7,available,2026-09-21T21:35:34.752Z
lihdpru,7-letters,7,available,2026-09-21T21:35:36.236Z
srvivum,7-letters,7,available,2026-09-21T21:35:37.722Z
buxxvbs,7-letters,7,available,2026-09-21T21:35:39.200Z
tyzzrpg,7-letters,7,available,2026-09-21T21:35:40.684Z
brreyhv,7-letters,7,available,2026-09-21T21:35:42.181Z
jwljecp,7-letters,7,available,2026-09-21T21:35:43.726Z
sqbeqcz,7-letters,7,available,2026-09-21T21:35:45.201Z
hjmwmoc,7-letters,7,available,2026-09-21T21:35:46.725Z
xcezkzo,7-letters,7,available,2026-09-21T21:35:48.287Z
wksjywp,7-letters,7,available,2026-09-21T21:35:49.786Z
kpmuefy,7-letters,7,available,2026-09-21T21:35:51.284Z
wsqibir,7-letters,7,available,2026-09-21T21:35:52.784Z
fanmdon,7-letters,7,taken,2026-09-21T20:30:40.594Z
zhlibqw,7-letters,7,available,2026-09-21T21:35:54.266Z
jcggcko,7-letters,7,available,2026-09-21T21:35:55.135Z
epwzhve,7-letters,7,available,2026-09-21T21:35:56.626Z
bffycqo,7-letters,7,available,2026-09-21T21:35:58.118Z
bbrtcmm,7-letters,7,available,2026-09-21T21:35:59.602Z
cmmiuun,7-letters,7,available,2026-09-21T21:36:01.094Z
rmlopny,7-letters,7,available,2026-09-21T21:36:02.571Z
wfeuhtp,7-letters,7,available,2026-09-21T21:36:04.058Z
puvxdpj,7-letters,7,available,2026-09-21T21:36:05.535Z
nnnhtji,7-letters,7,available,2026-09-21T21:36:07.017Z
imszkxo,7-letters,7,available,2026-09-21T21:36:08.497Z
ppeisve,7-letters,7,available,2026-09-21T21:36:09.978Z
ajjhjth,7-letters,7,available,2026-09-21T21:36:11.460Z
mzdglhy,7-letters,7,available,2026-09-21T21:36:12.938Z
ysdeidt,7-letters,7,available,2026-09-21T21:36:14.414Z
qfojprl,7-letters,7,available,2026-09-21T21:36:15.896Z
gxwrhkj,7-letters,7,available,2026-09-21T21:36:17.376Z
qlepnzg,7-letters,7,available,2026-09-21T21:36:18.859Z
qaapdwj,7-letters,7,available,2026-09-21T21:36:20.338Z
ufnswzt,7-letters,7,available,2026-09-21T21:36:21.810Z
mvlpkxw,7-letters,7,available,2026-09-21T21:36:23.295Z
zbgawgi,7-letters,7,available,2026-09-21T21:36:24.775Z
zzxuoeq,7-letters,7,available,2026-09-21T21:36:25.612Z
efberzj,7-letters,7,available,2026-09-21T21:36:27.095Z
gvnduyi,7-letters,7,available,2026-09-21T21:36:28.572Z
ewxcovl,7-letters,7,available,2026-09-21T21:36:30.053Z
dffhdbo,7-letters,7,available,2026-09-21T21:36:31.530Z
lheifyc,7-letters,7,available,2026-09-21T21:36:33.005Z
ufacdxg,7-letters,7,available,2026-09-21T21:36:34.483Z
ssruugj,7-letters,7,taken,2026-09-21T20:31:11.185Z
hawslty,7-letters,7,available,2026-09-21T21:36:35.956Z
cnztmnf,7-letters,7,available,2026-09-21T21:36:37.431Z
tgprfzt,7-letters,7,available,2026-09-21T21:36:38.913Z
yfpzufd,7-letters,7,available,2026-09-21T21:36:40.390Z
jvryzes,7-letters,7,available,2026-09-21T21:36:41.871Z
oaaqhmh,7-letters,7,available,2026-09-21T21:36:43.351Z
ermxutd,7-letters,7,available,2026-09-21T21:36:44.829Z
jqkvquc,7-letters,7,available,2026-09-21T21:36:46.298Z
pgddzun,7-letters,7,available,2026-09-21T21:36:47.778Z
udzkofq,7-letters,7,available,2026-09-21T21:36:49.355Z
zdnmqqf,7-letters,7,available,2026-09-21T21:36:50.835Z
behuyvb,7-letters,7,available,2026-09-21T21:36:52.308Z
kqvgbik,7-letters,7,available,2026-09-21T21:36:53.792Z
dqefzra,7-letters,7,available,2026-09-21T21:36:55.272Z
zxjtrfv,7-letters,7,available,2026-09-21T21:36:56.754Z
ucfyzkg,7-letters,7,available,2026-09-21T21:36:57.613Z
isoxsid,7-letters,7,taken,2026-09-21T20:31:11.185Z
,7-letters,7,blocked,2026-09-21T21:36:59.091Z
clngzti,7-letters,7,available,2026-09-21T21:37:00.571Z
xwxoidl,7-letters,7,available,2026-09-21T21:37:02.048Z
ldaywtx,7-letters,7,available,2026-09-21T21:37:03.530Z
tkzttgx,7-letters,7,available,2026-09-21T21:37:05.009Z
jytuxxh,7-letters,7,available,2026-09-21T21:37:06.494Z
lgkhaso,7-letters,7,available,2026-09-21T21:37:07.975Z
rmmqjcy,7-letters,7,available,2026-09-21T21:37:09.456Z
anmnwsy,7-letters,7,available,2026-09-21T21:37:10.939Z
hchuigq,7-letters,7,available,2026-09-21T21:37:12.422Z
jiatxok,7-letters,7,available,2026-09-21T21:37:13.906Z
thyszkm,7-letters,7,available,2026-09-21T21:37:15.390Z
rrsztqm,7-letters,7,available,2026-09-21T21:37:16.869Z
iaglbxq,7-letters,7,available,2026-09-21T21:37:18.351Z
cqsjomz,7-letters,7,available,2026-09-21T21:37:19.832Z
yhiqsrt,7-letters,7,available,2026-09-21T21:37:21.314Z
,7-letters,7,blocked,2026-09-21T21:37:22.790Z
dasrfzb,7-letters,7,available,2026-09-21T21:37:24.269Z
dyvffuz,7-letters,7,available,2026-09-21T21:37:25.747Z
ocniatr,7-letters,7,available,2026-09-21T21:37:27.227Z
ijbrpdt,7-letters,7,available,2026-09-21T21:37:28.712Z
yojrnqc,7-letters,7,available,2026-09-21T21:37:29.563Z
kuxbkoy,7-letters,7,available,2026-09-21T21:37:31.043Z
kwskjsc,7-letters,7,available,2026-09-21T21:37:32.524Z
ibsetms,7-letters,7,available,2026-09-21T21:37:34.008Z
qdjcfuh,7-letters,7,available,2026-09-21T21:37:35.487Z
kswsbqh,7-letters,7,available,2026-09-21T21:37:36.978Z
ixvdwhu,7-letters,7,available,2026-09-21T21:37:38.459Z
coexlmg,7-letters,7,available,2026-09-21T21:37:39.946Z
xryrpjq,7-letters,7,available,2026-09-21T21:37:41.425Z
zenbtiy,7-letters,7,taken,2026-09-21T20:31:11.185Z
btobqki,7-letters,7,available,2026-09-21T21:37:42.907Z
hrfggob,7-letters,7,available,2026-09-21T21:37:44.386Z
,7-letters,7,blocked,2026-09-21T21:37:45.876Z
dkfvwpm,7-letters,7,available,2026-09-21T21:37:47.362Z
imsffpd,7-letters,7,available,2026-09-21T21:37:48.847Z
xvdsnnq,7-letters,7,available,2026-09-21T21:37:50.324Z
tnvupgx,7-letters,7,available,2026-09-21T21:37:51.811Z
spgyqvb,7-letters,7,available,2026-09-21T21:37:53.288Z
odlkovl,7-letters,7,available,2026-09-21T21:37:54.776Z
gvzppab,7-letters,7,available,2026-09-21T21:37:56.252Z
ifprjnv,7-letters,7,available,2026-09-21T21:37:57.728Z
njovjyk,7-letters,7,available,2026-09-21T21:37:59.211Z
wgbxowj,7-letters,7,available,2026-09-21T21:38:00.784Z
hhbxmev,7-letters,7,available,2026-09-21T21:38:01.625Z
ocjjnxs,7-letters,7,available,2026-09-21T21:38:03.105Z
vjiafpy,7-letters,7,available,2026-09-21T21:38:04.585Z
xllkaac,7-letters,7,available,2026-09-21T21:38:06.069Z
lpdpyrp,7-letters,7,available,2026-09-21T21:38:07.550Z
kvidwxg,7-letters,7,available,2026-09-21T21:38:09.038Z
uxqlktg,7-letters,7,available,2026-09-21T21:38:10.527Z
dbfgnpu,7-letters,7,available,2026-09-21T21:38:12.014Z
sbheuph,7-letters,7,available,2026-09-21T21:38:13.492Z
eagmxkp,7-letters,7,available,2026-09-21T21:38:14.970Z
aplwnfo,7-letters,7,available,2026-09-21T21:38:16.446Z
wrwlafb,7-letters,7,available,2026-09-21T21:38:17.929Z
zfnvbvm,7-letters,7,available,2026-09-21T21:38:19.419Z
kgwizdx,7-letters,7,available,2026-09-21T21:38:20.901Z
wdofttt,7-letters,7,available,2026-09-21T21:38:22.382Z
gjtdxpn,7-letters,7,available,2026-09-21T21:38:23.865Z
jxvruic,7-letters,7,available,2026-09-21T21:38:25.351Z
vjkvnsi,7-letters,7,available,2026-09-21T21:38:26.830Z
lhdexmj,7-letters,7,available,2026-09-21T21:38:28.320Z
fjjanol,7-letters,7,available,2026-09-21T21:38:29.802Z
wjjdfwc,7-letters,7,available,2026-09-21T21:38:31.289Z
ixyrsoh,7-letters,7,available,2026-09-21T21:38:32.126Z
hwjnspb,7-letters,7,available,2026-09-21T21:38:33.610Z
opkwswh,7-letters,7,available,2026-09-21T21:38:35.085Z
qhlfymb,7-letters,7,available,2026-09-21T21:38:36.559Z
gnhuopj,7-letters,7,available,2026-09-21T21:38:38.035Z
mfhhdsr,7-letters,7,available,2026-09-21T21:38:39.513Z
nesjkjb,7-letters,7,available,2026-09-21T21:38:40.987Z
ueuharg,7-letters,7,available,2026-09-21T21:38:42.472Z
ivkpchc,7-letters,7,available,2026-09-21T21:38:43.956Z
hbdhims,7-letters,7,taken,2026-09-21T20:31:41.751Z
rmofomi,7-letters,7,available,2026-09-21T21:38:45.432Z
icavrbl,7-letters,7,available,2026-09-21T21:38:46.909Z
vrlreha,7-letters,7,available,2026-09-21T21:38:48.396Z
kadopyr,7-letters,7,available,2026-09-21T21:38:49.881Z
hepbmqd,7-letters,7,available,2026-09-21T21:38:51.358Z
xqmcfem,7-letters,7,available,2026-09-21T21:38:52.842Z
gheklbg,7-letters,7,available,2026-09-21T21:38:54.321Z
txbytil,7-letters,7,available,2026-09-21T21:38:55.813Z
lfswwdx,7-letters,7,available,2026-09-21T21:38:57.293Z
ldzvaau,7-letters,7,available,2026-09-21T21:38:58.774Z
vumkdvo,7-letters,7,available,2026-09-21T21:39:00.260Z
,7-letters,7,blocked,2026-09-21T21:39:01.743Z
dljhscn,7-letters,7,available,2026-09-21T21:39:03.227Z
opwrcyi,7-letters,7,available,2026-09-21T21:39:04.077Z
,7-letters,7,blocked,2026-09-21T21:39:05.555Z
ssphclk,7-letters,7,available,2026-09-21T21:39:07.035Z
orvkldb,7-letters,7,available,2026-09-21T21:39:08.515Z
gkqrpst,7-letters,7,available,2026-09-21T21:39:09.998Z
nfnmngc,7-letters,7,available,2026-09-21T21:39:11.484Z
dyljulc,7-letters,7,taken,2026-09-21T20:31:41.751Z
,7-letters,7,blocked,2026-09-21T21:39:12.968Z
soknozf,7-letters,7,available,2026-09-21T21:39:14.442Z
trhpcch,7-letters,7,available,2026-09-21T21:39:15.918Z
hnmdehk,7-letters,7,available,2026-09-21T21:39:17.404Z
ntksckpe,8-letters,8,available,2026-09-21T21:39:18.885Z
xoqpgcer,8-letters,8,available,2026-09-21T21:39:20.367Z
buynhbdg,8-letters,8,available,2026-09-21T21:39:21.841Z
dmruhuds,8-letters,8,available,2026-09-21T21:39:23.321Z
,8-letters,8,blocked,2026-09-21T21:39:24.803Z
usonumoz,8-letters,8,available,2026-09-21T21:39:26.285Z
,8-letters,8,blocked,2026-09-21T21:39:27.760Z
pdaaikad,8-letters,8,available,2026-09-21T21:39:29.247Z
gjjaecvj,8-letters,8,available,2026-09-21T21:39:30.743Z
lxnxvbux,8-letters,8,available,2026-09-21T21:39:32.229Z
oxcwhqgi,8-letters,8,available,2026-09-21T21:39:33.710Z
vsbyiguf,8-letters,8,available,2026-09-21T21:39:35.198Z
ksmqiweq,8-letters,8,available,2026-09-21T21:39:36.051Z
tpoazkox,8-letters,8,available,2026-09-21T21:39:37.546Z
njbhvugn,8-letters,8,available,2026-09-21T21:39:39.024Z
,8-letters,8,blocked,2026-09-21T21:39:40.516Z
oyxzymqk,8-letters,8,available,2026-09-21T21:39:41.994Z
mczqquvp,8-letters,8,available,2026-09-21T21:39:43.480Z
bhariukb,8-letters,8,available,2026-09-21T21:39:44.961Z
nywuniht,8-letters,8,available,2026-09-21T21:39:46.448Z
njtdvbbi,8-letters,8,available,2026-09-21T21:39:47.927Z
ckqnixsi,8-letters,8,available,2026-09-21T21:39:49.415Z
ecgoxlmu,8-letters,8,available,2026-09-21T21:39:50.899Z
inaxrudp,8-letters,8,available,2026-09-21T21:39:52.376Z
mqphbcxo,8-letters,8,available,2026-09-21T21:39:53.856Z
khipezvs,8-letters,8,available,2026-09-21T21:39:55.337Z
qjalzikx,8-letters,8,available,2026-09-21T21:39:56.824Z
vjghijlh,8-letters,8,available,2026-09-21T21:39:58.310Z
hcquazsn,8-letters,8,available,2026-09-21T21:39:59.799Z
rviarvsv,8-letters,8,available,2026-09-21T21:40:01.274Z
,8-letters,8,blocked,2026-09-21T21:40:02.765Z
,8-letters,8,blocked,2026-09-21T21:40:04.242Z
jeyosmwf,8-letters,8,available,2026-09-21T21:40:05.731Z
lyqtekcd,8-letters,8,available,2026-09-21T21:40:07.212Z
qnrxhhkv,8-letters,8,available,2026-09-21T21:40:08.057Z
tgpoqipt,8-letters,8,available,2026-09-21T21:40:09.530Z
saftsmes,8-letters,8,available,2026-09-21T21:40:11.019Z
voipzqlr,8-letters,8,available,2026-09-21T21:40:12.497Z
uhhozpxv,8-letters,8,available,2026-09-21T21:40:14.002Z
hydtwmac,8-letters,8,available,2026-09-21T21:40:15.482Z
esjfsxih,8-letters,8,available,2026-09-21T21:40:16.970Z
frrdldku,8-letters,8,available,2026-09-21T21:40:18.453Z
liherspn,8-letters,8,available,2026-09-21T21:40:19.940Z
vzmzbogp,8-letters,8,available,2026-09-21T21:40:21.424Z
rfhyozkx,8-letters,8,available,2026-09-21T21:40:22.905Z
wlurutvw,8-letters,8,available,2026-09-21T21:40:24.390Z
fzonhvux,8-letters,8,available,2026-09-21T21:40:25.877Z
iinklavo,8-letters,8,available,2026-09-21T21:40:27.362Z
qyqfszze,8-letters,8,available,2026-09-21T21:40:28.854Z
siaxwblk,8-letters,8,available,2026-09-21T21:40:30.345Z
foqozkxq,8-letters,8,available,2026-09-21T21:40:31.837Z
mthiuhiu,8-letters,8,available,2026-09-21T21:40:33.310Z
ezriiegq,8-letters,8,available,2026-09-21T21:40:34.801Z
ftgewpwr,8-letters,8,available,2026-09-21T21:40:36.271Z
tpdjwwgs,8-letters,8,available,2026-09-21T21:40:37.748Z
votirlfp,8-letters,8,available,2026-09-21T21:40:38.588Z
gaiiwchv,8-letters,8,available,2026-09-21T21:40:40.066Z
hfaqsbcr,8-letters,8,available,2026-09-21T21:40:41.548Z
xdeoagjs,8-letters,8,available,2026-09-21T21:40:43.031Z
mmjvgknc,8-letters,8,available,2026-09-21T21:40:44.505Z
hfbfjcyw,8-letters,8,available,2026-09-21T21:40:45.990Z
zmekketf,8-letters,8,available,2026-09-21T21:40:47.477Z
rqzqwdhv,8-letters,8,available,2026-09-21T21:40:48.960Z
ijeprhzc,8-letters,8,available,2026-09-21T21:40:50.447Z
zsfacolp,8-letters,8,available,2026-09-21T21:40:51.929Z
,8-letters,8,blocked,2026-09-21T21:40:53.410Z
elcaahor,8-letters,8,available,2026-09-21T21:40:54.897Z
xrjwopci,8-letters,8,available,2026-09-21T21:40:56.379Z
eolmpolx,8-letters,8,available,2026-09-21T21:40:57.856Z
ngmtpalw,8-letters,8,available,2026-09-21T21:40:59.331Z
mnrnyivg,8-letters,8,available,2026-09-21T21:41:00.814Z
,8-letters,8,blocked,2026-09-21T21:41:02.338Z
usbrhelh,8-letters,8,available,2026-09-21T21:41:03.820Z
fswgafre,8-letters,8,available,2026-09-21T21:41:05.305Z
brzhsfdq,8-letters,8,available,2026-09-21T21:41:06.787Z
ktehqzjm,8-letters,8,available,2026-09-21T21:41:08.270Z
,8-letters,8,blocked,2026-09-21T21:41:09.750Z
criwkrfs,8-letters,8,available,2026-09-21T21:41:10.594Z
atujqquk,8-letters,8,available,2026-09-21T21:41:12.079Z
uzgaqehq,8-letters,8,available,2026-09-21T21:41:13.565Z
olnvscwt,8-letters,8,available,2026-09-21T21:41:15.041Z
liywnaze,8-letters,8,available,2026-09-21T21:41:16.525Z
nhullbrl,8-letters,8,available,2026-09-21T21:41:18.004Z
sxzwbrco,8-letters,8,available,2026-09-21T21:41:19.483Z
jxdebanb,8-letters,8,available,2026-09-21T21:41:20.964Z
trvdrwsr,8-letters,8,available,2026-09-21T21:41:22.446Z
qvtbhlmm,8-letters,8,available,2026-09-21T21:41:23.926Z
alxggrqh,8-letters,8,available,2026-09-21T21:41:25.407Z
ncafupxr,8-letters,8,available,2026-09-21T21:41:26.900Z
,8-letters,8,blocked,2026-09-21T21:41:28.387Z
,8-letters,8,blocked,2026-09-21T21:41:29.863Z
bwuoniua,8-letters,8,available,2026-09-21T21:41:31.345Z
vyxeubxd,8-letters,8,available,2026-09-21T21:41:32.838Z
qbxkfsoy,8-letters,8,available,2026-09-21T21:41:34.318Z
xxbwhlag,8-letters,8,available,2026-09-21T21:41:35.803Z
,8-letters,8,blocked,2026-09-21T21:41:37.289Z
rlrclxwf,8-letters,8,available,2026-09-21T21:41:38.782Z
nujwjagn,8-letters,8,available,2026-09-21T21:41:40.259Z
,8-letters,8,blocked,2026-09-21T21:41:41.748Z
yezelrrs,8-letters,8,available,2026-09-21T21:41:42.590Z
izmixdfp,8-letters,8,available,2026-09-21T21:41:44.077Z
evbfaskk,8-letters,8,available,2026-09-21T21:41:45.555Z
zqtuxitd,8-letters,8,available,2026-09-21T21:41:47.039Z
ubskcqyb,8-letters,8,available,2026-09-21T21:41:48.520Z
,8-letters,8,blocked,2026-09-21T21:41:50.018Z
rogboklf,8-letters,8,available,2026-09-21T21:41:51.498Z
imdpjbwt,8-letters,8,available,2026-09-21T21:41:52.981Z
skxzdskh,8-letters,8,available,2026-09-21T21:41:54.464Z
gnuvtynp,8-letters,8,available,2026-09-21T21:41:55.943Z
oaxgrlqx,8-letters,8,available,2026-09-21T21:41:57.428Z
vlmmoyok,8-letters,8,available,2026-09-21T21:41:58.903Z
sebpwnfr,8-letters,8,available,2026-09-21T21:42:00.381Z
eajwcigc,8-letters,8,available,2026-09-21T21:42:01.869Z
vrwmbzkh,8-letters,8,available,2026-09-21T21:42:03.354Z
ddoxrdof,8-letters,8,available,2026-09-21T21:42:04.840Z
lcwqsuwt,8-letters,8,available,2026-09-21T21:42:06.319Z
,8-letters,8,blocked,2026-09-21T21:42:07.802Z
uhgieiwr,8-letters,8,available,2026-09-21T21:42:09.290Z
,8-letters,8,blocked,2026-09-21T21:42:10.766Z
ocnccahj,8-letters,8,available,2026-09-21T21:42:12.246Z
ziytxpgq,8-letters,8,available,2026-09-21T21:42:13.727Z
ocxeusjp,8-letters,8,available,2026-09-21T21:42:14.566Z
qhhnnyxy,8-letters,8,available,2026-09-21T21:42:16.042Z
dyzsmohy,8-letters,8,available,2026-09-21T21:42:17.523Z
yeqggonu,8-letters,8,available,2026-09-21T21:42:19.006Z
gxeffuiy,8-letters,8,available,2026-09-21T21:42:20.500Z
ptinaqxg,8-letters,8,available,2026-09-21T21:42:21.979Z
ptrxnwah,8-letters,8,available,2026-09-21T21:42:23.459Z
namhzwhf,8-letters,8,available,2026-09-21T21:42:24.947Z
togbkzha,8-letters,8,available,2026-09-21T21:42:26.433Z
xsopcdzn,8-letters,8,available,2026-09-21T21:42:27.931Z
stgsgglg,8-letters,8,available,2026-09-21T21:42:29.422Z
wigvhqmn,8-letters,8,available,2026-09-21T21:42:30.915Z
,8-letters,8,blocked,2026-09-21T21:42:32.396Z
vktkclxn,8-letters,8,available,2026-09-21T21:42:33.882Z
dfjteont,8-letters,8,available,2026-09-21T21:42:35.367Z
phzemsvm,8-letters,8,available,2026-09-21T21:42:36.866Z
tkdzyama,8-letters,8,available,2026-09-21T21:42:38.354Z
lgrgynpm,8-letters,8,available,2026-09-21T21:42:39.850Z
uofgdwvs,8-letters,8,available,2026-09-21T21:42:41.491Z
ffdrfywl,8-letters,8,available,2026-09-21T21:42:43.062Z
cfzmzkgr,8-letters,8,available,2026-09-21T21:42:44.553Z
dpchbvww,8-letters,8,available,2026-09-21T21:42:45.452Z
schyxgtn,8-letters,8,available,2026-09-21T21:42:46.944Z
,8-letters,8,blocked,2026-09-21T21:42:48.476Z
uaxmcics,8-letters,8,available,2026-09-21T21:42:50.037Z
qtvoyabf,8-letters,8,available,2026-09-21T21:42:51.513Z
rvcnwuuc,8-letters,8,available,2026-09-21T21:42:53.166Z
zffomjri,8-letters,8,available,2026-09-21T21:42:54.734Z
tcmliwsa,8-letters,8,available,2026-09-21T21:42:56.273Z
bnpxsgpw,8-letters,8,available,2026-09-21T21:42:57.869Z
ujvvgumv,8-letters,8,available,2026-09-21T21:42:59.439Z
wjmbyegc,8-letters,8,available,2026-09-21T21:43:00.980Z
rxlaowam,8-letters,8,available,2026-09-21T21:43:02.467Z
jferjslg,8-letters,8,available,2026-09-21T21:43:03.945Z
tjykyeke,8-letters,8,available,2026-09-21T21:43:05.432Z
vizlffrb,8-letters,8,available,2026-09-21T21:43:06.926Z
qosqotwu,8-letters,8,available,2026-09-21T21:43:08.533Z
nlcyyzmu,8-letters,8,available,2026-09-21T21:43:10.010Z
hyitkdkv,8-letters,8,available,2026-09-21T21:43:11.497Z
rromvmhw,8-letters,8,available,2026-09-21T21:43:13.013Z
xglvcjdr,8-letters,8,available,2026-09-21T21:43:14.517Z
koevvmng,8-letters,8,available,2026-09-21T21:43:16.010Z
lvumhqcs,8-letters,8,available,2026-09-21T21:43:16.859Z
wyxtxvwh,8-letters,8,available,2026-09-21T21:43:18.345Z
voshqkqh,8-letters,8,available,2026-09-21T21:43:19.827Z
xzfekzik,8-letters,8,available,2026-09-21T21:43:21.314Z
,8-letters,8,blocked,2026-09-21T21:43:22.933Z
vgxnrqfq,8-letters,8,available,2026-09-21T21:43:24.419Z
tgeisgya,8-letters,8,available,2026-09-21T21:43:25.909Z
wedhuutm,8-letters,8,available,2026-09-21T21:43:27.397Z
,8-letters,8,blocked,2026-09-21T21:43:28.872Z
gezfgntr,8-letters,8,available,2026-09-21T21:43:30.352Z
ryzlakai,8-letters,8,available,2026-09-21T21:43:31.824Z
yalksimt,8-letters,8,available,2026-09-21T21:43:33.306Z
,8-letters,8,blocked,2026-09-21T21:43:34.790Z
oibgofqj,8-letters,8,available,2026-09-21T21:43:36.276Z
ofolvwre,8-letters,8,available,2026-09-21T21:43:37.763Z
pfxpkobj,8-letters,8,available,2026-09-21T21:43:39.246Z
ktjtorqn,8-letters,8,available,2026-09-21T21:43:40.729Z
fihkpeiv,8-letters,8,available,2026-09-21T21:43:42.223Z
qagtdmmn,8-letters,8,available,2026-09-21T21:43:43.707Z
zgvihnow,8-letters,8,available,2026-09-21T21:43:45.199Z
qlxcdigz,8-letters,8,available,2026-09-21T21:43:46.679Z
srceohrj,8-letters,8,available,2026-09-21T21:43:48.160Z
qmsoslyq,8-letters,8,available,2026-09-21T21:43:48.987Z
pdhvjbxv,8-letters,8,available,2026-09-21T21:43:50.466Z
xxgdtqvo,8-letters,8,available,2026-09-21T21:43:51.947Z
eumryelt,8-letters,8,available,2026-09-21T21:43:53.426Z
ppyrarvz,8-letters,8,available,2026-09-21T21:43:54.902Z
porzfayd,8-letters,8,available,2026-09-21T21:43:56.381Z
kyeplbkw,8-letters,8,available,2026-09-21T21:43:57.864Z
nhqpnlfd,8-letters,8,available,2026-09-21T21:43:59.343Z
,8-letters,8,blocked,2026-09-21T21:44:00.824Z
xdkittic,8-letters,8,available,2026-09-21T21:44:02.299Z
iaeyqhgk,8-letters,8,available,2026-09-21T21:44:03.770Z
qepymsow,8-letters,8,available,2026-09-21T21:44:05.250Z
,8-letters,8,blocked,2026-09-21T21:44:06.742Z
lzazlsbt,8-letters,8,available,2026-09-21T21:44:08.223Z
ewooqbpd,8-letters,8,available,2026-09-21T21:44:09.709Z
dujstipu,8-letters,8,available,2026-09-21T21:44:11.205Z
beblqevr,8-letters,8,available,2026-09-21T21:44:12.763Z
auysyuqh,8-letters,8,available,2026-09-21T21:44:14.243Z
bddtqxdw,8-letters,8,available,2026-09-21T21:44:15.730Z
kvedjkdw,8-letters,8,available,2026-09-21T21:44:17.225Z
wcogfzxe,8-letters,8,available,2026-09-21T21:44:18.705Z
rhigjjbi,8-letters,8,available,2026-09-21T21:44:20.191Z
xhpwapou,8-letters,8,available,2026-09-21T21:44:21.079Z
qyaxhthm,8-letters,8,available,2026-09-21T21:44:22.567Z
ztffhlvs,8-letters,8,available,2026-09-21T21:44:24.058Z
xygpexgf,8-letters,8,available,2026-09-21T21:44:25.550Z
sncvnwzl,8-letters,8,available,2026-09-21T21:44:27.032Z
mbrecaiu,8-letters,8,available,2026-09-21T21:44:28.512Z
eysublgt,8-letters,8,available,2026-09-21T21:44:29.997Z
jjhvjwfc,8-letters,8,available,2026-09-21T21:44:31.475Z
fgpkpuzo,8-letters,8,available,2026-09-21T21:44:32.955Z
zkyiacsy,8-letters,8,available,2026-09-21T21:44:34.441Z
declphjg,8-letters,8,available,2026-09-21T21:44:35.919Z
vxczzkun,8-letters,8,available,2026-09-21T21:44:37.402Z
tuaqevhp,8-letters,8,available,2026-09-21T21:44:38.889Z
wptnroaf,8-letters,8,available,2026-09-21T21:44:40.373Z
zfsjnmst,8-letters,8,available,2026-09-21T21:44:41.862Z
wzinziok,8-letters,8,available,2026-09-21T21:44:43.349Z
bvmudljo,8-letters,8,available,2026-09-21T21:44:44.834Z
zappjdsh,8-letters,8,available,2026-09-21T21:44:46.325Z
ienhppnr,8-letters,8,available,2026-09-21T21:44:47.809Z
ksvduoet,8-letters,8,available,2026-09-21T21:44:49.285Z
zzwxabhm,8-letters,8,available,2026-09-21T21:44:50.773Z
yihvsxdh,8-letters,8,available,2026-09-21T21:44:51.624Z
lztcuiph,8-letters,8,available,2026-09-21T21:44:53.103Z
hrrfoysn,8-letters,8,available,2026-09-21T21:44:54.573Z
jlyenmmt,8-letters,8,available,2026-09-21T21:44:56.058Z
rxvyfrqg,8-letters,8,available,2026-09-21T21:44:57.538Z
wiudwzey,8-letters,8,available,2026-09-21T21:44:59.017Z
,8-letters,8,blocked,2026-09-21T21:45:00.497Z
rmplxnvg,8-letters,8,available,2026-09-21T21:45:01.979Z
zhbxdvyd,8-letters,8,available,2026-09-21T21:45:03.460Z
ghagnfsv,8-letters,8,available,2026-09-21T21:45:04.949Z
ubhwimlj,8-letters,8,available,2026-09-21T21:45:06.438Z
fluylqun,8-letters,8,available,2026-09-21T21:45:07.924Z
dqplkbds,8-letters,8,available,2026-09-21T21:45:09.411Z
jagbeevl,8-letters,8,available,2026-09-21T21:45:10.905Z
zhxhrqbc,8-letters,8,available,2026-09-21T21:45:12.386Z
txuzwyya,8-letters,8,available,2026-09-21T21:45:13.868Z
rqpgvurb,8-letters,8,available,2026-09-21T21:45:15.353Z
tyvnxddb,8-letters,8,available,2026-09-21T21:45:16.837Z
tachchdl,8-letters,8,available,2026-09-21T21:45:18.326Z
,8-letters,8,blocked,2026-09-21T21:45:19.813Z
mkiadbvm,8-letters,8,available,2026-09-21T21:45:21.298Z
nlptbwre,8-letters,8,available,2026-09-21T21:45:22.780Z
,8-letters,8,blocked,2026-09-21T21:45:23.623Z
lkjoswuj,8-letters,8,available,2026-09-21T21:45:25.102Z
adsdcqic,8-letters,8,available,2026-09-21T21:45:26.577Z
phiuaynu,8-letters,8,available,2026-09-21T21:45:28.067Z
lqlmhfcm,8-letters,8,available,2026-09-21T21:45:29.546Z
rglodofi,8-letters,8,available,2026-09-21T21:45:31.029Z
vstncuqn,8-letters,8,available,2026-09-21T21:45:32.505Z
qvpdamie,8-letters,8,available,2026-09-21T21:45:33.985Z
aiwpmoyk,8-letters,8,available,2026-09-21T21:45:35.473Z
ltldzwyh,8-letters,8,available,2026-09-21T21:45:36.949Z
unwbafvz,8-letters,8,available,2026-09-21T21:45:38.429Z
bbiycyuw,8-letters,8,available,2026-09-21T21:45:39.908Z
uikidtos,8-letters,8,available,2026-09-21T21:45:41.388Z
nfvaabiw,8-letters,8,available,2026-09-21T21:45:42.869Z
cygqbyro,8-letters,8,available,2026-09-21T21:45:44.354Z
wlmzygdm,8-letters,8,available,2026-09-21T21:45:45.835Z
hnsqxtin,8-letters,8,available,2026-09-21T21:45:47.312Z
bgmogsas,8-letters,8,available,2026-09-21T21:45:48.797Z
cquinzrf,8-letters,8,available,2026-09-21T21:45:50.279Z
cnrwhffk,8-letters,8,available,2026-09-21T21:45:51.755Z
zrxjfgbf,8-letters,8,available,2026-09-21T21:45:53.237Z
fidmpnak,8-letters,8,available,2026-09-21T21:45:54.720Z
eydcpavd,8-letters,8,available,2026-09-21T21:45:55.572Z
ozicdhun,8-letters,8,available,2026-09-21T21:45:57.049Z
mmsuuflf,8-letters,8,available,2026-09-21T21:45:58.535Z
oofkwyix,8-letters,8,available,2026-09-21T21:46:00.014Z
fhmidzbz,8-letters,8,available,2026-09-21T21:46:01.497Z
fmjamtwz,8-letters,8,available,2026-09-21T21:46:02.975Z
frorwfwi,8-letters,8,available,2026-09-21T21:46:04.459Z
zdoqcuak,8-letters,8,available,2026-09-21T21:46:05.942Z
vkihvuex,8-letters,8,available,2026-09-21T21:46:07.421Z
mnobhsrv,8-letters,8,available,2026-09-21T21:46:08.905Z
xoqpvjic,8-letters,8,available,2026-09-21T21:46:10.388Z
ohqhnfxf,8-letters,8,available,2026-09-21T21:46:11.873Z
jaszvcdr,8-letters,8,available,2026-09-21T21:46:13.358Z
ypqejizb,8-letters,8,available,2026-09-21T21:46:14.845Z
iacpmajt,8-letters,8,available,2026-09-21T21:46:16.330Z
,8-letters,8,blocked,2026-09-21T21:46:17.810Z
saradkhg,8-letters,8,available,2026-09-21T21:46:19.292Z
ukhcqwwt,8-letters,8,available,2026-09-21T21:46:20.775Z
abwzhavc,8-letters,8,available,2026-09-21T21:46:22.253Z
zukojckx,8-letters,8,available,2026-09-21T21:46:23.739Z
gecqlbfd,8-letters,8,available,2026-09-21T21:46:25.222Z
szlzzxgq,8-letters,8,available,2026-09-21T21:46:26.704Z
cqqqilib,8-letters,8,available,2026-09-21T21:46:27.549Z
,8-letters,8,blocked,2026-09-21T21:46:29.034Z
vvhzgfwu,8-letters,8,available,2026-09-21T21:46:30.521Z
qmyzpavu,8-letters,8,available,2026-09-21T21:46:32.006Z
aetwaqfu,8-letters,8,available,2026-09-21T21:46:33.484Z
jwgyqzhz,8-letters,8,available,2026-09-21T21:46:34.970Z
lpysiprs,8-letters,8,available,2026-09-21T21:46:36.448Z
mjbosmow,8-letters,8,available,2026-09-21T21:46:37.925Z
vnhooszp,8-letters,8,available,2026-09-21T21:46:39.400Z
ghpbzkpf,8-letters,8,available,2026-09-21T21:46:40.882Z
dzujosuo,8-letters,8,available,2026-09-21T21:46:42.361Z
gyxllinh,8-letters,8,available,2026-09-21T21:46:43.838Z
qaxjqtga,8-letters,8,available,2026-09-21T21:46:45.319Z
wctxawsc,8-letters,8,available,2026-09-21T21:46:46.797Z
texrhxfr,8-letters,8,available,2026-09-21T21:46:48.279Z
,8-letters,8,blocked,2026-09-21T21:46:49.758Z
,8-letters,8,blocked,2026-09-21T21:46:51.237Z
mivpyxpg,8-letters,8,available,2026-09-21T21:46:52.720Z
pwslnkoz,8-letters,8,available,2026-09-21T21:46:54.197Z
,8-letters,8,blocked,2026-09-21T21:46:55.689Z
,8-letters,8,blocked,2026-09-21T21:46:57.172Z
fqwiunyi,8-letters,8,available,2026-09-21T21:46:58.013Z
shnlcnra,8-letters,8,available,2026-09-21T21:46:59.498Z
hvfalonw,8-letters,8,available,2026-09-21T21:47:00.977Z
qzctkvcy,8-letters,8,available,2026-09-21T21:47:02.457Z
xaxpmshc,8-letters,8,available,2026-09-21T21:47:03.938Z
vgdcinca,8-letters,8,available,2026-09-21T21:47:05.419Z
ufijcibk,8-letters,8,available,2026-09-21T21:47:06.898Z
utmtcrcr,8-letters,8,available,2026-09-21T21:47:08.377Z
eotoyfro,8-letters,8,available,2026-09-21T21:47:09.856Z
cbivdggs,8-letters,8,available,2026-09-21T21:47:11.337Z
auadqewl,8-letters,8,available,2026-09-21T21:47:12.814Z
vlswduua,8-letters,8,available,2026-09-21T21:47:14.297Z
sdvcsvgu,8-letters,8,available,2026-09-21T21:47:15.771Z
yciecbby,8-letters,8,available,2026-09-21T21:47:17.253Z
axmewarv,8-letters,8,available,2026-09-21T21:47:18.733Z
vfjqqaal,8-letters,8,available,2026-09-21T21:47:20.220Z
njybowsg,8-letters,8,available,2026-09-21T21:47:21.700Z
beimuwrj,8-letters,8,available,2026-09-21T21:47:23.184Z
jlnhkhgl,8-letters,8,available,2026-09-21T21:47:24.666Z
ffvmwogu,8-letters,8,available,2026-09-21T21:47:26.150Z
xmjhscny,8-letters,8,available,2026-09-21T21:47:27.638Z
homlmnfm,8-letters,8,available,2026-09-21T21:47:29.120Z
eqgxhhyf,8-letters,8,available,2026-09-21T21:47:29.934Z
hovvsrsj,8-letters,8,available,2026-09-21T21:47:31.411Z
ssvpkldh,8-letters,8,available,2026-09-21T21:47:32.895Z
yuqtelau,8-letters,8,available,2026-09-21T21:47:34.370Z
lfczqekp,8-letters,8,available,2026-09-21T21:47:35.849Z
tzoxtemg,8-letters,8,available,2026-09-21T21:47:37.324Z
adhomdpr,8-letters,8,available,2026-09-21T21:47:38.801Z
kzftsrca,8-letters,8,available,2026-09-21T21:47:40.276Z
ezboenvp,8-letters,8,available,2026-09-21T21:47:41.754Z
mpfotxue,8-letters,8,available,2026-09-21T21:47:43.228Z
xvtnxltj,8-letters,8,available,2026-09-21T21:47:44.705Z
bqnvycbo,8-letters,8,available,2026-09-21T21:47:46.180Z
qohsfmyx,8-letters,8,available,2026-09-21T21:47:47.664Z
pdmnmtgn,8-letters,8,available,2026-09-21T21:47:49.152Z
,8-letters,8,blocked,2026-09-21T21:47:50.629Z
sznymagc,8-letters,8,available,2026-09-21T21:47:52.121Z
zxphyykn,8-letters,8,available,2026-09-21T21:47:53.603Z
,8-letters,8,blocked,2026-09-21T21:47:55.082Z
wbltvyrf,8-letters,8,available,2026-09-21T21:47:56.561Z
vpqnvgrh,8-letters,8,available,2026-09-21T21:47:58.044Z
maiuehwd,8-letters,8,available,2026-09-21T21:47:59.525Z
gsintqgg,8-letters,8,available,2026-09-21T21:48:01.006Z
jsjhotmz,8-letters,8,available,2026-09-21T21:48:01.883Z
ujuqmdsd,8-letters,8,available,2026-09-21T21:48:03.365Z
,8-letters,8,blocked,2026-09-21T21:48:04.842Z
mrdnbjjb,8-letters,8,available,2026-09-21T21:48:06.325Z
iesjgkpc,8-letters,8,available,2026-09-21T21:48:07.806Z
iehniwja,8-letters,8,available,2026-09-21T21:48:09.295Z
pmzolgat,8-letters,8,available,2026-09-21T21:48:10.777Z
,8-letters,8,blocked,2026-09-21T21:48:12.269Z
gzgkkxuw,8-letters,8,available,2026-09-21T21:48:13.752Z
cmtwkjuy,8-letters,8,available,2026-09-21T21:48:15.232Z
vkanhvja,8-letters,8,available,2026-09-21T21:48:16.711Z
bcjdljrz,8-letters,8,available,2026-09-21T21:48:18.193Z
tmbcxaen,8-letters,8,available,2026-09-21T21:48:19.665Z
oatnertc,8-letters,8,available,2026-09-21T21:48:21.148Z
lzsepsra,8-letters,8,available,2026-09-21T21:48:22.641Z
,8-letters,8,blocked,2026-09-21T21:48:24.135Z
,8-letters,8,blocked,2026-09-21T21:48:25.629Z
zqwtckpq,8-letters,8,available,2026-09-21T21:48:27.118Z
xbdbopsd,8-letters,8,available,2026-09-21T21:48:28.599Z
tecwhpys,8-letters,8,available,2026-09-21T21:48:30.078Z
lsfeguyr,8-letters,8,available,2026-09-21T21:48:31.567Z
nopogqmg,8-letters,8,available,2026-09-21T21:48:33.053Z
pzzjjgpz,8-letters,8,available,2026-09-21T21:48:33.894Z
ynpweuqq,8-letters,8,available,2026-09-21T21:48:35.370Z
itmovfzf,8-letters,8,available,2026-09-21T21:48:36.848Z
vsiukaly,8-letters,8,available,2026-09-21T21:48:38.327Z
tjjkdttl,8-letters,8,available,2026-09-21T21:48:39.805Z
bzytrzdp,8-letters,8,available,2026-09-21T21:48:41.289Z
rfyewhap,8-letters,8,available,2026-09-21T21:48:42.776Z
yjxaatvp,8-letters,8,available,2026-09-21T21:48:44.262Z
oklrsfkj,8-letters,8,available,2026-09-21T21:48:45.744Z
uxhzxanj,8-letters,8,available,2026-09-21T21:48:47.227Z
vahqptkp,8-letters,8,available,2026-09-21T21:48:48.715Z
tpookmkc,8-letters,8,available,2026-09-21T21:48:50.198Z
xidkfeaz,8-letters,8,available,2026-09-21T21:48:51.678Z
qkfjurgi,8-letters,8,available,2026-09-21T21:48:53.157Z
ondsfatr,8-letters,8,available,2026-09-21T21:48:54.631Z
zcacjpzh,8-letters,8,available,2026-09-21T21:48:56.111Z
ebbmgtuq,8-letters,8,available,2026-09-21T21:48:57.601Z
ewvcyiyk,8-letters,8,available,2026-09-21T21:48:59.090Z
qvokypdv,8-letters,8,available,2026-09-21T21:49:00.574Z
hmzszjfy,8-letters,8,available,2026-09-21T21:49:02.059Z
mhmhougj,8-letters,8,available,2026-09-21T21:49:03.532Z
hxflvwbc,8-letters,8,available,2026-09-21T21:49:04.367Z
guheowpy,8-letters,8,available,2026-09-21T21:49:05.848Z
njrajxcd,8-letters,8,available,2026-09-21T21:49:07.329Z
,8-letters,8,blocked,2026-09-21T21:49:08.804Z
jqfkjaxt,8-letters,8,available,2026-09-21T21:49:10.282Z
hxptvhnz,8-letters,8,available,2026-09-21T21:49:11.760Z
ugcpjria,8-letters,8,available,2026-09-21T21:49:13.252Z
uihntdxa,8-letters,8,available,2026-09-21T21:49:14.725Z
dirscqxy,8-letters,8,available,2026-09-21T21:49:16.221Z
pqzvtonw,8-letters,8,available,2026-09-21T21:49:17.699Z
mhjougbu,8-letters,8,available,2026-09-21T21:49:19.179Z
pixxctaf,8-letters,8,available,2026-09-21T21:49:20.660Z
esafkmvq,8-letters,8,available,2026-09-21T21:49:22.150Z
gcftabxb,8-letters,8,available,2026-09-21T21:49:23.633Z
cyycysfj,8-letters,8,available,2026-09-21T21:49:25.124Z
,8-letters,8,blocked,2026-09-21T21:49:26.609Z
vpvzevld,8-letters,8,available,2026-09-21T21:49:28.087Z
bgeazyhx,8-letters,8,available,2026-09-21T21:49:29.563Z
fqapubgf,8-letters,8,available,2026-09-21T21:49:31.044Z
khmnfojl,8-letters,8,available,2026-09-21T21:49:32.519Z
wwaoizmd,8-letters,8,available,2026-09-21T21:49:33.994Z
qwzevghd,8-letters,8,available,2026-09-21T21:49:35.471Z
zodpjyot,8-letters,8,available,2026-09-21T21:49:36.365Z
,8-letters,8,blocked,2026-09-21T21:49:37.846Z
tezvhkfs,8-letters,8,available,2026-09-21T21:49:39.321Z
itpvyvzr,8-letters,8,available,2026-09-21T21:49:40.814Z
iipxmbnr,8-letters,8,available,2026-09-21T21:49:42.289Z
yospgrqh,8-letters,8,available,2026-09-21T21:49:43.772Z
bijfcnsz,8-letters,8,available,2026-09-21T21:49:45.255Z
gixgnsmy,8-letters,8,available,2026-09-21T21:49:46.742Z
svpcxyqk,8-letters,8,available,2026-09-21T21:49:48.220Z
ifrylvlh,8-letters,8,available,2026-09-21T21:49:49.699Z
avwnshgc,8-letters,8,available,2026-09-21T21:49:51.184Z
peoaaqwa,8-letters,8,available,2026-09-21T21:49:52.659Z
vminijri,8-letters,8,available,2026-09-21T21:49:54.144Z
znsfltgf,8-letters,8,available,2026-09-21T21:49:55.699Z
nzfpcuuq,8-letters,8,available,2026-09-21T21:49:57.201Z
oxgutfau,8-letters,8,available,2026-09-21T21:49:58.688Z
yiauwznh,8-letters,8,available,2026-09-21T21:50:00.172Z
jldoefiw,8-letters,8,available,2026-09-21T21:50:01.706Z
wyhhuiyk,8-letters,8,available,2026-09-21T21:50:03.217Z
gsinrgwq,8-letters,8,available,2026-09-21T21:50:04.784Z
dgeihexp,8-letters,8,available,2026-09-21T21:50:06.294Z
spcsyxtw,8-letters,8,available,2026-09-21T21:50:07.786Z
eracbxoj,8-letters,8,available,2026-09-21T21:50:08.644Z
eccnxhjw,8-letters,8,available,2026-09-21T21:50:10.127Z
hfkddtpm,8-letters,8,available,2026-09-21T21:50:11.644Z
aebfxiof,8-letters,8,available,2026-09-21T21:50:13.129Z
scymrria,8-letters,8,available,2026-09-21T21:50:14.778Z
,8-letters,8,blocked,2026-09-21T21:50:16.345Z
wgiafiro,8-letters,8,available,2026-09-21T21:50:17.851Z
qdekrtpd,8-letters,8,available,2026-09-21T21:50:19.477Z
,8-letters,8,blocked,2026-09-21T21:50:21.055Z
ffyrqxex,8-letters,8,available,2026-09-21T21:50:22.547Z
nqrroazu,8-letters,8,available,2026-09-21T21:50:24.139Z
dwlwctni,8-letters,8,available,2026-09-21T21:50:25.619Z
lmmtvjxt,8-letters,8,available,2026-09-21T21:50:27.117Z
nrdapugz,8-letters,8,available,2026-09-21T21:50:28.599Z
,8-letters,8,blocked,2026-09-21T21:50:30.079Z
dpeprmbc,8-letters,8,available,2026-09-21T21:50:31.592Z
nabhtbhm,8-letters,8,available,2026-09-21T21:50:33.066Z
,8-letters,8,blocked,2026-09-21T21:50:34.553Z
brlnawha,8-letters,8,available,2026-09-21T21:50:36.203Z
ugivmhia,8-letters,8,available,2026-09-21T21:50:37.725Z
pbmvmoep,8-letters,8,available,2026-09-21T21:50:39.258Z
kpnpwjmr,8-letters,8,available,2026-09-21T21:50:40.379Z
dayccnzx,8-letters,8,available,2026-09-21T21:50:41.969Z
,8-letters,8,blocked,2026-09-21T21:50:43.455Z
fmvudsfa,8-letters,8,available,2026-09-21T21:50:45.113Z
qzxkrhya,8-letters,8,available,2026-09-21T21:50:46.599Z
qhhwhiix,8-letters,8,available,2026-09-21T21:50:48.100Z
uputfwnz,8-letters,8,available,2026-09-21T21:50:49.709Z
mgdbnboj,8-letters,8,available,2026-09-21T21:50:51.329Z
cqshvhwe,8-letters,8,available,2026-09-21T21:50:52.813Z
ebgjerfr,8-letters,8,available,2026-09-21T21:50:54.302Z
,8-letters,8,blocked,2026-09-21T21:50:55.803Z
,8-letters,8,blocked,2026-09-21T21:50:57.323Z
yydfustq,8-letters,8,available,2026-09-21T21:50:58.879Z
rrhtmife,8-letters,8,available,2026-09-21T21:51:00.388Z
rnxwuoot,8-letters,8,available,2026-09-21T21:51:01.867Z
gefooxpo,8-letters,8,available,2026-09-21T21:51:03.344Z
upnluacw,8-letters,8,available,2026-09-21T21:51:04.823Z
fbcnbohk,8-letters,8,available,2026-09-21T21:51:06.409Z
fbbsutfc,8-letters,8,available,2026-09-21T21:51:07.976Z
ayjfmfkl,8-letters,8,available,2026-09-21T21:51:09.496Z
mxurmpvy,8-letters,8,available,2026-09-21T21:51:11.004Z
itlukqfi,8-letters,8,available,2026-09-21T21:51:11.858Z
swnkahed,8-letters,8,available,2026-09-21T21:51:13.368Z
ypswkzyr,8-letters,8,available,2026-09-21T21:51:14.865Z
bfwujybp,8-letters,8,available,2026-09-21T21:51:16.432Z
aryzbtbr,8-letters,8,available,2026-09-21T21:51:17.923Z
qvlgjugw,8-letters,8,available,2026-09-21T21:51:19.434Z
xzpmvbek,8-letters,8,available,2026-09-21T21:51:20.923Z
zwtinfnv,8-letters,8,available,2026-09-21T21:51:22.402Z
wmjhrcgv,8-letters,8,available,2026-09-21T21:51:23.883Z
bpgtycxt,8-letters,8,available,2026-09-21T21:51:25.362Z
vwkarioy,8-letters,8,available,2026-09-21T21:51:26.877Z
tnilhybw,8-letters,8,available,2026-09-21T21:51:28.354Z
tzraecvq,8-letters,8,available,2026-09-21T21:51:29.835Z
idhpjihg,8-letters,8,available,2026-09-21T21:51:31.316Z
wozghetr,8-letters,8,available,2026-09-21T21:51:32.808Z
gxexqtsi,8-letters,8,available,2026-09-21T21:51:34.290Z
rmytyhzx,8-letters,8,available,2026-09-21T21:51:35.773Z
blnvthve,8-letters,8,available,2026-09-21T21:51:37.262Z
dtcnqryr,8-letters,8,available,2026-09-21T21:51:38.747Z
aecbmhhz,8-letters,8,available,2026-09-21T21:51:40.226Z
stzmcqou,8-letters,8,available,2026-09-21T21:51:41.705Z
qhdtdquz,8-letters,8,available,2026-09-21T21:51:42.553Z
hivxxuob,8-letters,8,available,2026-09-21T21:51:44.107Z
aualpcrx,8-letters,8,available,2026-09-21T21:51:45.592Z
uacqjyer,8-letters,8,available,2026-09-21T21:51:47.080Z
,8-letters,8,blocked,2026-09-21T21:51:48.566Z
gbgpsntq,8-letters,8,available,2026-09-21T21:51:50.059Z
,8-letters,8,blocked,2026-09-21T21:51:51.557Z
ngxjmpcw,8-letters,8,available,2026-09-21T21:51:53.047Z
yfzmcjtq,8-letters,8,available,2026-09-21T21:51:54.550Z
iomwlkyf,8-letters,8,available,2026-09-21T21:51:56.111Z
bqiucoia,8-letters,8,available,2026-09-21T21:51:57.684Z
zoghevud,8-letters,8,available,2026-09-21T21:51:59.185Z
gaackozq,8-letters,8,available,2026-09-21T21:52:00.669Z
,8-letters,8,blocked,2026-09-21T21:52:02.162Z
,8-letters,8,blocked,2026-09-21T21:52:03.653Z
fqqrdkmm,8-letters,8,available,2026-09-21T21:52:05.188Z
mimaljbd,8-letters,8,available,2026-09-21T21:52:06.769Z
,8-letters,8,blocked,2026-09-21T21:52:08.282Z
llwgkihx,8-letters,8,available,2026-09-21T21:52:09.799Z
muupshfd,8-letters,8,available,2026-09-21T21:52:11.306Z
shzyymsn,8-letters,8,available,2026-09-21T21:52:12.827Z
,8-letters,8,blocked,2026-09-21T21:52:14.396Z
wuqrusam,8-letters,8,available,2026-09-21T21:52:15.260Z
ydesdemq,8-letters,8,available,2026-09-21T21:52:16.765Z
qggfwlxq,8-letters,8,available,2026-09-21T21:52:18.255Z
dzhffrhn,8-letters,8,available,2026-09-21T21:52:19.731Z
,8-letters,8,blocked,2026-09-21T21:52:21.211Z
xidmzdde,8-letters,8,available,2026-09-21T21:52:22.693Z
jubxocxr,8-letters,8,available,2026-09-21T21:52:24.174Z
eydwodnu,8-letters,8,available,2026-09-21T21:52:25.685Z
fyjkuvkj,8-letters,8,available,2026-09-21T21:52:27.219Z
xrfuhmzk,8-letters,8,available,2026-09-21T21:52:28.711Z
rldfcybr,8-letters,8,available,2026-09-21T21:52:30.185Z
tiztcazu,8-letters,8,available,2026-09-21T21:52:31.662Z
dgkorbyh,8-letters,8,available,2026-09-21T21:52:33.143Z
nntpwcsl,8-letters,8,available,2026-09-21T21:52:34.630Z
xqusmbqe,8-letters,8,available,2026-09-21T21:52:36.118Z
ynyubdgq,8-letters,8,available,2026-09-21T21:52:37.596Z
mqwddnuo,8-letters,8,available,2026-09-21T21:52:39.075Z
cqgjyrme,8-letters,8,available,2026-09-21T21:52:40.554Z
djbelpeo,8-letters,8,available,2026-09-21T21:52:42.035Z
qgotzhei,8-letters,8,available,2026-09-21T21:52:43.518Z
vpliaizm,8-letters,8,available,2026-09-21T21:52:45.000Z
hidiywsn,8-letters,8,available,2026-09-21T21:52:45.853Z
yjyjaaof,8-letters,8,available,2026-09-21T21:52:47.343Z
vgsmkjow,8-letters,8,available,2026-09-21T21:52:48.823Z
ciekljqm,8-letters,8,available,2026-09-21T21:52:50.308Z
jpgyaykh,8-letters,8,available,2026-09-21T21:52:51.789Z
ptrjkmcy,8-letters,8,available,2026-09-21T21:52:53.269Z
pctkthxd,8-letters,8,available,2026-09-21T21:52:54.750Z
tquuoxcr,8-letters,8,available,2026-09-21T21:52:56.228Z
rsjtfflg,8-letters,8,available,2026-09-21T21:52:57.710Z
lexzicus,8-letters,8,available,2026-09-21T21:52:59.193Z
bvvdfxle,8-letters,8,available,2026-09-21T21:53:00.669Z
lhhnrsvt,8-letters,8,available,2026-09-21T21:53:02.167Z
cfbvrpxp,8-letters,8,available,2026-09-21T21:53:03.643Z
rspexanp,8-letters,8,available,2026-09-21T21:53:05.128Z
vnsksthy,8-letters,8,available,2026-09-21T21:53:06.618Z
uowfzmuc,8-letters,8,available,2026-09-21T21:53:08.095Z
hmgcjvvk,8-letters,8,available,2026-09-21T21:53:09.582Z
lswluiuz,8-letters,8,available,2026-09-21T21:53:11.060Z
fxpgyajj,8-letters,8,available,2026-09-21T21:53:12.549Z
pmehepjp,8-letters,8,available,2026-09-21T21:53:14.031Z
cwkawvhe,8-letters,8,available,2026-09-21T21:53:15.519Z
mznmtlep,8-letters,8,available,2026-09-21T21:53:16.996Z
iqiclsiu,8-letters,8,available,2026-09-21T21:53:17.863Z
kqpmapbe,8-letters,8,available,2026-09-21T21:53:19.332Z
etfhkybp,8-letters,8,available,2026-09-21T21:53:20.818Z
jxcwqazx,8-letters,8,available,2026-09-21T21:53:22.301Z
zbxieudh,8-letters,8,available,2026-09-21T21:53:23.777Z
,8-letters,8,blocked,2026-09-21T21:53:25.261Z
,8-letters,8,blocked,2026-09-21T21:53:26.740Z
lxlmwpsf,8-letters,8,available,2026-09-21T21:53:28.220Z
ofrypjuv,8-letters,8,available,2026-09-21T21:53:29.693Z
dcxuftpt,8-letters,8,available,2026-09-21T21:53:31.168Z
wgklwpci,8-letters,8,available,2026-09-21T21:53:32.647Z
frsdnxwk,8-letters,8,available,2026-09-21T21:53:34.118Z
uyimevvg,8-letters,8,available,2026-09-21T21:53:35.595Z
gvzawdff,8-letters,8,available,2026-09-21T21:53:37.080Z
fmoobdar,8-letters,8,available,2026-09-21T21:53:38.559Z
bmbdstaj,8-letters,8,available,2026-09-21T21:53:40.039Z
nqvnblaj,8-letters,8,available,2026-09-21T21:53:41.520Z
pldbxyna,8-letters,8,available,2026-09-21T21:53:43.003Z
tjjdgegy,8-letters,8,available,2026-09-21T21:53:44.488Z
wiqdmilc,8-letters,8,available,2026-09-21T21:53:45.969Z
trhcuhwj,8-letters,8,available,2026-09-21T21:53:47.448Z
pdwliseg,8-letters,8,available,2026-09-21T21:53:48.937Z
bezufznq,8-letters,8,available,2026-09-21T21:53:49.796Z
rotbsiyi,8-letters,8,available,2026-09-21T21:53:51.268Z
gllrfpnr,8-letters,8,available,2026-09-21T21:53:52.747Z
jgzduomc,8-letters,8,available,2026-09-21T21:53:54.233Z
nxydcdyv,8-letters,8,available,2026-09-21T21:53:55.712Z
lrwkftlh,8-letters,8,available,2026-09-21T21:53:57.197Z
dbvdiixb,8-letters,8,available,2026-09-21T21:53:58.678Z
svcysvxj,8-letters,8,available,2026-09-21T21:54:00.166Z
ncrwivlr,8-letters,8,available,2026-09-21T21:54:01.643Z
udbznmon,8-letters,8,available,2026-09-21T21:54:03.136Z
izfgvcpk,8-letters,8,available,2026-09-21T21:54:04.828Z
carxelha,8-letters,8,available,2026-09-21T21:54:06.307Z
gbcnirjb,8-letters,8,available,2026-09-21T21:54:07.789Z
hbjndrof,8-letters,8,available,2026-09-21T21:54:09.271Z
spzryuhm,8-letters,8,available,2026-09-21T21:54:10.750Z
osxzcyaz,8-letters,8,available,2026-09-21T21:54:12.229Z
vuizhkml,8-letters,8,available,2026-09-21T21:54:13.715Z
uquqtlzx,8-letters,8,available,2026-09-21T21:54:15.199Z
akclhpkk,8-letters,8,available,2026-09-21T21:54:16.676Z
jugzlhac,8-letters,8,available,2026-09-21T21:54:18.151Z
ryftqkjl,8-letters,8,available,2026-09-21T21:54:19.631Z
awttdbqt,8-letters,8,available,2026-09-21T21:54:20.468Z
tfmchftm,8-letters,8,available,2026-09-21T21:54:21.961Z
mvzzmfvx,8-letters,8,available,2026-09-21T21:54:23.439Z
,8-letters,8,blocked,2026-09-21T21:54:24.917Z
qhnnjesk,8-letters,8,available,2026-09-21T21:54:26.391Z
duzdabsq,8-letters,8,available,2026-09-21T21:54:27.867Z
lqylbyjt,8-letters,8,available,2026-09-21T21:54:29.351Z
xhvtnsfa,8-letters,8,available,2026-09-21T21:54:30.831Z
odxluljb,8-letters,8,available,2026-09-21T21:54:32.303Z
,8-letters,8,blocked,2026-09-21T21:54:33.790Z
djzbwhji,8-letters,8,available,2026-09-21T21:54:35.270Z
jgqjswko,8-letters,8,available,2026-09-21T21:54:36.747Z
ophfcefe,8-letters,8,available,2026-09-21T21:54:38.229Z
obbmmblx,8-letters,8,available,2026-09-21T21:54:39.714Z
uzznibhj,8-letters,8,available,2026-09-21T21:54:41.202Z
ayuporzg,8-letters,8,available,2026-09-21T21:54:42.682Z
zadiacmz,8-letters,8,available,2026-09-21T21:54:44.159Z
grcefxdv,8-letters,8,available,2026-09-21T21:54:45.632Z
thlleuqv,8-letters,8,available,2026-09-21T21:54:47.118Z
yxigbruu,8-letters,8,available,2026-09-21T21:54:48.612Z
cpnbunko,8-letters,8,available,2026-09-21T21:54:50.097Z
xwyabtuv,8-letters,8,available,2026-09-21T21:54:51.579Z
jchycvgd,8-letters,8,available,2026-09-21T21:54:52.455Z
waybqett,8-letters,8,available,2026-09-21T21:54:53.932Z
,8-letters,8,blocked,2026-09-21T21:54:55.408Z
jjyontir,8-letters,8,available,2026-09-21T21:54:56.883Z
beojhgnn,8-letters,8,available,2026-09-21T21:54:58.356Z
jxsijuov,8-letters,8,available,2026-09-21T21:54:59.830Z
lvanyjym,8-letters,8,available,2026-09-21T21:55:01.303Z
idcsldtt,8-letters,8,available,2026-09-21T21:55:02.782Z
bwajuqqx,8-letters,8,available,2026-09-21T21:55:04.378Z
nlviprof,8-letters,8,available,2026-09-21T21:55:05.854Z
mkflueuo,8-letters,8,available,2026-09-21T21:55:07.331Z
zbdmgxqm,8-letters,8,available,2026-09-21T21:55:08.813Z
,8-letters,8,blocked,2026-09-21T21:55:10.297Z
rnshcpyh,8-letters,8,available,2026-09-21T21:55:11.795Z
,8-letters,8,blocked,2026-09-21T21:55:13.288Z
njbxpklc,8-letters,8,available,2026-09-21T21:55:14.812Z
obiqysxw,8-letters,8,available,2026-09-21T21:55:16.297Z
mdkadyqy,8-letters,8,available,2026-09-21T21:55:17.782Z
xutajeez,8-letters,8,available,2026-09-21T21:55:19.268Z
vdqldgvw,8-letters,8,available,2026-09-21T21:55:20.751Z
teppyogt,8-letters,8,available,2026-09-21T21:55:22.233Z
wzqmsyxc,8-letters,8,available,2026-09-21T21:55:23.723Z
oqhwqyyf,8-letters,8,available,2026-09-21T21:55:24.602Z
zjwukzzb,8-letters,8,available,2026-09-21T21:55:26.075Z
npfjgygk,8-letters,8,available,2026-09-21T21:55:27.557Z
cjcjpfpp,8-letters,8,available,2026-09-21T21:55:29.034Z
iefntqap,8-letters,8,available,2026-09-21T21:55:30.512Z
ieqicvts,8-letters,8,available,2026-09-21T21:55:31.993Z
bwnwjatj,8-letters,8,available,2026-09-21T21:55:33.471Z
ltgystqn,8-letters,8,available,2026-09-21T21:55:34.950Z
lbwwrzxs,8-letters,8,available,2026-09-21T21:55:36.429Z
yshbricn,8-letters,8,available,2026-09-21T21:55:37.908Z
,8-letters,8,blocked,2026-09-21T21:55:39.393Z
folfwdbk,8-letters,8,available,2026-09-21T21:55:40.873Z
omvcbawg,8-letters,8,available,2026-09-21T21:55:42.354Z
kbmvbdwd,8-letters,8,available,2026-09-21T21:55:43.835Z
lzuursyj,8-letters,8,available,2026-09-21T21:55:45.314Z
gpvmtjxi,8-letters,8,available,2026-09-21T21:55:46.792Z
drhgvqcu,8-letters,8,available,2026-09-21T21:55:48.272Z
nfopkfmu,8-letters,8,available,2026-09-21T21:55:49.769Z
,8-letters,8,blocked,2026-09-21T21:55:51.249Z
ffnvhjdv,8-letters,8,available,2026-09-21T21:55:52.751Z
enkmkieg,8-letters,8,available,2026-09-21T21:55:54.241Z
lqkgyhnt,8-letters,8,available,2026-09-21T21:55:55.721Z
gserktzb,8-letters,8,available,2026-09-21T21:55:56.585Z
vctsebnu,8-letters,8,available,2026-09-21T21:55:58.065Z
qkfuzusd,8-letters,8,available,2026-09-21T21:55:59.542Z
rvmrmvco,8-letters,8,available,2026-09-21T21:56:01.029Z
,8-letters,8,blocked,2026-09-21T21:56:02.510Z
,8-letters,8,blocked,2026-09-21T21:56:03.995Z
zncjffxl,8-letters,8,available,2026-09-21T21:56:05.480Z
hzqkfxti,8-letters,8,available,2026-09-21T21:56:06.958Z
dyelkgxz,8-letters,8,available,2026-09-21T21:56:08.439Z
jycfowis,8-letters,8,available,2026-09-21T21:56:09.930Z
gznpttnl,8-letters,8,available,2026-09-21T21:56:11.412Z
qxkpncym,8-letters,8,available,2026-09-21T21:56:12.895Z
kfrfalvj,8-letters,8,available,2026-09-21T21:56:14.382Z
grurfirh,8-letters,8,taken,2026-09-21T20:35:16.576Z
pwooyoga,8-letters,8,available,2026-09-21T21:56:15.858Z
zpekalfq,8-letters,8,available,2026-09-21T21:56:17.333Z
cuqbeush,8-letters,8,available,2026-09-21T21:56:18.819Z
wsvsgigu,8-letters,8,available,2026-09-21T21:56:20.368Z
pojptzid,8-letters,8,available,2026-09-21T21:56:21.919Z
bhgiqrtq,8-letters,8,available,2026-09-21T21:56:23.394Z
nntnrwyb,8-letters,8,available,2026-09-21T21:56:24.973Z
qocozngo,8-letters,8,available,2026-09-21T21:56:26.459Z
qkcwqrtk,8-letters,8,available,2026-09-21T21:56:27.310Z
wzojmpab,8-letters,8,available,2026-09-21T21:56:28.798Z
clocsmqc,8-letters,8,available,2026-09-21T21:56:30.272Z
vdwqkgce,8-letters,8,available,2026-09-21T21:56:31.748Z
rqxggeim,8-letters,8,available,2026-09-21T21:56:33.227Z
egunopvr,8-letters,8,available,2026-09-21T21:56:34.711Z
vqmsogff,8-letters,8,available,2026-09-21T21:56:36.191Z
bdvhdniw,8-letters,8,available,2026-09-21T21:56:37.674Z
mdykvlmh,8-letters,8,available,2026-09-21T21:56:39.161Z
nxxojitg,8-letters,8,available,2026-09-21T21:56:40.640Z
rqynmces,8-letters,8,available,2026-09-21T21:56:42.124Z
mjkfzqqr,8-letters,8,available,2026-09-21T21:56:43.602Z
kdcivyyf,8-letters,8,available,2026-09-21T21:56:45.091Z
xaviyiiw,8-letters,8,available,2026-09-21T21:56:46.577Z
ssuwggom,8-letters,8,available,2026-09-21T21:56:48.066Z
xmfhqkqv,8-letters,8,available,2026-09-21T21:56:49.549Z
yubrtdus,8-letters,8,available,2026-09-21T21:56:51.034Z
kgwdxbkj,8-letters,8,available,2026-09-21T21:56:52.516Z
yveihlio,8-letters,8,available,2026-09-21T21:56:53.995Z
,8-letters,8,blocked,2026-09-21T21:56:55.473Z
mqmjlvrn,8-letters,8,available,2026-09-21T21:56:56.955Z
nyuddxwy,8-letters,8,available,2026-09-21T21:56:58.428Z
,8-letters,8,blocked,2026-09-21T21:56:59.283Z
ezxuzmxo,8-letters,8,available,2026-09-21T21:57:00.763Z
gmvzkdle,8-letters,8,available,2026-09-21T21:57:02.247Z
bzmpnucp,8-letters,8,available,2026-09-21T21:57:03.730Z
dywnesbs,8-letters,8,available,2026-09-21T21:57:05.209Z
oyzxdrbn,8-letters,8,available,2026-09-21T21:57:06.690Z
zhswnxdo,8-letters,8,available,2026-09-21T21:57:08.172Z
esqkayrg,8-letters,8,available,2026-09-21T21:57:09.652Z
fpdbtdze,8-letters,8,available,2026-09-21T21:57:11.129Z
zyenmdpw,8-letters,8,available,2026-09-21T21:57:12.612Z
iuiboldc,8-letters,8,available,2026-09-21T21:57:14.091Z
,8-letters,8,blocked,2026-09-21T21:57:15.588Z
kjyyffup,8-letters,8,available,2026-09-21T21:57:17.066Z
zriuevbw,8-letters,8,available,2026-09-21T21:57:18.548Z
oqrnknbk,8-letters,8,available,2026-09-21T21:57:20.023Z
gibiicdn,8-letters,8,available,2026-09-21T21:57:21.511Z
fujygpcg,8-letters,8,available,2026-09-21T21:57:22.986Z
mifjzysz,8-letters,8,available,2026-09-21T21:57:24.469Z
,8-letters,8,blocked,2026-09-21T21:57:25.946Z
rxagyxsz,8-letters,8,available,2026-09-21T21:57:27.430Z
eywacjhr,8-letters,8,available,2026-09-21T21:57:28.919Z
ggjeyayp,8-letters,8,available,2026-09-21T21:57:30.402Z
cgketjdn,8-letters,8,available,2026-09-21T21:57:31.278Z
ttzhrxgg,8-letters,8,available,2026-09-21T21:57:32.761Z
zjwwppgj,8-letters,8,available,2026-09-21T21:57:34.245Z
flhfhzpw,8-letters,8,available,2026-09-21T21:57:35.770Z
fbczvlte,8-letters,8,available,2026-09-21T21:57:37.247Z
sdylwtos,8-letters,8,available,2026-09-21T21:57:38.729Z
hqudaedh,8-letters,8,available,2026-09-21T21:57:40.213Z
ysggcsep,8-letters,8,available,2026-09-21T21:57:41.685Z
tvyorrqn,8-letters,8,available,2026-09-21T21:57:43.160Z
dbepoiyz,8-letters,8,available,2026-09-21T21:57:44.630Z
udhgjbdf,8-letters,8,available,2026-09-21T21:57:46.120Z
cdlpljtq,8-letters,8,available,2026-09-21T21:57:47.597Z
hruppwaw,8-letters,8,available,2026-09-21T21:57:49.076Z
mxamuyro,8-letters,8,available,2026-09-21T21:57:50.556Z
mtzlfkwl,8-letters,8,available,2026-09-21T21:57:52.046Z
hcsntnbf,8-letters,8,available,2026-09-21T21:57:53.527Z
lqlsahts,8-letters,8,available,2026-09-21T21:57:55.006Z
tzjgudet,8-letters,8,available,2026-09-21T21:57:56.486Z
ioiucpre,8-letters,8,available,2026-09-21T21:57:57.964Z
xsyadfxi,8-letters,8,available,2026-09-21T21:57:59.448Z
aejvyjat,8-letters,8,available,2026-09-21T21:58:00.921Z
fhpndsab,8-letters,8,available,2026-09-21T21:58:02.398Z
ailwufdt,8-letters,8,available,2026-09-21T21:58:03.262Z
byxdzesj,8-letters,8,available,2026-09-21T21:58:04.746Z
ndhasgwg,8-letters,8,available,2026-09-21T21:58:06.222Z
,8-letters,8,blocked,2026-09-21T21:58:07.701Z
onqwnsaf,8-letters,8,available,2026-09-21T21:58:09.363Z
peszcbno,8-letters,8,available,2026-09-21T21:58:10.846Z
xiqzhfxj,8-letters,8,available,2026-09-21T21:58:12.329Z
xpzyzins,8-letters,8,available,2026-09-21T21:58:13.816Z
cvyehnuf,8-letters,8,available,2026-09-21T21:58:15.303Z
dfaamqil,8-letters,8,available,2026-09-21T21:58:16.782Z
,8-letters,8,blocked,2026-09-21T21:58:18.265Z
ffvxnbdx,8-letters,8,available,2026-09-21T21:58:19.735Z
usbdiyvf,8-letters,8,available,2026-09-21T21:58:21.220Z
yqzwuawy,8-letters,8,available,2026-09-21T21:58:22.697Z
efholyvv,8-letters,8,available,2026-09-21T21:58:24.174Z
,8-letters,8,blocked,2026-09-21T21:58:25.656Z
ckwdjvqr,8-letters,8,available,2026-09-21T21:58:27.129Z
bixmkrvp,8-letters,8,available,2026-09-21T21:58:28.607Z
lmpqcgmz,8-letters,8,available,2026-09-21T21:58:30.087Z
dgjamipz,8-letters,8,available,2026-09-21T21:58:31.569Z
fcailujp,8-letters,8,available,2026-09-21T21:58:33.048Z
qosbapch,8-letters,8,available,2026-09-21T21:58:33.935Z
glznvrgo,8-letters,8,available,2026-09-21T21:58:35.413Z
gqmurcxp,8-letters,8,available,2026-09-21T21:58:36.893Z
lsvckava,8-letters,8,available,2026-09-21T21:58:38.373Z
uvcmkvgw,8-letters,8,available,2026-09-21T21:58:39.851Z
jzrtyzzh,8-letters,8,available,2026-09-21T21:58:41.326Z
bosumems,8-letters,8,available,2026-09-21T21:58:42.804Z
,8-letters,8,blocked,2026-09-21T21:58:44.291Z
ygungubv,8-letters,8,available,2026-09-21T21:58:45.773Z
taowlotd,8-letters,8,available,2026-09-21T21:58:47.255Z
jxdyfqoz,8-letters,8,available,2026-09-21T21:58:48.730Z
qulnsolv,8-letters,8,available,2026-09-21T21:58:50.203Z
byglydqx,8-letters,8,available,2026-09-21T21:58:51.685Z
dcpxtlye,8-letters,8,available,2026-09-21T21:58:53.164Z
cinmcuea,8-letters,8,available,2026-09-21T21:58:54.658Z
pycgbcwv,8-letters,8,available,2026-09-21T21:58:56.139Z
adzwcsyf,8-letters,8,available,2026-09-21T21:58:57.617Z
kmzufzvg,8-letters,8,available,2026-09-21T21:58:59.099Z
ynekchny,8-letters,8,available,2026-09-21T21:59:00.578Z
,8-letters,8,blocked,2026-09-21T21:59:02.059Z
vktczupr,8-letters,8,available,2026-09-21T21:59:03.543Z
hjvgjntn,8-letters,8,available,2026-09-21T21:59:05.022Z
coamjaes,8-letters,8,available,2026-09-21T21:59:05.879Z
tdxrnzwq,8-letters,8,available,2026-09-21T21:59:07.358Z
,8-letters,8,blocked,2026-09-21T21:59:08.836Z
enlhrbfv,8-letters,8,available,2026-09-21T21:59:10.317Z
guqbyjrb,8-letters,8,available,2026-09-21T21:59:11.797Z
,8-letters,8,blocked,2026-09-21T21:59:13.287Z
kiohialq,8-letters,8,available,2026-09-21T21:59:14.768Z
epkpwmjb,8-letters,8,available,2026-09-21T21:59:16.249Z
xjrlsdte,8-letters,8,available,2026-09-21T21:59:17.727Z
tumyzonj,8-letters,8,available,2026-09-21T21:59:19.201Z
jpjdmwuv,8-letters,8,available,2026-09-21T21:59:20.679Z
,8-letters,8,blocked,2026-09-21T21:59:22.154Z
qhabjoni,8-letters,8,available,2026-09-21T21:59:23.630Z
vbxapfbu,8-letters,8,available,2026-09-21T21:59:25.108Z
aayroxnn,8-letters,8,available,2026-09-21T21:59:26.589Z
csyxhmuo,8-letters,8,available,2026-09-21T21:59:28.065Z
ieudbyzp,8-letters,8,available,2026-09-21T21:59:29.552Z
vbukncti,8-letters,8,available,2026-09-21T21:59:31.025Z
qtrhyich,8-letters,8,available,2026-09-21T21:59:32.504Z
icacdajg,8-letters,8,available,2026-09-21T21:59:33.983Z
obualxfq,8-letters,8,available,2026-09-21T21:59:35.463Z
dcitiwzf,8-letters,8,available,2026-09-21T21:59:36.942Z
biiwviax,8-letters,8,available,2026-09-21T21:59:37.798Z
tnpywfxl,8-letters,8,available,2026-09-21T21:59:39.280Z
isouczam,8-letters,8,available,2026-09-21T21:59:40.749Z
luqduywz,8-letters,8,available,2026-09-21T21:59:42.228Z
unhlmotp,8-letters,8,available,2026-09-21T21:59:43.708Z
lvgjcetm,8-letters,8,available,2026-09-21T21:59:45.184Z
rvmytmcm,8-letters,8,available,2026-09-21T21:59:46.669Z
wraynjvg,8-letters,8,available,2026-09-21T21:59:48.146Z
vsuwykta,8-letters,8,available,2026-09-21T21:59:49.625Z
sbwzwcki,8-letters,8,available,2026-09-21T21:59:51.112Z
stwkxngo,8-letters,8,available,2026-09-21T21:59:52.589Z
joqombbk,8-letters,8,available,2026-09-21T21:59:54.068Z
,8-letters,8,blocked,2026-09-21T21:59:55.547Z
shyhjsrx,8-letters,8,available,2026-09-21T21:59:57.032Z
zubufnqb,8-letters,8,available,2026-09-21T21:59:58.511Z
upqftmqg,8-letters,8,available,2026-09-21T21:59:59.986Z
ecwedhxo,8-letters,8,available,2026-09-21T22:00:01.467Z
,8-letters,8,blocked,2026-09-21T22:00:02.948Z
rrhjncjk,8-letters,8,available,2026-09-21T22:00:04.424Z
yloflqyp,8-letters,8,available,2026-09-21T22:00:05.902Z
jepgmkmj,8-letters,8,available,2026-09-21T22:00:07.409Z
issqpueq,8-letters,8,available,2026-09-21T22:00:08.893Z
ajfwbaje,8-letters,8,available,2026-09-21T22:00:09.744Z
fjynsovi,8-letters,8,available,2026-09-21T22:00:11.223Z
iipolwfm,8-letters,8,available,2026-09-21T22:00:12.695Z
fqzuusai,8-letters,8,available,2026-09-21T22:00:14.173Z
ynyqkfeq,8-letters,8,available,2026-09-21T22:00:15.646Z
cijlsnvu,8-letters,8,available,2026-09-21T22:00:17.245Z
kshgnpla,8-letters,8,available,2026-09-21T22:00:18.729Z
fiqjhxpa,8-letters,8,available,2026-09-21T22:00:20.212Z
xspyouvx,8-letters,8,available,2026-09-21T22:00:21.693Z
gfieachb,8-letters,8,available,2026-09-21T22:00:23.175Z
imzyvhit,8-letters,8,available,2026-09-21T22:00:24.647Z
xstzhlet,8-letters,8,available,2026-09-21T22:00:26.135Z
sezkdtim,8-letters,8,available,2026-09-21T22:00:27.644Z
vbekmgol,8-letters,8,available,2026-09-21T22:00:29.134Z
mpndmmee,8-letters,8,available,2026-09-21T22:00:30.622Z
mnorkkpg,8-letters,8,available,2026-09-21T22:00:32.106Z
ixdzxgog,8-letters,8,available,2026-09-21T22:00:33.584Z
udvwxgxy,8-letters,8,available,2026-09-21T22:00:35.063Z
wilztway,8-letters,8,available,2026-09-21T22:00:36.543Z
dkzvyswd,8-letters,8,available,2026-09-21T22:00:38.024Z
slpyuaxk,8-letters,8,available,2026-09-21T22:00:39.505Z
wlghglkm,8-letters,8,available,2026-09-21T22:00:40.401Z
tpuikzpr,8-letters,8,available,2026-09-21T22:00:41.877Z
qfmiguid,8-letters,8,available,2026-09-21T22:00:43.354Z
vzzqmeym,8-letters,8,available,2026-09-21T22:00:44.833Z
,8-letters,8,blocked,2026-09-21T22:00:46.312Z
qglpnaqn,8-letters,8,available,2026-09-21T22:00:47.790Z
fhrhpyee,8-letters,8,available,2026-09-21T22:00:49.272Z
akhwgprl,8-letters,8,available,2026-09-21T22:00:50.751Z
kwdewrjf,8-letters,8,available,2026-09-21T22:00:52.282Z
,8-letters,8,blocked,2026-09-21T22:00:53.764Z
cbcyhjun,8-letters,8,available,2026-09-21T22:00:55.244Z
njdvkmbi,8-letters,8,available,2026-09-21T22:00:56.718Z
rawxrgzj,8-letters,8,available,2026-09-21T22:00:58.203Z
iqlrmxvn,8-letters,8,available,2026-09-21T22:00:59.682Z
apeumizr,8-letters,8,available,2026-09-21T22:01:01.158Z
jnmnphit,8-letters,8,available,2026-09-21T22:01:02.641Z
ivifgmdl,8-letters,8,available,2026-09-21T22:01:04.118Z
ckdxdrrf,8-letters,8,available,2026-09-21T22:01:05.599Z
vfbrkgzr,8-letters,8,available,2026-09-21T22:01:07.079Z
mllaryfg,8-letters,8,available,2026-09-21T22:01:08.555Z
jztzbvio,8-letters,8,available,2026-09-21T22:01:10.072Z
axtyimro,8-letters,8,available,2026-09-21T22:01:11.638Z
hyprofpz,8-letters,8,available,2026-09-21T22:01:12.513Z
kzsksqfx,8-letters,8,available,2026-09-21T22:01:14.073Z
xqfhnwjw,8-letters,8,available,2026-09-21T22:01:15.548Z
tkcejyru,8-letters,8,available,2026-09-21T22:01:17.020Z
,8-letters,8,blocked,2026-09-21T22:01:18.496Z
anjsajyy,8-letters,8,available,2026-09-21T22:01:19.986Z
vcjlksri,8-letters,8,available,2026-09-21T22:01:21.529Z
dcbnlbzh,8-letters,8,available,2026-09-21T22:01:23.102Z
pryigxcd,8-letters,8,available,2026-09-21T22:01:24.629Z
ocqddycc,8-letters,8,available,2026-09-21T22:01:26.149Z
vbnqmhmm,8-letters,8,available,2026-09-21T22:01:27.831Z
qxtrmdug,8-letters,8,available,2026-09-21T22:01:29.305Z
agjgdpkg,8-letters,8,available,2026-09-21T22:01:30.864Z
vwjwtwgz,8-letters,8,available,2026-09-21T22:01:32.365Z
ncxxqnwv,8-letters,8,available,2026-09-21T22:01:33.891Z
,8-letters,8,blocked,2026-09-21T22:01:35.458Z
bceaitef,8-letters,8,available,2026-09-21T22:01:37.127Z
,8-letters,8,blocked,2026-09-21T22:01:38.694Z
zqxljhdt,8-letters,8,available,2026-09-21T22:01:40.259Z
lvcjwbjc,8-letters,8,available,2026-09-21T22:01:41.770Z
tkrgcncg,8-letters,8,available,2026-09-21T22:01:43.495Z
ultqcjue,8-letters,8,available,2026-09-21T22:01:44.511Z
cfqmepsr,8-letters,8,available,2026-09-21T22:01:46.034Z
qjuaovqf,8-letters,8,available,2026-09-21T22:01:47.584Z
fbcrjacl,8-letters,8,available,2026-09-21T22:01:49.067Z
eemlouqo,8-letters,8,available,2026-09-21T22:01:50.626Z
izfeqarc,8-letters,8,available,2026-09-21T22:01:52.297Z
okimbtfm,8-letters,8,available,2026-09-21T22:01:53.773Z
oiswtkth,8-letters,8,available,2026-09-21T22:01:55.257Z
pmndrxvx,8-letters,8,available,2026-09-21T22:01:56.744Z
xmzqomyp,8-letters,8,available,2026-09-21T22:01:58.247Z
hmbelciz,8-letters,8,available,2026-09-21T22:01:59.727Z
vmcnitqv,8-letters,8,available,2026-09-21T22:02:01.234Z
zyvhqgkr,8-letters,8,available,2026-09-21T22:02:02.781Z
kpwmjcbv,8-letters,8,available,2026-09-21T22:02:04.305Z
unltjvub,8-letters,8,available,2026-09-21T22:02:05.854Z
nclgbhzn,8-letters,8,available,2026-09-21T22:02:07.537Z
iqamdrui,8-letters,8,available,2026-09-21T22:02:09.015Z
,8-letters,8,blocked,2026-09-21T22:02:10.492Z
qwhwqaby,8-letters,8,available,2026-09-21T22:02:11.976Z
qzxrkqwl,8-letters,8,available,2026-09-21T22:02:13.632Z
zrwrylsy,8-letters,8,available,2026-09-21T22:02:15.158Z
greqaonp,8-letters,8,available,2026-09-21T22:02:16.091Z
spsigivj,8-letters,8,available,2026-09-21T22:02:17.657Z
mmodvywu,8-letters,8,available,2026-09-21T22:02:19.344Z
brheubpg,8-letters,8,available,2026-09-21T22:02:20.997Z
,8-letters,8,blocked,2026-09-21T22:02:22.472Z
ketqpxwj,8-letters,8,available,2026-09-21T22:02:24.024Z
fbkxyhmk,8-letters,8,available,2026-09-21T22:02:25.593Z
ztxlsuvk,8-letters,8,available,2026-09-21T22:02:27.345Z
wbxrgqzl,8-letters,8,available,2026-09-21T22:02:28.865Z
ufycored,8-letters,8,available,2026-09-21T22:02:30.393Z
xoqjoova,8-letters,8,available,2026-09-21T22:02:31.945Z
rslolsgd,8-letters,8,available,2026-09-21T22:02:33.628Z
qmneppbv,8-letters,8,available,2026-09-21T22:02:35.195Z
bmlcdfsm,8-letters,8,available,2026-09-21T22:02:36.761Z
teywiyxn,8-letters,8,available,2026-09-21T22:02:38.238Z
,8-letters,8,blocked,2026-09-21T22:02:39.719Z
qoubucje,8-letters,8,available,2026-09-21T22:02:41.234Z
,8-letters,8,blocked,2026-09-21T22:02:42.714Z
zqybmfhz,8-letters,8,available,2026-09-21T22:02:44.276Z
qsatwleb,8-letters,8,available,2026-09-21T22:02:45.825Z
pjslijnf,8-letters,8,available,2026-09-21T22:02:46.677Z
qsaowhwb,8-letters,8,available,2026-09-21T22:02:48.228Z
lrripnnt,8-letters,8,available,2026-09-21T22:02:49.702Z
fqppqomm,8-letters,8,available,2026-09-21T22:02:51.255Z
,8-letters,8,blocked,2026-09-21T22:02:52.867Z
ycdbqjou,8-letters,8,available,2026-09-21T22:02:54.375Z
zjyuqbsi,8-letters,8,available,2026-09-21T22:02:55.854Z
ljbbyqrt,8-letters,8,available,2026-09-21T22:02:57.415Z
lxctaiyb,8-letters,8,available,2026-09-21T22:02:58.995Z
gqammrkv,8-letters,8,available,2026-09-21T22:03:00.547Z
fpwcmflj,8-letters,8,available,2026-09-21T22:03:02.026Z
iubjaoey,8-letters,8,available,2026-09-21T22:03:03.513Z
pgvhvcfu,8-letters,8,available,2026-09-21T22:03:04.995Z
mlceebqn,8-letters,8,available,2026-09-21T22:03:06.496Z
mdznwxvl,8-letters,8,available,2026-09-21T22:03:07.970Z
brallerd,8-letters,8,taken,2026-09-21T20:36:48.335Z
tnvuxwsv,8-letters,8,available,2026-09-21T22:03:09.499Z
wdfmeccf,8-letters,8,available,2026-09-21T22:03:10.996Z
ognzeeyo,8-letters,8,available,2026-09-21T22:03:12.473Z
ggygokib,8-letters,8,available,2026-09-21T22:03:14.012Z
zeiididz,8-letters,8,available,2026-09-21T22:03:15.494Z
lvzjmscd,8-letters,8,available,2026-09-21T22:03:16.966Z
whpnufum,8-letters,8,available,2026-09-21T22:03:18.449Z
lvdxopzc,8-letters,8,available,2026-09-21T22:03:19.357Z
vowdycxb,8-letters,8,available,2026-09-21T22:03:20.834Z
hxtdwuya,8-letters,8,available,2026-09-21T22:03:22.314Z
xursvrjv,8-letters,8,available,2026-09-21T22:03:23.996Z
mvpnqzvr,8-letters,8,available,2026-09-21T22:03:25.559Z
joilvikj,8-letters,8,available,2026-09-21T22:03:27.068Z
pjtcjohh,8-letters,8,available,2026-09-21T22:03:28.568Z
oazgezmj,8-letters,8,available,2026-09-21T22:03:30.144Z
swgqqpqw,8-letters,8,available,2026-09-21T22:03:31.699Z
rrmciuwx,8-letters,8,available,2026-09-21T22:03:33.212Z
udtmmmzg,8-letters,8,available,2026-09-21T22:03:34.947Z
fpehscuq,8-letters,8,available,2026-09-21T22:03:36.499Z
szvpemxd,8-letters,8,available,2026-09-21T22:03:38.065Z
oqleohzo,8-letters,8,available,2026-09-21T22:03:39.539Z
qnwwxfum,8-letters,8,available,2026-09-21T22:03:41.196Z
lxnrtpjp,8-letters,8,available,2026-09-21T22:03:42.761Z
lefqtlya,8-letters,8,available,2026-09-21T22:03:44.327Z
tywumrfr,8-letters,8,available,2026-09-21T22:03:45.809Z
,8-letters,8,blocked,2026-09-21T22:03:47.365Z
zxgcigif,8-letters,8,available,2026-09-21T22:03:48.922Z
hdlgjonk,8-letters,8,available,2026-09-21T22:03:50.404Z
vdmgecvv,8-letters,8,available,2026-09-21T22:03:51.311Z
pvrhydzh,8-letters,8,available,2026-09-21T22:03:53.031Z
,8-letters,8,blocked,2026-09-21T22:03:54.646Z
axqrtrfs,8-letters,8,available,2026-09-21T22:03:56.125Z
vlnajjfy,8-letters,8,available,2026-09-21T22:03:57.779Z
murvubxy,8-letters,8,available,2026-09-21T22:03:59.288Z
oqfqgbyg,8-letters,8,available,2026-09-21T22:04:00.805Z
qsttewgu,8-letters,8,available,2026-09-21T22:04:02.356Z
hibnavis,8-letters,8,available,2026-09-21T22:04:03.936Z
,8-letters,8,blocked,2026-09-21T22:04:05.436Z
fvvhjwdu,8-letters,8,available,2026-09-21T22:04:06.963Z
uxfkgmmt,8-letters,8,available,2026-09-21T22:04:08.491Z
ozlhsanw,8-letters,8,available,2026-09-21T22:04:09.990Z
,8-letters,8,blocked,2026-09-21T22:04:11.481Z
imumpoto,8-letters,8,available,2026-09-21T22:04:13.121Z
vjjbwtmr,8-letters,8,available,2026-09-21T22:04:14.656Z
ohgdusbt,8-letters,8,available,2026-09-21T22:04:16.178Z
ukjmrzgj,8-letters,8,available,2026-09-21T22:04:17.714Z
ooalxedw,8-letters,8,available,2026-09-21T22:04:19.280Z
ofamuojn,8-letters,8,available,2026-09-21T22:04:20.759Z
bdgcctid,8-letters,8,available,2026-09-21T22:04:21.787Z
,8-letters,8,blocked,2026-09-21T22:04:23.353Z
bipfxqvv,8-letters,8,available,2026-09-21T22:04:24.879Z
yddfmzpb,8-letters,8,available,2026-09-21T22:04:26.485Z
klpqfnmh,8-letters,8,available,2026-09-21T22:04:28.066Z
ebursrjy,8-letters,8,available,2026-09-21T22:04:29.617Z
cqrylkgo,8-letters,8,available,2026-09-21T22:04:31.108Z
zljmqvxi,8-letters,8,available,2026-09-21T22:04:32.643Z
eitqzanp,8-letters,8,available,2026-09-21T22:04:34.209Z
vrxxmugf,8-letters,8,available,2026-09-21T22:04:35.774Z
uyxendxm,8-letters,8,available,2026-09-21T22:04:37.340Z
zurlqqdl,8-letters,8,available,2026-09-21T22:04:38.906Z
pjczqsgk,8-letters,8,available,2026-09-21T22:04:40.381Z
hcxhbqcq,8-letters,8,available,2026-09-21T22:04:41.865Z
vixqccgn,8-letters,8,available,2026-09-21T22:04:43.343Z
kcvqfjcy,8-letters,8,available,2026-09-21T22:04:44.817Z
zlkjaadz,8-letters,8,available,2026-09-21T22:04:46.344Z
wkcoxztb,8-letters,8,available,2026-09-21T22:04:47.830Z
nkqvnkhk,8-letters,8,available,2026-09-21T22:04:49.553Z
piycyrja,8-letters,8,available,2026-09-21T22:04:51.120Z
sajmlvoi,8-letters,8,available,2026-09-21T22:04:52.685Z
pjouwsoe,8-letters,8,available,2026-09-21T22:04:53.544Z
unrpiskc,8-letters,8,available,2026-09-21T22:04:55.097Z
hhsfxlfn,8-letters,8,available,2026-09-21T22:04:56.612Z
dodnmgsw,8-letters,8,available,2026-09-21T22:04:58.130Z
jjflgjmq,8-letters,8,available,2026-09-21T22:04:59.689Z
argshjdy,8-letters,8,available,2026-09-21T22:05:01.161Z
bdvhadmg,8-letters,8,available,2026-09-21T22:05:02.717Z
ypuinjfx,8-letters,8,available,2026-09-21T22:05:04.255Z
dmnkqdrn,8-letters,8,available,2026-09-21T22:05:05.849Z
pzszyxgo,8-letters,8,available,2026-09-21T22:05:07.415Z
cqdkrnpe,8-letters,8,available,2026-09-21T22:05:08.981Z
snrautwq,8-letters,8,available,2026-09-21T22:05:10.498Z
qiwqmrig,8-letters,8,available,2026-09-21T22:05:12.025Z
wjixtofv,8-letters,8,available,2026-09-21T22:05:13.574Z
zgaixrnn,8-letters,8,available,2026-09-21T22:05:15.053Z
oocrjrqr,8-letters,8,available,2026-09-21T22:05:16.565Z
vwyekcju,8-letters,8,available,2026-09-21T22:05:18.048Z
yoximfnp,8-letters,8,available,2026-09-21T22:05:19.540Z
mqlianwb,8-letters,8,available,2026-09-21T22:05:21.171Z
qdupdhgq,8-letters,8,available,2026-09-21T22:05:22.707Z
jstwgyne,8-letters,8,available,2026-09-21T22:05:24.186Z
dssltomu,8-letters,8,available,2026-09-21T22:05:25.106Z
udyrvarf,8-letters,8,available,2026-09-21T22:05:26.643Z
onzkkpzr,8-letters,8,available,2026-09-21T22:05:28.171Z
fmtdweas,8-letters,8,available,2026-09-21T22:05:29.720Z
uhlakuwq,8-letters,8,available,2026-09-21T22:05:31.244Z
wuyahgbh,8-letters,8,available,2026-09-21T22:05:32.748Z
umiyihex,8-letters,8,available,2026-09-21T22:05:34.276Z
xowojety,8-letters,8,available,2026-09-21T22:05:35.852Z
muirmwfz,8-letters,8,available,2026-09-21T22:05:37.377Z
sfsylszo,8-letters,8,available,2026-09-21T22:05:38.960Z
aswhyiwt,8-letters,8,available,2026-09-21T22:05:40.443Z
caxixxmc,8-letters,8,available,2026-09-21T22:05:41.925Z
mozxcxix,8-letters,8,available,2026-09-21T22:05:43.401Z
tjwfzxxx,8-letters,8,available,2026-09-21T22:05:45.035Z
jnqmogtn,8-letters,8,available,2026-09-21T22:05:46.511Z
wkltdvkp,8-letters,8,available,2026-09-21T22:05:47.993Z
,8-letters,8,blocked,2026-09-21T22:05:49.476Z
zlmipgqk,8-letters,8,available,2026-09-21T22:05:50.949Z
xncimndh,8-letters,8,available,2026-09-21T22:05:52.431Z
cpfnwcoy,8-letters,8,available,2026-09-21T22:05:53.912Z
sfzscnfh,8-letters,8,available,2026-09-21T22:05:55.397Z
kjpqadsx,8-letters,8,available,2026-09-21T22:05:56.971Z
npfqwbzk,8-letters,8,available,2026-09-21T22:05:57.827Z
hnhjbnpr,8-letters,8,available,2026-09-21T22:05:59.310Z
xcaudrbz,8-letters,8,available,2026-09-21T22:06:00.809Z
rpupfxur,8-letters,8,available,2026-09-21T22:06:02.322Z
hztqiikk,8-letters,8,available,2026-09-21T22:06:03.857Z
wludsbid,8-letters,8,available,2026-09-21T22:06:05.342Z
uxhfdwaj,8-letters,8,available,2026-09-21T22:06:06.831Z
hghhadgu,8-letters,8,available,2026-09-21T22:06:08.308Z
vzfvyzax,8-letters,8,available,2026-09-21T22:06:09.789Z
,8-letters,8,blocked,2026-09-21T22:06:11.280Z
iuezlgge,8-letters,8,available,2026-09-21T22:06:12.759Z
ncrpkecl,8-letters,8,available,2026-09-21T22:06:14.250Z
,8-letters,8,blocked,2026-09-21T22:06:15.729Z
mjxonohn,8-letters,8,available,2026-09-21T22:06:17.229Z
iifvlivo,8-letters,8,available,2026-09-21T22:06:18.703Z
bpuiixdm,8-letters,8,available,2026-09-21T22:06:20.175Z
lxevykbi,8-letters,8,available,2026-09-21T22:06:21.828Z
ardndypz,8-letters,8,available,2026-09-21T22:06:23.310Z
jamngwfv,8-letters,8,available,2026-09-21T22:06:24.848Z
vzhmpvpb,8-letters,8,available,2026-09-21T22:06:26.399Z
jvcxtmkh,8-letters,8,available,2026-09-21T22:06:27.988Z
qdvdhbbv,8-letters,8,available,2026-09-21T22:06:28.828Z
qipdbiwp,8-letters,8,available,2026-09-21T22:06:30.314Z
meosoigr,8-letters,8,available,2026-09-21T22:06:31.826Z
qwcnlogi,8-letters,8,available,2026-09-21T22:06:33.396Z
ypgjabum,8-letters,8,available,2026-09-21T22:06:34.880Z
qevafknq,8-letters,8,available,2026-09-21T22:06:36.356Z
xyctuthz,8-letters,8,available,2026-09-21T22:06:37.831Z
fbijlwja,8-letters,8,available,2026-09-21T22:06:39.312Z
vdkbywis,8-letters,8,available,2026-09-21T22:06:40.801Z
cqglalxp,8-letters,8,available,2026-09-21T22:06:42.286Z
rczcjwsb,8-letters,8,available,2026-09-21T22:06:43.771Z
ehxdango,8-letters,8,available,2026-09-21T22:06:45.273Z
tbincabn,8-letters,8,available,2026-09-21T22:06:46.858Z
ocjavbyv,8-letters,8,available,2026-09-21T22:06:48.443Z
yeggdxqu,8-letters,8,available,2026-09-21T22:06:49.924Z
aeybntkb,8-letters,8,available,2026-09-21T22:06:51.477Z
hjpdtzcw,8-letters,8,available,2026-09-21T22:06:52.953Z
lezhucpf,8-letters,8,available,2026-09-21T22:06:54.426Z
akisstmz,8-letters,8,available,2026-09-21T22:06:55.902Z
frzwdbfy,8-letters,8,available,2026-09-21T22:06:57.390Z
uedvtjcv,8-letters,8,available,2026-09-21T22:06:58.874Z
xudiidhq,8-letters,8,available,2026-09-21T22:06:59.742Z
dttlwwdr,8-letters,8,available,2026-09-21T22:07:01.227Z
pjkbjrib,8-letters,8,available,2026-09-21T22:07:02.705Z
uarszxys,8-letters,8,available,2026-09-21T22:07:04.197Z
elebxbkd,8-letters,8,available,2026-09-21T22:07:05.674Z
fstqasof,8-letters,8,available,2026-09-21T22:07:07.149Z
okwicwvt,8-letters,8,available,2026-09-21T22:07:08.757Z
cuyagxfh,8-letters,8,available,2026-09-21T22:07:10.228Z
ydrembmw,8-letters,8,available,2026-09-21T22:07:11.716Z
wotcehpg,8-letters,8,available,2026-09-21T22:07:13.244Z
uiyvehft,8-letters,8,available,2026-09-21T22:07:14.799Z
aktqvfer,8-letters,8,available,2026-09-21T22:07:16.338Z
whxistmm,8-letters,8,available,2026-09-21T22:07:17.822Z
tbtmviui,8-letters,8,available,2026-09-21T22:07:19.311Z
vjeydwgd,8-letters,8,available,2026-09-21T22:07:20.795Z
yzpnmnxq,8-letters,8,available,2026-09-21T22:07:22.283Z
hnsqdbay,8-letters,8,available,2026-09-21T22:07:23.797Z
cctgduvd,8-letters,8,available,2026-09-21T22:07:25.337Z
pxgedskz,8-letters,8,available,2026-09-21T22:07:26.830Z
swotstll,8-letters,8,available,2026-09-21T22:07:28.320Z
ldkcmmdj,8-letters,8,available,2026-09-21T22:07:30.065Z
zyiclgoq,8-letters,8,available,2026-09-21T22:07:31.630Z
vqcqdroq,8-letters,8,available,2026-09-21T22:07:32.524Z
zitdhqib,8-letters,8,available,2026-09-21T22:07:34.006Z
cpsplavn,8-letters,8,available,2026-09-21T22:07:35.481Z
amwbwxho,8-letters,8,available,2026-09-21T22:07:36.997Z
vtfiwtjz,8-letters,8,available,2026-09-21T22:07:38.493Z
kxkjenhv,8-letters,8,available,2026-09-21T22:07:39.971Z
cephncva,8-letters,8,available,2026-09-21T22:07:41.455Z
dkhcvfgb,8-letters,8,available,2026-09-21T22:07:42.947Z
mjkgrtzd,8-letters,8,available,2026-09-21T22:07:44.426Z
snyqwnxn,8-letters,8,available,2026-09-21T22:07:45.972Z
lsdlqcdd,8-letters,8,available,2026-09-21T22:07:47.615Z
mafdmswd,8-letters,8,available,2026-09-21T22:07:49.132Z
wtqbkonx,8-letters,8,available,2026-09-21T22:07:50.613Z
,8-letters,8,blocked,2026-09-21T22:07:52.130Z
znoiqali,8-letters,8,available,2026-09-21T22:07:53.614Z
rsvyxnns,8-letters,8,available,2026-09-21T22:07:55.095Z
,8-letters,8,blocked,2026-09-21T22:07:56.619Z
iobxjqbe,8-letters,8,available,2026-09-21T22:07:58.231Z
cxnulnfg,8-letters,8,available,2026-09-21T22:07:59.715Z
rcuhrwev,8-letters,8,available,2026-09-21T22:08:01.192Z
hzbrvknl,8-letters,8,available,2026-09-21T22:08:02.667Z
hhooqjvp,8-letters,8,available,2026-09-21T22:08:03.560Z
yrpjlflq,8-letters,8,available,2026-09-21T22:08:05.108Z
vnndasfp,8-letters,8,available,2026-09-21T22:08:06.893Z
kiydwcbs,8-letters,8,available,2026-09-21T22:08:08.448Z
evpbbcvr,8-letters,8,available,2026-09-21T22:08:10.071Z
uyrjjlvi,8-letters,8,available,2026-09-21T22:08:11.552Z
zyvdqstb,8-letters,8,available,2026-09-21T22:08:13.029Z
clatkyfd,8-letters,8,available,2026-09-21T22:08:14.553Z
rhyhmsyw,8-letters,8,available,2026-09-21T22:08:16.037Z
eoiuiqfd,8-letters,8,available,2026-09-21T22:08:17.539Z
rnhknjwj,8-letters,8,available,2026-09-21T22:08:19.095Z
dvwxgaip,8-letters,8,available,2026-09-21T22:08:20.596Z
,8-letters,8,blocked,2026-09-21T22:08:22.078Z
zpsionxz,8-letters,8,available,2026-09-21T22:08:23.559Z
gsdtgeel,8-letters,8,available,2026-09-21T22:08:25.148Z
awjkkzfp,8-letters,8,available,2026-09-21T22:08:26.634Z
zhnmzspn,8-letters,8,available,2026-09-21T22:08:28.176Z
geyggetd,8-letters,8,available,2026-09-21T22:08:29.702Z
ycfcszie,8-letters,8,available,2026-09-21T22:08:31.412Z
unyyzhkh,8-letters,8,available,2026-09-21T22:08:32.897Z
,8-letters,8,blocked,2026-09-21T22:08:34.376Z
arantzrf,8-letters,8,available,2026-09-21T22:08:35.248Z
cjunouzb,8-letters,8,available,2026-09-21T22:08:36.749Z
ztnwrros,8-letters,8,available,2026-09-21T22:08:38.275Z
jzxipmne,8-letters,8,available,2026-09-21T22:08:39.882Z
gvimntql,8-letters,8,available,2026-09-21T22:08:41.365Z
xcsbuypx,8-letters,8,available,2026-09-21T22:08:42.909Z
qxnipdmy,8-letters,8,available,2026-09-21T22:08:44.416Z
hqqebqaa,8-letters,8,available,2026-09-21T22:08:46.160Z
ybvmxyqc,8-letters,8,available,2026-09-21T22:08:47.710Z
tchpvzap,8-letters,8,available,2026-09-21T22:08:49.220Z
krfaiaof,8-letters,8,available,2026-09-21T22:08:50.715Z
erqfsygq,8-letters,8,available,2026-09-21T22:08:52.408Z
snpkbcev,8-letters,8,available,2026-09-21T22:08:53.974Z
wstvbijm,8-letters,8,available,2026-09-21T22:08:55.457Z
cbokxjst,8-letters,8,available,2026-09-21T22:08:57.000Z
flnjtxev,8-letters,8,available,2026-09-21T22:08:58.550Z
gdjqzgsa,8-letters,8,available,2026-09-21T22:09:00.109Z
rifbotpd,8-letters,8,available,2026-09-21T22:09:01.697Z
bkijurfh,8-letters,8,available,2026-09-21T22:09:03.263Z
,8-letters,8,blocked,2026-09-21T22:09:04.746Z
moxbhkla,8-letters,8,available,2026-09-21T22:09:06.292Z
sbexhkmw,8-letters,8,available,2026-09-21T22:09:07.197Z
,8-letters,8,blocked,2026-09-21T22:09:08.755Z
iqpgzhqv,8-letters,8,available,2026-09-21T22:09:10.260Z
ulouzmqg,8-letters,8,available,2026-09-21T22:09:11.825Z
,8-letters,8,blocked,2026-09-21T22:09:13.393Z
,8-letters,8,blocked,2026-09-21T22:09:15.083Z
kvcwtxxv,8-letters,8,available,2026-09-21T22:09:16.563Z
,8-letters,8,blocked,2026-09-21T22:09:18.089Z
ptcnawkk,8-letters,8,available,2026-09-21T22:09:19.603Z
acomdlce,8-letters,8,available,2026-09-21T22:09:21.095Z
hixprtri,8-letters,8,available,2026-09-21T22:09:22.581Z
clhiyvub,8-letters,8,available,2026-09-21T22:09:24.142Z
agbqzpaj,8-letters,8,available,2026-09-21T22:09:25.708Z
xcuxlawk,8-letters,8,available,2026-09-21T22:09:27.182Z
gxmhtmod,8-letters,8,available,2026-09-21T22:09:28.735Z
mcrtubzb,8-letters,8,available,2026-09-21T22:09:30.301Z
rabefwvf,8-letters,8,available,2026-09-21T22:09:31.860Z
nrsprbdq,8-letters,8,available,2026-09-21T22:09:33.432Z
ponbvzxj,8-letters,8,available,2026-09-21T22:09:34.961Z
khvxyykz,8-letters,8,available,2026-09-21T22:09:36.563Z
ppkewqew,8-letters,8,available,2026-09-21T22:09:38.160Z
gknqzgsa,8-letters,8,available,2026-09-21T22:09:39.080Z
ksaublep,8-letters,8,available,2026-09-21T22:09:40.558Z
kmbdgaca,8-letters,8,available,2026-09-21T22:09:42.107Z
awiyjphm,8-letters,8,available,2026-09-21T22:09:43.617Z
,8-letters,8,blocked,2026-09-21T22:09:45.135Z
vnfwjnzc,8-letters,8,available,2026-09-21T22:09:46.633Z
bkpgkjkx,8-letters,8,available,2026-09-21T22:09:48.266Z
yiatykcn,8-letters,8,available,2026-09-21T22:09:49.842Z
ndiweffl,8-letters,8,available,2026-09-21T22:09:51.396Z
sewidjke,8-letters,8,available,2026-09-21T22:09:52.904Z
kgkqompb,8-letters,8,available,2026-09-21T22:09:54.403Z
dnpsepke,8-letters,8,available,2026-09-21T22:09:55.959Z
tsyqbttk,8-letters,8,available,2026-09-21T22:09:57.513Z
,8-letters,8,blocked,2026-09-21T22:09:59.008Z
prwpuget,8-letters,8,available,2026-09-21T22:10:00.536Z
ocyjnlwc,8-letters,8,available,2026-09-21T22:10:02.109Z
xbvoaeox,8-letters,8,available,2026-09-21T22:10:03.681Z
bccwnhkz,8-letters,8,available,2026-09-21T22:10:05.161Z
vacqakhm,8-letters,8,available,2026-09-21T22:10:06.675Z
zscymwvi,8-letters,8,available,2026-09-21T22:10:08.186Z
hlzdwxka,8-letters,8,available,2026-09-21T22:10:09.752Z
sdltyigx,8-letters,8,available,2026-09-21T22:10:10.727Z
fezdctso,8-letters,8,available,2026-09-21T22:10:12.293Z
ylihfkwk,8-letters,8,available,2026-09-21T22:10:13.777Z
tdsqahqf,8-letters,8,available,2026-09-21T22:10:15.320Z
lhajmonm,8-letters,8,available,2026-09-21T22:10:16.884Z
najwsoad,8-letters,8,available,2026-09-21T22:10:18.447Z
rzjwyyou,8-letters,8,available,2026-09-21T22:10:19.962Z
wnuabiqd,8-letters,8,available,2026-09-21T22:10:21.434Z
djpigpvn,8-letters,8,available,2026-09-21T22:10:22.920Z
lareueqi,8-letters,8,available,2026-09-21T22:10:24.609Z
rviuclsn,8-letters,8,available,2026-09-21T22:10:26.106Z
trtqrccx,8-letters,8,available,2026-09-21T22:10:27.623Z
ahbrhqgf,8-letters,8,available,2026-09-21T22:10:29.105Z
xgmxxywq,8-letters,8,available,2026-09-21T22:10:30.648Z
vrhvomec,8-letters,8,available,2026-09-21T22:10:32.128Z
jadhohhq,8-letters,8,available,2026-09-21T22:10:33.674Z
mlybqdzj,8-letters,8,available,2026-09-21T22:10:35.195Z
sjjxqeqq,8-letters,8,available,2026-09-21T22:10:36.700Z
,8-letters,8,blocked,2026-09-21T22:10:38.261Z
nrowymxf,8-letters,8,available,2026-09-21T22:10:39.739Z
sdivgnrn,8-letters,8,available,2026-09-21T22:10:41.277Z
wxvwygdf,8-letters,8,available,2026-09-21T22:10:42.222Z
,8-letters,8,blocked,2026-09-21T22:10:43.712Z
idufbjge,8-letters,8,available,2026-09-21T22:10:45.248Z
hxilinxz,8-letters,8,available,2026-09-21T22:10:46.813Z
mhpgdsvu,8-letters,8,available,2026-09-21T22:10:48.377Z
frzfcupn,8-letters,8,available,2026-09-21T22:10:49.941Z
mkqoosgm,8-letters,8,available,2026-09-21T22:10:51.506Z
xiybbknq,8-letters,8,available,2026-09-21T22:10:53.070Z
prycsfni,8-letters,8,available,2026-09-21T22:10:54.591Z
xowncxuv,8-letters,8,available,2026-09-21T22:10:56.094Z
efrwejof,8-letters,8,available,2026-09-21T22:10:57.659Z
eoyhxwwo,8-letters,8,available,2026-09-21T22:10:59.183Z
toiputsm,8-letters,8,available,2026-09-21T22:11:00.684Z
shmdckhv,8-letters,8,available,2026-09-21T22:11:02.160Z
hzfcowtd,8-letters,8,available,2026-09-21T22:11:03.637Z
ssxdzmpn,8-letters,8,available,2026-09-21T22:11:05.118Z
rfrflmpm,8-letters,8,available,2026-09-21T22:11:06.630Z
mkgydmji,8-letters,8,available,2026-09-21T22:11:08.192Z
fvpwsgtm,8-letters,8,available,2026-09-21T22:11:09.669Z
dldfqfnl,8-letters,8,available,2026-09-21T22:11:11.153Z
ettaiulw,8-letters,8,available,2026-09-21T22:11:12.682Z
lbmminvp,8-letters,8,available,2026-09-21T22:11:13.708Z
mvxttzka,8-letters,8,available,2026-09-21T22:11:15.185Z
tgbzyeqf,8-letters,8,available,2026-09-21T22:11:16.674Z
zltbojlg,8-letters,8,available,2026-09-21T22:11:18.285Z
bwbfdbly,8-letters,8,available,2026-09-21T22:11:19.877Z
hhakrvgg,8-letters,8,available,2026-09-21T22:11:21.429Z
yegotqgh,8-letters,8,available,2026-09-21T22:11:22.964Z
,8-letters,8,blocked,2026-09-21T22:11:24.455Z
tfzedews,8-letters,8,available,2026-09-21T22:11:26.029Z
mczchhuy,8-letters,8,available,2026-09-21T22:11:27.585Z
yasxljxh,8-letters,8,available,2026-09-21T22:11:29.162Z
zivbsuuf,8-letters,8,available,2026-09-21T22:11:30.716Z
qcbijdxt,8-letters,8,available,2026-09-21T22:11:32.192Z
vgsetaek,8-letters,8,available,2026-09-21T22:11:33.742Z
yorliktj,8-letters,8,available,2026-09-21T22:11:35.242Z
cmbzddul,8-letters,8,available,2026-09-21T22:11:36.769Z
,8-letters,8,blocked,2026-09-21T22:11:38.335Z
aqmicmzp,8-letters,8,available,2026-09-21T22:11:39.867Z
okvljeri,8-letters,8,available,2026-09-21T22:11:41.354Z
qbzkemow,8-letters,8,available,2026-09-21T22:11:42.926Z
dngyhqyk,8-letters,8,available,2026-09-21T22:11:44.435Z
lpgkwdkp,8-letters,8,available,2026-09-21T22:11:45.327Z
ajcxoviq,8-letters,8,available,2026-09-21T22:11:46.857Z
pkuuxssu,8-letters,8,available,2026-09-21T22:11:48.349Z
paxsncfp,8-letters,8,available,2026-09-21T22:11:49.936Z
yfurqxpg,8-letters,8,available,2026-09-21T22:11:51.426Z
rmvvlbgw,8-letters,8,available,2026-09-21T22:11:52.936Z
vidkvtcg,8-letters,8,available,2026-09-21T22:11:54.501Z
dpkztvpe,8-letters,8,available,2026-09-21T22:11:55.982Z
,8-letters,8,blocked,2026-09-21T22:11:57.455Z
ghljzsmg,8-letters,8,available,2026-09-21T22:11:58.990Z
wauliutc,8-letters,8,available,2026-09-21T22:12:00.468Z
cejtbklj,8-letters,8,available,2026-09-21T22:12:02.018Z
,8-letters,8,blocked,2026-09-21T22:12:03.585Z
sdennzos,8-letters,8,available,2026-09-21T22:12:05.125Z
bwrpbhmh,8-letters,8,available,2026-09-21T22:12:06.680Z
lcrkhxmf,8-letters,8,available,2026-09-21T22:12:08.185Z
zhvhjjls,8-letters,8,available,2026-09-21T22:12:09.698Z
,8-letters,8,blocked,2026-09-21T22:12:11.170Z
uutvgzns,8-letters,8,available,2026-09-21T22:12:12.669Z
hbdvughv,8-letters,8,available,2026-09-21T22:12:14.234Z
mwgazsde,8-letters,8,available,2026-09-21T22:12:15.892Z
pambvmar,8-letters,8,available,2026-09-21T22:12:16.845Z
smcukjbm,8-letters,8,available,2026-09-21T22:12:18.322Z
urujlhmh,8-letters,8,available,2026-09-21T22:12:19.845Z
fgewdxvr,8-letters,8,available,2026-09-21T22:12:21.325Z
qnssueqa,8-letters,8,available,2026-09-21T22:12:22.810Z
htpuwetm,8-letters,8,available,2026-09-21T22:12:24.295Z
fijvjoub,8-letters,8,available,2026-09-21T22:12:26.027Z
imwpqobn,8-letters,8,available,2026-09-21T22:12:27.556Z
xgkayrvq,8-letters,8,available,2026-09-21T22:12:29.050Z
pphirymy,8-letters,8,available,2026-09-21T22:12:30.619Z
udjuadwf,8-letters,8,available,2026-09-21T22:12:32.124Z
xiigmsxz,8-letters,8,available,2026-09-21T22:12:33.607Z
ualpuwyr,8-letters,8,available,2026-09-21T22:12:35.089Z
benthdhy,8-letters,8,available,2026-09-21T22:12:36.571Z
suqygvwd,8-letters,8,available,2026-09-21T22:12:38.154Z
,8-letters,8,blocked,2026-09-21T22:12:39.664Z
ccsuwyzi,8-letters,8,available,2026-09-21T22:12:41.200Z
gihzdkki,8-letters,8,available,2026-09-21T22:12:42.755Z
ajkkmjyi,8-letters,8,available,2026-09-21T22:12:44.321Z
gbedepre,8-letters,8,available,2026-09-21T22:12:45.887Z
celgncvx,8-letters,8,available,2026-09-21T22:12:47.452Z
rggvzupv,8-letters,8,available,2026-09-21T22:12:48.320Z
drwtvuwe,8-letters,8,available,2026-09-21T22:12:49.858Z
bnbzparz,8-letters,8,available,2026-09-21T22:12:51.447Z
rmorjadx,8-letters,8,available,2026-09-21T22:12:52.994Z
,8-letters,8,blocked,2026-09-21T22:12:54.507Z
ujmoeerd,8-letters,8,available,2026-09-21T22:12:56.001Z
vrghekqm,8-letters,8,available,2026-09-21T22:12:57.511Z
ltxxilug,8-letters,8,available,2026-09-21T22:12:59.046Z
aoremlaa,8-letters,8,available,2026-09-21T22:13:00.636Z
woxudoye,8-letters,8,available,2026-09-21T22:13:02.124Z
pmzvewmz,8-letters,8,available,2026-09-21T22:13:03.601Z
ycrwxnet,8-letters,8,available,2026-09-21T22:13:05.085Z
,8-letters,8,blocked,2026-09-21T22:13:06.567Z
hjrealxa,8-letters,8,available,2026-09-21T22:13:08.044Z
snrssvce,8-letters,8,available,2026-09-21T22:13:09.551Z
bfmpwdqy,8-letters,8,available,2026-09-21T22:13:11.116Z
,8-letters,8,blocked,2026-09-21T22:13:12.683Z
zfsmthli,8-letters,8,available,2026-09-21T22:13:14.173Z
khdxursq,8-letters,8,available,2026-09-21T22:13:15.709Z
,8-letters,8,blocked,2026-09-21T22:13:17.275Z
zdrzjakr,8-letters,8,available,2026-09-21T22:13:18.787Z
hezoalss,8-letters,8,available,2026-09-21T22:13:19.693Z
aqfuphti,8-letters,8,available,2026-09-21T22:13:21.247Z
wuuaevrt,8-letters,8,available,2026-09-21T22:13:22.727Z
zslxerqf,8-letters,8,available,2026-09-21T22:13:24.257Z
xydadhtt,8-letters,8,available,2026-09-21T22:13:25.916Z
rfvxoyps,8-letters,8,available,2026-09-21T22:13:27.471Z
qeqstjrs,8-letters,8,available,2026-09-21T22:13:29.130Z
poshzsij,8-letters,8,available,2026-09-21T22:13:30.617Z
oveweizu,8-letters,8,available,2026-09-21T22:13:32.105Z
jwacbtdw,8-letters,8,available,2026-09-21T22:13:33.691Z
lnzvltqm,8-letters,8,available,2026-09-21T22:13:35.167Z
hcdwzqhx,8-letters,8,available,2026-09-21T22:13:36.734Z
yajtzonj,8-letters,8,available,2026-09-21T22:13:38.224Z
lmnmqfnq,8-letters,8,available,2026-09-21T22:13:39.704Z
trcpfnhm,8-letters,8,available,2026-09-21T22:13:41.188Z
yqwdbwdj,8-letters,8,available,2026-09-21T22:13:42.684Z
oyqskekk,8-letters,8,available,2026-09-21T22:13:44.222Z
vcocpzmy,8-letters,8,available,2026-09-21T22:13:45.816Z
qttuapkp,8-letters,8,available,2026-09-21T22:13:47.308Z
fbkrccyz,8-letters,8,available,2026-09-21T22:13:48.838Z
sbjnmgel,8-letters,8,available,2026-09-21T22:13:50.372Z
nkhpgrgv,8-letters,8,available,2026-09-21T22:13:51.269Z
pjnsbqxj,8-letters,8,available,2026-09-21T22:13:52.820Z
wpfpsywu,8-letters,8,available,2026-09-21T22:13:54.341Z
gnpuqdfw,8-letters,8,available,2026-09-21T22:13:55.865Z
,8-letters,8,blocked,2026-09-21T22:13:57.415Z
,8-letters,8,blocked,2026-09-21T22:13:58.980Z
,8-letters,8,blocked,2026-09-21T22:14:00.546Z
qxfkmmnz,8-letters,8,available,2026-09-21T22:14:02.028Z
mkwntvdj,8-letters,8,available,2026-09-21T22:14:03.572Z
oouicwak,8-letters,8,available,2026-09-21T22:14:05.137Z
hschewpz,8-letters,8,available,2026-09-21T22:14:06.912Z
sgzbliqs,8-letters,8,available,2026-09-21T22:14:08.581Z
jecxbxha,8-letters,8,available,2026-09-21T22:14:10.098Z
zsjysfab,8-letters,8,available,2026-09-21T22:14:11.608Z
nvrwirnm,8-letters,8,available,2026-09-21T22:14:13.159Z
mdwymhtw,8-letters,8,available,2026-09-21T22:14:14.844Z
zfzeazjj,8-letters,8,available,2026-09-21T22:14:16.409Z
akcotsqu,8-letters,8,available,2026-09-21T22:14:17.975Z
srxsmbml,8-letters,8,available,2026-09-21T22:14:19.645Z
oaiwynnv,8-letters,8,available,2026-09-21T22:14:21.139Z
srjoszdk,8-letters,8,available,2026-09-21T22:14:22.672Z
vintcahf,8-letters,8,available,2026-09-21T22:14:23.642Z
,8-letters,8,blocked,2026-09-21T22:14:25.416Z
objgqcfd,8-letters,8,available,2026-09-21T22:14:26.901Z
qvcswnon,8-letters,8,available,2026-09-21T22:14:28.443Z
xfmcgcwq,8-letters,8,available,2026-09-21T22:14:29.973Z
zrcoruoc,8-letters,8,available,2026-09-21T22:14:31.470Z
phsghzgb,8-letters,8,available,2026-09-21T22:14:33.006Z
tpmyhziq,8-letters,8,available,2026-09-21T22:14:34.497Z
jcjgwuat,8-letters,8,available,2026-09-21T22:14:36.044Z
sgbsycmv,8-letters,8,available,2026-09-21T22:14:37.628Z
plgqscrc,8-letters,8,available,2026-09-21T22:14:39.118Z
oimridlw,8-letters,8,available,2026-09-21T22:14:40.656Z
hppfhjyx,8-letters,8,available,2026-09-21T22:14:42.221Z
kccqqlof,8-letters,8,available,2026-09-21T22:14:43.787Z
czhzvdhh,8-letters,8,available,2026-09-21T22:14:45.333Z
bxnhinok,8-letters,8,available,2026-09-21T22:14:47.023Z
dujqqaks,8-letters,8,available,2026-09-21T22:14:48.588Z
dkelnbdj,8-letters,8,available,2026-09-21T22:14:50.154Z
,8-letters,8,blocked,2026-09-21T22:14:51.874Z
uluyrjrs,8-letters,8,available,2026-09-21T22:14:53.374Z
bbisemgp,8-letters,8,available,2026-09-21T22:14:54.931Z
nuelhegv,8-letters,8,available,2026-09-21T22:14:55.932Z
uljlgmme,8-letters,8,available,2026-09-21T22:14:57.473Z
awpzhlwl,8-letters,8,available,2026-09-21T22:14:58.985Z
plhgjevt,8-letters,8,available,2026-09-21T22:15:00.551Z
rvwxpeuu,8-letters,8,available,2026-09-21T22:15:02.034Z
eioslazs,8-letters,8,available,2026-09-21T22:15:03.578Z
myijwpax,8-letters,8,available,2026-09-21T22:15:05.063Z
okmgvtrh,8-letters,8,available,2026-09-21T22:15:06.606Z
dpqnyjqn,8-letters,8,available,2026-09-21T22:15:08.095Z
dlbjnzet,8-letters,8,available,2026-09-21T22:15:09.582Z
twsnrgtb,8-letters,8,available,2026-09-21T22:15:11.094Z
bzrqxhbi,8-letters,8,available,2026-09-21T22:15:12.605Z
doxoheob,8-letters,8,available,2026-09-21T22:15:14.115Z
hrymbcvu,8-letters,8,available,2026-09-21T22:15:15.687Z
gsgngjev,8-letters,8,available,2026-09-21T22:15:17.169Z
vvgsnwex,8-letters,8,available,2026-09-21T22:15:18.664Z
ihbjjfrb,8-letters,8,available,2026-09-21T22:15:20.175Z
nspelcvb,8-letters,8,available,2026-09-21T22:15:21.676Z
rbommjnk,8-letters,8,available,2026-09-21T22:15:23.158Z
kpstbuiv,8-letters,8,available,2026-09-21T22:15:24.634Z
xumptlvd,8-letters,8,available,2026-09-21T22:15:26.129Z
ayslvoxf,8-letters,8,available,2026-09-21T22:15:27.078Z
faqpqvqa,8-letters,8,available,2026-09-21T22:15:28.596Z
rgmvgsvs,8-letters,8,available,2026-09-21T22:15:30.162Z
ceyeclqz,8-letters,8,available,2026-09-21T22:15:31.728Z
uvweoygi,8-letters,8,available,2026-09-21T22:15:33.259Z
aezfgbot,8-letters,8,available,2026-09-21T22:15:34.756Z
klwbqnlu,8-letters,8,available,2026-09-21T22:15:36.322Z
nxjmrgdl,8-letters,8,available,2026-09-21T22:15:37.993Z
qrcmfncg,8-letters,8,available,2026-09-21T22:15:39.501Z
,8-letters,8,blocked,2026-09-21T22:15:41.020Z
sfkjjgkg,8-letters,8,available,2026-09-21T22:15:42.507Z
yfddtnoa,8-letters,8,available,2026-09-21T22:15:44.059Z
tvxbdakd,8-letters,8,available,2026-09-21T22:15:45.579Z
nemmduvn,8-letters,8,available,2026-09-21T22:15:47.176Z
enqbcirz,8-letters,8,available,2026-09-21T22:15:48.660Z
ztmggzkn,8-letters,8,available,2026-09-21T22:15:50.167Z
tgbyqupa,8-letters,8,available,2026-09-21T22:15:51.663Z
,8-letters,8,blocked,2026-09-21T22:15:53.229Z
surkatxv,8-letters,8,available,2026-09-21T22:15:54.763Z
zjowifij,8-letters,8,available,2026-09-21T22:15:56.368Z
vthpkfaf,8-letters,8,available,2026-09-21T22:15:57.849Z
mneozxsd,8-letters,8,available,2026-09-21T22:15:58.788Z
cufmcrkl,8-letters,8,available,2026-09-21T22:16:00.305Z
dmnhydpo,8-letters,8,available,2026-09-21T22:16:01.924Z
ypmclbzq,8-letters,8,available,2026-09-21T22:16:03.409Z
mpjlkyjy,8-letters,8,available,2026-09-21T22:16:04.953Z
nsryztsm,8-letters,8,available,2026-09-21T22:16:06.446Z
jqowfugt,8-letters,8,available,2026-09-21T22:16:07.981Z
zgbtjhah,8-letters,8,available,2026-09-21T22:16:09.519Z
dlnubmxn,8-letters,8,available,2026-09-21T22:16:11.010Z
qa_h,4-underscore,4,taken,2026-09-21T22:18:08.910Z
