name,class,length,checked_at
pas,random-alnum,3,2026-09-21T19:35:12.738Z
vec,random-alnum,3,2026-09-21T19:35:17.548Z
adi,random-alnum,3,2026-09-21T19:35:34.345Z
dhm,random-alnum,3,2026-09-21T19:35:39.344Z
gok,random-alnum,3,2026-09-21T19:35:43.165Z
man,random-alnum,3,2026-09-21T19:36:00.561Z
yzi,random-alnum,3,2026-09-21T19:36:19.567Z
mas,random-alnum,3,2026-09-21T19:36:22.771Z
ksi,random-alnum,3,2026-09-21T19:36:28.539Z
d7x,random-alnum,3,2026-09-21T19:36:40.709Z
huk,random-alnum,3,2026-09-21T19:36:47.518Z
tal,random-alnum,3,2026-09-21T19:36:50.539Z
jem,random-alnum,3,2026-09-21T19:37:10.583Z
dox,random-alnum,3,2026-09-21T19:37:25.214Z
nzm,random-alnum,3,2026-09-21T19:37:31.929Z
zyl,random-alnum,3,2026-09-21T19:37:34.088Z
167,random-alnum,3,2026-09-21T19:37:34.747Z
mai,random-alnum,3,2026-09-21T19:37:36.783Z
jm9,random-alnum,3,2026-09-21T19:37:50.288Z
33s,random-alnum,3,2026-09-21T19:37:55.327Z
bmo,random-alnum,3,2026-09-21T19:37:55.921Z
zed,random-letters,3,2026-09-21T19:38:16.325Z
eli,random-letters,3,2026-09-21T19:38:20.509Z
xty,random-letters,3,2026-09-21T19:38:26.638Z
mjk,random-letters,3,2026-09-21T19:38:33.854Z
crm,random-letters,3,2026-09-21T19:38:34.554Z
zej,random-letters,3,2026-09-21T19:38:37.157Z
mxy,random-letters,3,2026-09-21T19:38:37.773Z
jet,random-letters,3,2026-09-21T19:38:40.459Z
bel,random-letters,3,2026-09-21T19:38:43.639Z
fat,random-letters,3,2026-09-21T19:38:44.766Z
jin,random-letters,3,2026-09-21T19:38:45.569Z
huh,random-letters,3,2026-09-21T19:38:53.941Z
ezy,random-letters,3,2026-09-21T19:38:55.622Z
gad,random-letters,3,2026-09-21T19:39:13.237Z
mag,random-letters,3,2026-09-21T19:39:19.397Z
lcs,random-letters,3,2026-09-21T19:39:21.809Z
xnq,random-letters,3,2026-09-21T19:39:32.307Z
pun,random-letters,3,2026-09-21T19:39:34.489Z
jud,random-letters,3,2026-09-21T19:39:35.244Z
iam,random-letters,3,2026-09-21T19:39:48.689Z
kod,random-letters,3,2026-09-21T19:39:53.522Z
jub,random-letters,3,2026-09-21T19:39:54.275Z
kyt,random-letters,3,2026-09-21T19:39:58.243Z
lax,random-letters,3,2026-09-21T19:39:58.571Z
lox,random-letters,3,2026-09-21T19:40:07.841Z
dbj,random-letters,3,2026-09-21T19:40:19.890Z
rot,random-letters,3,2026-09-21T19:40:20.923Z
fei,random-letters,3,2026-09-21T19:40:22.403Z
nyc,random-letters,3,2026-09-21T19:40:25.879Z
xom,random-letters,3,2026-09-21T19:40:30.002Z
jhu,random-letters,3,2026-09-21T19:40:30.795Z
nwt,random-letters,3,2026-09-21T19:40:33.263Z
hey,random-letters,3,2026-09-21T19:40:34.365Z
she,random-letters,3,2026-09-21T19:40:38.179Z
sxl,random-letters,3,2026-09-21T19:40:39.029Z
ayr,random-letters,3,2026-09-21T19:40:40.797Z
qqp,random-letters,3,2026-09-21T19:40:47.266Z
eww,random-letters,3,2026-09-21T19:40:50.093Z
akr,random-letters,3,2026-09-21T19:41:00.221Z
pix,random-letters,3,2026-09-21T19:41:01.857Z
zey,random-letters,3,2026-09-21T19:41:04.573Z
ppo,random-letters,3,2026-09-21T19:41:05.192Z
8nmm,random-alnum,4,2026-09-21T19:41:07.108Z
dkxw,random-alnum,4,2026-09-21T19:41:08.326Z
urnd,random-alnum,4,2026-09-21T19:41:09.014Z
2381,random-alnum,4,2026-09-21T19:41:10.975Z
cydq,random-alnum,4,2026-09-21T19:41:13.410Z
f858,random-alnum,4,2026-09-21T19:41:13.666Z
epff,random-alnum,4,2026-09-21T19:41:15.350Z
g4t0,random-alnum,4,2026-09-21T19:41:16.424Z
h4in,random-alnum,4,2026-09-21T19:41:16.682Z
9nvz,random-alnum,4,2026-09-21T19:41:17.847Z
db5b,random-alnum,4,2026-09-21T19:41:18.176Z
rfg3,random-alnum,4,2026-09-21T19:41:19.053Z
i8zy,random-alnum,4,2026-09-21T19:41:20.932Z
4dre,random-alnum,4,2026-09-21T19:41:21.330Z
dw5f,random-alnum,4,2026-09-21T19:41:21.960Z
ibdg,random-alnum,4,2026-09-21T19:41:23.428Z
3zdv,random-alnum,4,2026-09-21T19:41:24.226Z
4lwd,random-alnum,4,2026-09-21T19:41:25.908Z
pruu,random-alnum,4,2026-09-21T19:41:26.672Z
vcrv,random-alnum,4,2026-09-21T19:41:28.818Z
bgg3,random-alnum,4,2026-09-21T19:41:29.698Z
ainw,random-alnum,4,2026-09-21T19:41:31.175Z
b3oj,random-alnum,4,2026-09-21T19:41:31.428Z
vcjt,random-alnum,4,2026-09-21T19:41:32.614Z
5i6l,random-alnum,4,2026-09-21T19:41:34.372Z
cqiv,random-alnum,4,2026-09-21T19:41:36.106Z
dwkl,random-alnum,4,2026-09-21T19:41:36.385Z
ka29,random-alnum,4,2026-09-21T19:41:36.685Z
i3ld,random-alnum,4,2026-09-21T19:41:37.890Z
ug45,random-alnum,4,2026-09-21T19:41:38.763Z
ai5n,random-alnum,4,2026-09-21T19:41:39.049Z
nymq,random-alnum,4,2026-09-21T19:41:39.748Z
a1er,random-alnum,4,2026-09-21T19:41:43.967Z
exjn,random-alnum,4,2026-09-21T19:41:44.289Z
mqcz,random-alnum,4,2026-09-21T19:41:45.735Z
pr15,random-alnum,4,2026-09-21T19:41:46.077Z
u3is,random-alnum,4,2026-09-21T19:41:46.423Z
y694,random-alnum,4,2026-09-21T19:41:48.442Z
jfda,random-alnum,4,2026-09-21T19:41:50.379Z
57iq,random-alnum,4,2026-09-21T19:41:50.641Z
sknc,random-alnum,4,2026-09-21T19:41:51.840Z
7fud,random-alnum,4,2026-09-21T19:41:52.675Z
m2bm,random-alnum,4,2026-09-21T19:41:53.455Z
dffd,random-alnum,4,2026-09-21T19:41:53.705Z
qpgc,random-alnum,4,2026-09-21T19:41:54.060Z
zfmx,random-alnum,4,2026-09-21T19:41:55.099Z
ilaq,random-alnum,4,2026-09-21T19:41:56.306Z
nd32,random-alnum,4,2026-09-21T19:41:56.586Z
gp7i,random-alnum,4,2026-09-21T19:41:57.394Z
q6ij,random-alnum,4,2026-09-21T19:41:58.507Z
0reo,random-alnum,4,2026-09-21T19:41:58.697Z
emdo,random-alnum,4,2026-09-21T19:42:00.844Z
rgs2,random-alnum,4,2026-09-21T19:42:01.788Z
cfjv,random-alnum,4,2026-09-21T19:42:02.605Z
sl9w,random-alnum,4,2026-09-21T19:42:03.807Z
1o0c,random-alnum,4,2026-09-21T19:42:04.701Z
7i0j,random-alnum,4,2026-09-21T19:42:06.261Z
7yhj,random-alnum,4,2026-09-21T19:42:07.237Z
mnn3,random-alnum,4,2026-09-21T19:42:08.098Z
l0wn,random-alnum,4,2026-09-21T19:42:09.578Z
qpif,random-alnum,4,2026-09-21T19:42:10.446Z
lve0,random-alnum,4,2026-09-21T19:42:10.843Z
htu4,random-alnum,4,2026-09-21T19:42:11.604Z
s22w,random-alnum,4,2026-09-21T19:42:12.648Z
3hud,random-alnum,4,2026-09-21T19:42:12.938Z
1643,random-alnum,4,2026-09-21T19:42:13.795Z
owlc,random-alnum,4,2026-09-21T19:42:15.466Z
xay6,random-alnum,4,2026-09-21T19:42:17.911Z
jsht,random-alnum,4,2026-09-21T19:42:19.276Z
l5mz,random-alnum,4,2026-09-21T19:42:19.614Z
mujp,random-alnum,4,2026-09-21T19:42:20.426Z
aak5,random-alnum,4,2026-09-21T19:42:20.696Z
fsw1,random-alnum,4,2026-09-21T19:42:21.656Z
x5si,random-alnum,4,2026-09-21T19:42:22.939Z
nb12,random-alnum,4,2026-09-21T19:42:24.601Z
ipb8,random-alnum,4,2026-09-21T19:42:24.965Z
kfsi,random-alnum,4,2026-09-21T19:42:25.576Z
d47s,random-alnum,4,2026-09-21T19:42:26.009Z
m3wr,random-alnum,4,2026-09-21T19:42:26.834Z
jhir,random-alnum,4,2026-09-21T19:42:27.679Z
8sep,random-alnum,4,2026-09-21T19:42:28.605Z
t6dx,random-alnum,4,2026-09-21T19:42:31.785Z
tdsj,random-alnum,4,2026-09-21T19:42:32.504Z
fa8i,random-alnum,4,2026-09-21T19:42:33.694Z
mcvb,random-alnum,4,2026-09-21T19:42:33.999Z
jtov,random-alnum,4,2026-09-21T19:42:36.525Z
ryp5,random-alnum,4,2026-09-21T19:42:37.593Z
53hw,random-alnum,4,2026-09-21T19:42:38.136Z
hjth,random-alnum,4,2026-09-21T19:42:38.910Z
nlf7,random-alnum,4,2026-09-21T19:42:40.072Z
pehg,random-alnum,4,2026-09-21T19:42:40.892Z
n3ur,random-alnum,4,2026-09-21T19:42:41.641Z
hpt9,random-alnum,4,2026-09-21T19:42:42.459Z
bxhw,random-alnum,4,2026-09-21T19:42:43.329Z
he1e,random-alnum,4,2026-09-21T19:42:44.122Z
x82a,random-alnum,4,2026-09-21T19:42:45.071Z
rrwk,random-alnum,4,2026-09-21T19:42:45.881Z
qhaz,random-alnum,4,2026-09-21T19:42:46.753Z
j0v2,random-alnum,4,2026-09-21T19:42:49.132Z
ftqy,random-alnum,4,2026-09-21T19:42:50.711Z
mdsg,random-alnum,4,2026-09-21T19:42:51.859Z
rqxc,random-alnum,4,2026-09-21T19:42:52.799Z
hbeu,random-alnum,4,2026-09-21T19:42:53.123Z
mszo,random-alnum,4,2026-09-21T19:42:53.937Z
5x2x,random-alnum,4,2026-09-21T19:42:56.269Z
zmrh,random-alnum,4,2026-09-21T19:42:56.976Z
ca62,random-alnum,4,2026-09-21T19:42:58.343Z
wzky,random-alnum,4,2026-09-21T19:42:59.134Z
f349,random-alnum,4,2026-09-21T19:43:00.064Z
qpi1,random-alnum,4,2026-09-21T19:43:01.794Z
ru5h,random-alnum,4,2026-09-21T19:43:02.119Z
5kul,random-alnum,4,2026-09-21T19:43:02.507Z
usod,random-alnum,4,2026-09-21T19:43:03.618Z
gxwf,random-alnum,4,2026-09-21T19:43:04.446Z
woud,random-alnum,4,2026-09-21T19:43:05.252Z
lsl7,random-alnum,4,2026-09-21T19:43:06.374Z
spr0,random-alnum,4,2026-09-21T19:43:07.844Z
cmyc,random-alnum,4,2026-09-21T19:43:09.641Z
fkbl,random-alnum,4,2026-09-21T19:43:10.765Z
zxe5,random-alnum,4,2026-09-21T19:43:12.648Z
jrin,random-alnum,4,2026-09-21T19:43:13.412Z
507v,random-alnum,4,2026-09-21T19:43:15.779Z
nttm,random-alnum,4,2026-09-21T19:43:16.055Z
mkoz,random-alnum,4,2026-09-21T19:43:16.898Z
qpqv,random-alnum,4,2026-09-21T19:43:17.809Z
ypqi,random-alnum,4,2026-09-21T19:43:18.915Z
hegc,random-alnum,4,2026-09-21T19:43:20.420Z
zlwa,random-alnum,4,2026-09-21T19:43:23.118Z
ex77,random-alnum,4,2026-09-21T19:43:23.957Z
tlx1,random-alnum,4,2026-09-21T19:43:25.491Z
9a3j,random-alnum,4,2026-09-21T19:43:27.000Z
7syi,random-alnum,4,2026-09-21T19:43:27.274Z
x539,random-alnum,4,2026-09-21T19:43:27.937Z
eznq,random-alnum,4,2026-09-21T19:43:29.102Z
l0p1,random-alnum,4,2026-09-21T19:43:32.076Z
jk1x,random-alnum,4,2026-09-21T19:43:33.815Z
bu0q,random-alnum,4,2026-09-21T19:43:35.004Z
aibn,random-alnum,4,2026-09-21T19:43:37.004Z
zk4q,random-alnum,4,2026-09-21T19:43:37.840Z
borm,random-alnum,4,2026-09-21T19:43:38.139Z
gt0e,random-alnum,4,2026-09-21T19:43:38.847Z
jnbn,random-alnum,4,2026-09-21T19:43:39.786Z
xyfy,random-alnum,4,2026-09-21T19:43:40.502Z
ijdf,random-alnum,4,2026-09-21T19:43:41.326Z
jsai,random-alnum,4,2026-09-21T19:43:42.138Z
quek,random-alnum,4,2026-09-21T19:43:42.959Z
6393,random-alnum,4,2026-09-21T19:43:43.726Z
o757,random-alnum,4,2026-09-21T19:43:44.553Z
vweo,random-alnum,4,2026-09-21T19:43:44.831Z
mbrj,random-alnum,4,2026-09-21T19:43:45.802Z
0u2x,random-alnum,4,2026-09-21T19:43:46.084Z
s6tp,random-alnum,4,2026-09-21T19:43:46.408Z
xqne,random-alnum,4,2026-09-21T19:43:46.816Z
w87x,random-alnum,4,2026-09-21T19:43:47.565Z
q01g,random-alnum,4,2026-09-21T19:43:47.841Z
wpth,random-alnum,4,2026-09-21T19:43:48.667Z
4xz2,random-alnum,4,2026-09-21T19:43:49.809Z
6rfg,random-alnum,4,2026-09-21T19:43:50.579Z
mqur,random-alnum,4,2026-09-21T19:43:50.862Z
jj38,random-alnum,4,2026-09-21T19:43:51.187Z
6mlv,random-alnum,4,2026-09-21T19:43:51.832Z
hvm1,random-alnum,4,2026-09-21T19:43:52.170Z
z1vq,random-alnum,4,2026-09-21T19:43:53.191Z
oili,random-alnum,4,2026-09-21T19:43:54.114Z
ldhj,random-alnum,4,2026-09-21T19:43:55.189Z
rblg,random-alnum,4,2026-09-21T19:43:56.961Z
lg40,random-alnum,4,2026-09-21T19:43:57.359Z
kiq2,random-alnum,4,2026-09-21T19:43:58.247Z
bbd7,random-alnum,4,2026-09-21T19:43:59.070Z
con1,random-alnum,4,2026-09-21T19:44:01.570Z
senm,random-alnum,4,2026-09-21T19:44:02.402Z
ghbe,random-alnum,4,2026-09-21T19:44:03.555Z
sa7m,random-alnum,4,2026-09-21T19:44:04.684Z
gylr,random-letters,4,2026-09-21T19:44:06.830Z
fzow,random-letters,4,2026-09-21T19:44:07.646Z
jbps,random-letters,4,2026-09-21T19:44:08.506Z
rpjh,random-letters,4,2026-09-21T19:44:09.250Z
anun,random-letters,4,2026-09-21T19:44:09.511Z
xhni,random-letters,4,2026-09-21T19:44:10.292Z
xxti,random-letters,4,2026-09-21T19:44:11.248Z
kiie,random-letters,4,2026-09-21T19:44:11.560Z
mlkv,random-letters,4,2026-09-21T19:44:12.327Z
iqkd,random-letters,4,2026-09-21T19:44:13.174Z
ckss,random-letters,4,2026-09-21T19:44:13.935Z
yxey,random-letters,4,2026-09-21T19:44:15.530Z
ytfz,random-letters,4,2026-09-21T19:44:15.806Z
wodn,random-letters,4,2026-09-21T19:44:16.665Z
fnds,random-letters,4,2026-09-21T19:44:16.934Z
thcz,random-letters,4,2026-09-21T19:44:17.819Z
glno,random-letters,4,2026-09-21T19:44:18.620Z
zfpd,random-letters,4,2026-09-21T19:44:19.397Z
vtnu,random-letters,4,2026-09-21T19:44:20.141Z
nmer,random-letters,4,2026-09-21T19:44:20.855Z
lnem,random-letters,4,2026-09-21T19:44:21.692Z
bhsd,random-letters,4,2026-09-21T19:44:22.448Z
dupb,random-letters,4,2026-09-21T19:44:22.716Z
izem,random-letters,4,2026-09-21T19:44:24.513Z
aruy,random-letters,4,2026-09-21T19:44:25.453Z
efjz,random-letters,4,2026-09-21T19:44:25.725Z
xjte,random-letters,4,2026-09-21T19:44:26.603Z
axmg,random-letters,4,2026-09-21T19:44:27.708Z
jaeh,random-letters,4,2026-09-21T19:44:29.180Z
blpr,random-letters,4,2026-09-21T19:44:29.455Z
ztuw,random-letters,4,2026-09-21T19:44:30.264Z
leiw,random-letters,4,2026-09-21T19:44:31.143Z
phni,random-letters,4,2026-09-21T19:44:31.878Z
yhxh,random-letters,4,2026-09-21T19:44:32.638Z
lfji,random-letters,4,2026-09-21T19:44:32.899Z
xsgy,random-letters,4,2026-09-21T19:44:33.768Z
soys,random-letters,4,2026-09-21T19:44:34.531Z
tkyh,random-letters,4,2026-09-21T19:44:35.120Z
wmrs,random-letters,4,2026-09-21T19:44:35.452Z
wvsx,random-letters,4,2026-09-21T19:44:35.845Z
lyoh,random-letters,4,2026-09-21T19:44:36.647Z
nvik,random-letters,4,2026-09-21T19:44:37.470Z
giqa,random-letters,4,2026-09-21T19:44:37.664Z
pjtt,random-letters,4,2026-09-21T19:44:38.588Z
marn,random-letters,4,2026-09-21T19:44:39.318Z
emmb,random-letters,4,2026-09-21T19:44:40.078Z
eouz,random-letters,4,2026-09-21T19:44:40.322Z
xpmt,random-letters,4,2026-09-21T19:44:41.505Z
fxej,random-letters,4,2026-09-21T19:44:42.593Z
yvfx,random-letters,4,2026-09-21T19:44:43.522Z
bgoc,random-letters,4,2026-09-21T19:44:44.229Z
ypmz,random-letters,4,2026-09-21T19:44:45.287Z
hltv,random-letters,4,2026-09-21T19:44:46.923Z
cemk,random-letters,4,2026-09-21T19:44:48.611Z
zpsp,random-letters,4,2026-09-21T19:44:48.860Z
iwmv,random-letters,4,2026-09-21T19:44:49.252Z
qwdo,random-letters,4,2026-09-21T19:44:50.190Z
vjdr,random-letters,4,2026-09-21T19:44:50.984Z
xghu,random-letters,4,2026-09-21T19:44:51.341Z
awpb,random-letters,4,2026-09-21T19:44:52.387Z
gjpq,random-letters,4,2026-09-21T19:44:52.632Z
qrqy,random-letters,4,2026-09-21T19:44:53.557Z
avph,random-letters,4,2026-09-21T19:44:54.477Z
uypk,random-letters,4,2026-09-21T19:44:55.237Z
qywv,random-letters,4,2026-09-21T19:44:56.017Z
plyh,random-letters,4,2026-09-21T19:44:56.838Z
vfvz,random-letters,4,2026-09-21T19:44:57.637Z
tnmf,random-letters,4,2026-09-21T19:44:58.409Z
tyuo,random-letters,4,2026-09-21T19:44:59.010Z
efox,random-letters,4,2026-09-21T19:44:59.348Z
czep,random-letters,4,2026-09-21T19:45:00.227Z
flmp,random-letters,4,2026-09-21T19:45:00.834Z
hurd,random-letters,4,2026-09-21T19:45:02.016Z
dsev,random-letters,4,2026-09-21T19:45:02.769Z
rimd,random-letters,4,2026-09-21T19:45:03.522Z
mmpm,random-letters,4,2026-09-21T19:45:04.884Z
ofma,random-letters,4,2026-09-21T19:45:05.673Z
xkep,random-letters,4,2026-09-21T19:45:06.683Z
wsdt,random-letters,4,2026-09-21T19:45:07.561Z
cuaw,random-letters,4,2026-09-21T19:45:07.803Z
uldi,random-letters,4,2026-09-21T19:45:08.995Z
opwb,random-letters,4,2026-09-21T19:45:11.404Z
kuoc,random-letters,4,2026-09-21T19:45:12.340Z
xekj,random-letters,4,2026-09-21T19:45:13.245Z
bhmb,random-letters,4,2026-09-21T19:45:13.979Z
oyol,random-letters,4,2026-09-21T19:45:14.737Z
nivl,random-letters,4,2026-09-21T19:45:15.672Z
pomj,random-letters,4,2026-09-21T19:45:16.418Z
jzgk,random-letters,4,2026-09-21T19:45:18.348Z
xnvt,random-letters,4,2026-09-21T19:45:18.694Z
gtui,random-letters,4,2026-09-21T19:45:19.014Z
zysh,random-letters,4,2026-09-21T19:45:19.840Z
pexm,random-letters,4,2026-09-21T19:45:20.104Z
owsa,random-letters,4,2026-09-21T19:45:20.429Z
nles,random-letters,4,2026-09-21T19:45:20.774Z
dhtk,random-letters,4,2026-09-21T19:45:21.650Z
uwia,random-letters,4,2026-09-21T19:45:22.468Z
gjur,random-letters,4,2026-09-21T19:45:22.792Z
vdqn,random-letters,4,2026-09-21T19:45:23.059Z
pjps,random-letters,4,2026-09-21T19:45:23.376Z
rubt,random-letters,4,2026-09-21T19:45:24.554Z
mmgf,random-letters,4,2026-09-21T19:45:25.380Z
hmok,random-letters,4,2026-09-21T19:45:26.456Z
zxsj,random-letters,4,2026-09-21T19:45:26.722Z
iyos,random-letters,4,2026-09-21T19:45:27.582Z
dnto,random-letters,4,2026-09-21T19:45:28.340Z
unuw,random-letters,4,2026-09-21T19:45:28.590Z
cstf,random-letters,4,2026-09-21T19:45:29.443Z
grgt,random-letters,4,2026-09-21T19:45:30.155Z
dkig,random-letters,4,2026-09-21T19:45:30.425Z
djjf,random-letters,4,2026-09-21T19:45:30.761Z
uxbn,random-letters,4,2026-09-21T19:45:32.670Z
vpca,random-letters,4,2026-09-21T19:45:33.451Z
yvuj,random-letters,4,2026-09-21T19:45:34.229Z
jueq,random-letters,4,2026-09-21T19:45:35.001Z
mrcr,random-letters,4,2026-09-21T19:45:35.271Z
apaf,random-letters,4,2026-09-21T19:45:35.612Z
xcym,random-letters,4,2026-09-21T19:45:36.475Z
twpr,random-letters,4,2026-09-21T19:45:36.755Z
yhye,random-letters,4,2026-09-21T19:45:37.561Z
awko,random-letters,4,2026-09-21T19:45:38.357Z
yajp,random-letters,4,2026-09-21T19:45:39.120Z
iqju,random-letters,4,2026-09-21T19:45:39.376Z
meed,random-letters,4,2026-09-21T19:45:40.197Z
jvih,random-letters,4,2026-09-21T19:45:40.399Z
haye,random-letters,4,2026-09-21T19:45:41.404Z
hatu,random-letters,4,2026-09-21T19:45:42.194Z
kthz,random-letters,4,2026-09-21T19:45:42.456Z
hzsr,random-letters,4,2026-09-21T19:45:43.296Z
vylq,random-letters,4,2026-09-21T19:45:44.095Z
bcyn,random-letters,4,2026-09-21T19:45:45.974Z
lieb,random-letters,4,2026-09-21T19:45:46.224Z
usbs,random-letters,4,2026-09-21T19:45:47.070Z
hpjj,random-letters,4,2026-09-21T19:45:47.453Z
datt,random-letters,4,2026-09-21T19:45:47.738Z
lzcy,random-letters,4,2026-09-21T19:45:50.020Z
qabb,random-letters,4,2026-09-21T19:45:50.347Z
ncxh,random-letters,4,2026-09-21T19:45:51.107Z
imaq,random-letters,4,2026-09-21T19:45:51.912Z
akxn,random-letters,4,2026-09-21T19:45:52.651Z
pqwi,random-letters,4,2026-09-21T19:45:53.480Z
crze,random-letters,4,2026-09-21T19:45:53.741Z
pkxw,random-letters,4,2026-09-21T19:45:54.578Z
uyyg,random-letters,4,2026-09-21T19:45:54.817Z
futh,random-letters,4,2026-09-21T19:45:55.758Z
oefi,random-letters,4,2026-09-21T19:45:56.463Z
xyjo,random-letters,4,2026-09-21T19:45:57.362Z
jadr,random-letters,4,2026-09-21T19:45:58.133Z
hyda,random-letters,4,2026-09-21T19:45:59.001Z
yrge,random-letters,4,2026-09-21T19:45:59.777Z
sdsh,random-letters,4,2026-09-21T19:46:00.581Z
mmcq,random-letters,4,2026-09-21T19:46:01.320Z
iegc,random-letters,4,2026-09-21T19:46:02.045Z
qqbz,random-letters,4,2026-09-21T19:46:02.532Z
jptu,random-letters,4,2026-09-21T19:46:03.553Z
kqkq,random-letters,4,2026-09-21T19:46:03.839Z
rtry,random-letters,4,2026-09-21T19:46:04.189Z
msdh,random-letters,4,2026-09-21T19:46:05.176Z
bcgx,random-letters,4,2026-09-21T19:46:06.055Z
nyht,random-letters,4,2026-09-21T19:46:06.325Z
mmcu,random-letters,4,2026-09-21T19:46:07.264Z
tgef,random-letters,4,2026-09-21T19:46:07.577Z
nlvv,random-letters,4,2026-09-21T19:46:07.890Z
uwed,random-letters,4,2026-09-21T19:46:08.308Z
anaf,random-letters,4,2026-09-21T19:46:09.066Z
wyrq,random-letters,4,2026-09-21T19:46:09.888Z
hpnq,random-letters,4,2026-09-21T19:46:10.742Z
idpi,random-letters,4,2026-09-21T19:46:11.547Z
oftd,random-letters,4,2026-09-21T19:46:11.973Z
nida,random-letters,4,2026-09-21T19:46:12.271Z
sebc,random-letters,4,2026-09-21T19:46:13.856Z
lxjj,random-letters,4,2026-09-21T19:46:15.731Z
hxli,random-letters,4,2026-09-21T19:46:16.044Z
uhed,random-letters,4,2026-09-21T19:46:16.854Z
ipkx,random-letters,4,2026-09-21T19:46:17.835Z
mxdv,random-letters,4,2026-09-21T19:46:18.113Z
hgpc,random-letters,4,2026-09-21T19:46:18.441Z
dvlb,random-letters,4,2026-09-21T19:46:19.299Z
xbar,random-letters,4,2026-09-21T19:46:20.161Z
xkvm,random-letters,4,2026-09-21T19:46:20.533Z
jxjt,random-letters,4,2026-09-21T19:46:20.901Z
jkhg,random-letters,4,2026-09-21T19:46:21.265Z
oqta,random-letters,4,2026-09-21T19:46:22.207Z
wjve,random-letters,4,2026-09-21T19:46:22.814Z
ytud,random-letters,4,2026-09-21T19:46:23.882Z
nqji,random-letters,4,2026-09-21T19:46:24.823Z
ckou,random-letters,4,2026-09-21T19:46:25.137Z
fyaj,random-letters,4,2026-09-21T19:46:25.970Z
veed,random-letters,4,2026-09-21T19:46:26.825Z
dubz,random-letters,4,2026-09-21T19:46:27.754Z
qxof,random-letters,4,2026-09-21T19:46:28.487Z
jyyh,random-letters,4,2026-09-21T19:46:29.289Z
jurm,random-letters,4,2026-09-21T19:46:30.064Z
mlxa,random-letters,4,2026-09-21T19:46:30.776Z
cddp,random-letters,4,2026-09-21T19:46:32.356Z
qwtr,random-letters,4,2026-09-21T19:46:33.185Z
qebt,random-letters,4,2026-09-21T19:46:33.927Z
gpux,random-letters,4,2026-09-21T19:46:34.188Z
fiel,random-letters,4,2026-09-21T19:46:35.116Z
pbes,random-letters,4,2026-09-21T19:46:35.377Z
fvtr,random-letters,4,2026-09-21T19:46:36.194Z
sibb,random-letters,4,2026-09-21T19:46:36.994Z
slxr,random-letters,4,2026-09-21T19:46:38.623Z
qrut,random-letters,4,2026-09-21T19:46:39.561Z
yshz,random-letters,4,2026-09-21T19:46:40.356Z
amcp,random-letters,4,2026-09-21T19:46:41.334Z
ngsg,random-letters,4,2026-09-21T19:46:42.315Z
quij,random-letters,4,2026-09-21T19:46:43.090Z
ldsn,random-letters,4,2026-09-21T19:46:43.825Z
xpld,random-letters,4,2026-09-21T19:46:45.153Z
pclk,random-letters,4,2026-09-21T19:46:45.984Z
jhef,random-letters,4,2026-09-21T19:46:46.252Z
hixu,random-letters,4,2026-09-21T19:46:47.051Z
ohcq,random-letters,4,2026-09-21T19:46:47.887Z
fwtj,random-letters,4,2026-09-21T19:46:48.169Z
pfoo,random-letters,4,2026-09-21T19:46:48.971Z
kkvx,random-letters,4,2026-09-21T19:46:50.665Z
pajf,random-letters,4,2026-09-21T19:46:51.401Z
rjvc,random-letters,4,2026-09-21T19:46:52.240Z
ygfx,random-letters,4,2026-09-21T19:46:53.118Z
tupo,random-letters,4,2026-09-21T19:46:53.915Z
zhaz,random-letters,4,2026-09-21T19:46:54.190Z
gjrp,random-letters,4,2026-09-21T19:46:55.089Z
isdp,random-letters,4,2026-09-21T19:46:55.938Z
pxcc,random-letters,4,2026-09-21T19:46:56.242Z
ygxp,random-letters,4,2026-09-21T19:46:57.078Z
gckn,random-letters,4,2026-09-21T19:46:57.894Z
rkde,random-letters,4,2026-09-21T19:46:58.619Z
xzkr,random-letters,4,2026-09-21T19:46:59.495Z
irru,random-letters,4,2026-09-21T19:47:00.563Z
sebu,random-letters,4,2026-09-21T19:47:01.443Z
ccxm,random-letters,4,2026-09-21T19:47:01.751Z
ffqw,random-letters,4,2026-09-21T19:47:02.518Z
drgc,random-letters,4,2026-09-21T19:47:03.329Z
hvgv,random-letters,4,2026-09-21T19:47:04.199Z
egdm,random-letters,4,2026-09-21T19:47:04.927Z
wgjj,random-letters,4,2026-09-21T19:47:06.817Z
ahjv,random-letters,4,2026-09-21T19:47:07.602Z
nrso,random-letters,4,2026-09-21T19:47:08.384Z
iaqu,random-letters,4,2026-09-21T19:47:09.172Z
rmfs,random-letters,4,2026-09-21T19:47:09.503Z
hsvf,random-letters,4,2026-09-21T19:47:10.103Z
stih,random-letters,4,2026-09-21T19:47:10.939Z
ztod,random-letters,4,2026-09-21T19:47:11.176Z
qbbs,random-letters,4,2026-09-21T19:47:11.529Z
qcch,random-letters,4,2026-09-21T19:47:12.401Z
muub,random-letters,4,2026-09-21T19:47:12.682Z
rnzh,random-letters,4,2026-09-21T19:47:13.008Z
yyaw,random-letters,4,2026-09-21T19:47:13.851Z
zkzx,random-letters,4,2026-09-21T19:47:15.636Z
gnns,random-letters,4,2026-09-21T19:47:15.352Z
sgxr,random-letters,4,2026-09-21T19:47:16.827Z
uglt,random-letters,4,2026-09-21T19:47:17.583Z
hnxr,random-letters,4,2026-09-21T19:47:17.838Z
jyrq,random-letters,4,2026-09-21T19:47:18.774Z
jpty,random-letters,4,2026-09-21T19:47:19.566Z
destp,random-alnum,5,2026-09-21T19:47:30.161Z
luzp6,random-alnum,5,2026-09-21T19:47:34.542Z
e7eye,random-alnum,5,2026-09-21T19:47:38.167Z
fptre,random-alnum,5,2026-09-21T19:47:44.193Z
sffox,random-alnum,5,2026-09-21T19:47:46.599Z
xsd23,random-alnum,5,2026-09-21T19:47:58.148Z
kalh4,random-alnum,5,2026-09-21T19:48:10.462Z
mcp01,random-alnum,5,2026-09-21T19:48:21.623Z
dznap,random-alnum,5,2026-09-21T19:48:28.826Z
vkcyj,random-alnum,5,2026-09-21T19:48:30.846Z
ardz7,random-alnum,5,2026-09-21T19:48:32.487Z
m8ro9,random-alnum,5,2026-09-21T19:49:00.106Z
k1m77,random-alnum,5,2026-09-21T19:49:04.910Z
09rxj,random-alnum,5,2026-09-21T19:49:09.402Z
tafkn,random-alnum,5,2026-09-21T19:49:20.678Z
aphzy,random-alnum,5,2026-09-21T19:49:36.539Z
s6odg,random-alnum,5,2026-09-21T19:49:48.497Z
vvrks,random-alnum,5,2026-09-21T19:49:58.348Z
feni4,random-alnum,5,2026-09-21T19:50:22.502Z
emald,random-letters,5,2026-09-21T19:50:37.041Z
pobgc,random-letters,5,2026-09-21T19:50:47.662Z
msjao,random-letters,5,2026-09-21T19:50:53.015Z
ktelo,random-letters,5,2026-09-21T19:50:56.136Z
pnery,random-letters,5,2026-09-21T19:51:03.037Z
cvjva,random-letters,5,2026-09-21T19:51:07.829Z
mrsbe,random-letters,5,2026-09-21T19:51:16.924Z
awsgx,random-letters,5,2026-09-21T19:51:18.074Z
braig,random-letters,5,2026-09-21T19:51:23.492Z
sxffi,random-letters,5,2026-09-21T19:51:25.186Z
hoind,random-letters,5,2026-09-21T19:51:26.337Z
xpatw,random-letters,5,2026-09-21T19:51:27.711Z
ejran,random-letters,5,2026-09-21T19:51:29.675Z
ppkce,random-letters,5,2026-09-21T19:51:31.753Z
tuset,random-letters,5,2026-09-21T19:51:34.037Z
creza,random-letters,5,2026-09-21T19:51:35.407Z
ffwqp,random-letters,5,2026-09-21T19:51:37.453Z
rgiff,random-letters,5,2026-09-21T19:51:42.604Z
kuyas,random-letters,5,2026-09-21T19:51:43.356Z
yrexy,random-letters,5,2026-09-21T19:51:55.472Z
saadc,random-letters,5,2026-09-21T19:51:57.208Z
rteiy,random-letters,5,2026-09-21T19:52:10.275Z
scaxs,random-letters,5,2026-09-21T19:52:11.262Z
jkoto,random-letters,5,2026-09-21T19:52:14.269Z
kilfr,random-letters,5,2026-09-21T19:52:23.366Z
mudww,random-letters,5,2026-09-21T19:52:24.200Z
jswhb,random-letters,5,2026-09-21T19:52:30.787Z
kahom,random-letters,5,2026-09-21T19:52:33.491Z
asutx,random-letters,5,2026-09-21T19:52:34.345Z
rrxyt,random-letters,5,2026-09-21T19:52:35.418Z
huche,random-letters,5,2026-09-21T19:52:36.374Z
fnjcj,random-letters,5,2026-09-21T19:52:39.947Z
orfux,random-letters,5,2026-09-21T19:52:40.876Z
ssort,random-letters,5,2026-09-21T19:52:44.099Z
ddumo,random-letters,5,2026-09-21T19:52:44.370Z
rgkmv,random-letters,5,2026-09-21T19:52:45.431Z
cridu,random-letters,5,2026-09-21T19:52:46.605Z
rixuz,random-letters,5,2026-09-21T19:52:48.164Z
angpt,random-letters,5,2026-09-21T19:52:51.306Z
gkabd,random-letters,5,2026-09-21T19:52:53.411Z
qwrfc,random-letters,5,2026-09-21T19:52:55.234Z
xzrpu,random-letters,5,2026-09-21T19:52:56.121Z
gjmmd,random-letters,5,2026-09-21T19:53:02.792Z
beggt,random-letters,5,2026-09-21T19:53:04.065Z
zelas,random-letters,5,2026-09-21T19:53:08.529Z
yuuiq,random-letters,5,2026-09-21T19:53:10.298Z
bogsu,random-letters,5,2026-09-21T19:53:13.277Z
fiuyu,random-letters,5,2026-09-21T19:53:15.904Z
amioi,random-letters,5,2026-09-21T19:53:22.732Z
iiffa,random-letters,5,2026-09-21T19:53:24.602Z
nvghn,random-letters,5,2026-09-21T19:53:25.335Z
cgmmm,random-letters,5,2026-09-21T19:53:28.267Z
wijll,random-letters,5,2026-09-21T19:53:32.374Z
lawnzo,random-letters,6,2026-09-21T19:57:03.757Z
dhushj,random-letters,6,2026-09-21T19:57:37.050Z
poke,dictionary,4,2026-09-21T20:11:15.018Z
cure,dictionary,4,2026-09-21T20:11:15.905Z
wing,dictionary,4,2026-09-21T20:11:16.710Z
meth,dictionary,4,2026-09-21T20:11:16.985Z
haze,dictionary,4,2026-09-21T20:11:17.875Z
beef,dictionary,4,2026-09-21T20:11:18.620Z
bows,dictionary,4,2026-09-21T20:11:19.360Z
cash,dictionary,4,2026-09-21T20:11:19.594Z
lady,dictionary,4,2026-09-21T20:11:20.020Z
marc,dictionary,4,2026-09-21T20:11:20.287Z
anti,dictionary,4,2026-09-21T20:11:20.626Z
dude,dictionary,4,2026-09-21T20:11:21.486Z
done,dictionary,4,2026-09-21T20:11:21.740Z
crew,dictionary,4,2026-09-21T20:11:22.600Z
clay,dictionary,4,2026-09-21T20:11:23.522Z
harp,dictionary,4,2026-09-21T20:11:24.364Z
aunt,dictionary,4,2026-09-21T20:11:25.146Z
mask,dictionary,4,2026-09-21T20:11:25.431Z
snap,dictionary,4,2026-09-21T20:11:25.826Z
sofa,dictionary,4,2026-09-21T20:11:26.673Z
twas,dictionary,4,2026-09-21T20:11:26.977Z
foot,dictionary,4,2026-09-21T20:11:27.306Z
pawn,dictionary,4,2026-09-21T20:11:27.631Z
skid,dictionary,4,2026-09-21T20:11:28.449Z
wets,dictionary,4,2026-09-21T20:11:28.762Z
hand,dictionary,4,2026-09-21T20:11:29.036Z
less,dictionary,4,2026-09-21T20:11:30.017Z
soup,dictionary,4,2026-09-21T20:11:30.843Z
cain,dictionary,4,2026-09-21T20:11:31.668Z
vets,dictionary,4,2026-09-21T20:11:32.465Z
lieu,dictionary,4,2026-09-21T20:11:32.747Z
maul,dictionary,4,2026-09-21T20:11:33.188Z
over,dictionary,4,2026-09-21T20:11:33.971Z
dice,dictionary,4,2026-09-21T20:11:34.850Z
stat,dictionary,4,2026-09-21T20:11:35.770Z
milk,dictionary,4,2026-09-21T20:11:36.614Z
vamp,dictionary,4,2026-09-21T20:11:36.874Z
want,dictionary,4,2026-09-21T20:11:37.349Z
tray,dictionary,4,2026-09-21T20:11:38.178Z
ajar,dictionary,4,2026-09-21T20:11:38.991Z
tear,dictionary,4,2026-09-21T20:11:39.241Z
form,dictionary,4,2026-09-21T20:11:40.024Z
bong,dictionary,4,2026-09-21T20:11:40.931Z
wolf,dictionary,4,2026-09-21T20:11:41.742Z
loot,dictionary,4,2026-09-21T20:11:42.020Z
knee,dictionary,4,2026-09-21T20:11:42.351Z
hike,dictionary,4,2026-09-21T20:11:43.160Z
soon,dictionary,4,2026-09-21T20:11:43.947Z
yuck,dictionary,4,2026-09-21T20:11:44.793Z
butt,dictionary,4,2026-09-21T20:11:45.594Z
mugs,dictionary,4,2026-09-21T20:11:46.388Z
daze,dictionary,4,2026-09-21T20:11:47.171Z
aria,dictionary,4,2026-09-21T20:11:47.428Z
seas,dictionary,4,2026-09-21T20:11:47.790Z
mort,dictionary,4,2026-09-21T20:11:48.099Z
fear,dictionary,4,2026-09-21T20:11:48.898Z
clod,dictionary,4,2026-09-21T20:11:49.150Z
kick,dictionary,4,2026-09-21T20:11:49.486Z
duce,dictionary,4,2026-09-21T20:11:49.826Z
ions,dictionary,4,2026-09-21T20:11:50.687Z
slob,dictionary,4,2026-09-21T20:11:51.486Z
faun,dictionary,4,2026-09-21T20:11:52.328Z
sook,dictionary,4,2026-09-21T20:11:53.204Z
hoes,dictionary,4,2026-09-21T20:11:53.939Z
swim,dictionary,4,2026-09-21T20:11:54.764Z
skit,dictionary,4,2026-09-21T20:11:55.475Z
skip,dictionary,4,2026-09-21T20:11:55.728Z
pays,dictionary,4,2026-09-21T20:11:56.068Z
warn,dictionary,4,2026-09-21T20:11:56.941Z
mace,dictionary,4,2026-09-21T20:11:57.709Z
pike,dictionary,4,2026-09-21T20:11:58.469Z
mush,dictionary,4,2026-09-21T20:11:58.739Z
bide,dictionary,4,2026-09-21T20:11:58.871Z
mind,dictionary,4,2026-09-21T20:11:59.893Z
wool,dictionary,4,2026-09-21T20:12:00.198Z
poly,dictionary,4,2026-09-21T20:12:01.024Z
club,dictionary,4,2026-09-21T20:12:01.826Z
hats,dictionary,4,2026-09-21T20:12:02.144Z
airs,dictionary,4,2026-09-21T20:12:02.993Z
rots,dictionary,4,2026-09-21T20:12:03.804Z
lack,dictionary,4,2026-09-21T20:12:05.447Z
four,dictionary,4,2026-09-21T20:12:05.711Z
turd,dictionary,4,2026-09-21T20:12:06.565Z
swab,dictionary,4,2026-09-21T20:12:06.836Z
away,dictionary,4,2026-09-21T20:12:07.776Z
five,dictionary,4,2026-09-21T20:12:08.559Z
bank,dictionary,4,2026-09-21T20:12:08.811Z
mesa,dictionary,4,2026-09-21T20:12:09.731Z
awry,dictionary,4,2026-09-21T20:12:10.100Z
sues,dictionary,4,2026-09-21T20:12:10.370Z
nite,dictionary,4,2026-09-21T20:12:11.168Z
scat,dictionary,4,2026-09-21T20:12:11.974Z
heft,dictionary,4,2026-09-21T20:12:12.693Z
dill,dictionary,4,2026-09-21T20:12:13.501Z
dory,dictionary,4,2026-09-21T20:12:13.759Z
long,dictionary,4,2026-09-21T20:12:14.678Z
arms,dictionary,4,2026-09-21T20:12:15.522Z
rush,dictionary,4,2026-09-21T20:12:15.811Z
owls,dictionary,4,2026-09-21T20:12:16.739Z
owns,dictionary,4,2026-09-21T20:12:17.062Z
deer,dictionary,4,2026-09-21T20:12:17.790Z
love,dictionary,4,2026-09-21T20:12:18.101Z
hymn,dictionary,4,2026-09-21T20:12:18.407Z
joys,dictionary,4,2026-09-21T20:12:19.210Z
bays,dictionary,4,2026-09-21T20:12:20.010Z
myth,dictionary,4,2026-09-21T20:12:20.877Z
wilt,dictionary,4,2026-09-21T20:12:21.157Z
fuel,dictionary,4,2026-09-21T20:12:21.542Z
maim,dictionary,4,2026-09-21T20:12:22.359Z
leap,dictionary,4,2026-09-21T20:12:23.236Z
orgy,dictionary,4,2026-09-21T20:12:24.030Z
grab,dictionary,4,2026-09-21T20:12:24.858Z
cult,dictionary,4,2026-09-21T20:12:25.130Z
kiwi,dictionary,4,2026-09-21T20:12:25.935Z
oink,dictionary,4,2026-09-21T20:12:26.224Z
duet,dictionary,4,2026-09-21T20:12:27.030Z
burp,dictionary,4,2026-09-21T20:12:27.321Z
crux,dictionary,4,2026-09-21T20:12:28.172Z
ping,dictionary,4,2026-09-21T20:12:29.092Z
tack,dictionary,4,2026-09-21T20:12:29.978Z
note,dictionary,4,2026-09-21T20:12:30.249Z
bags,dictionary,4,2026-09-21T20:12:30.537Z
beth,dictionary,4,2026-09-21T20:12:31.467Z
calm,dictionary,4,2026-09-21T20:12:31.730Z
ship,dictionary,4,2026-09-21T20:12:32.615Z
neat,dictionary,4,2026-09-21T20:12:33.506Z
riff,dictionary,4,2026-09-21T20:12:34.257Z
grey,dictionary,4,2026-09-21T20:12:35.086Z
jury,dictionary,4,2026-09-21T20:12:35.346Z
eves,dictionary,4,2026-09-21T20:12:35.676Z
kern,dictionary,4,2026-09-21T20:12:36.011Z
word,dictionary,4,2026-09-21T20:12:36.886Z
bras,dictionary,4,2026-09-21T20:12:37.710Z
obey,dictionary,4,2026-09-21T20:12:38.526Z
live,dictionary,4,2026-09-21T20:12:38.789Z
jugs,dictionary,4,2026-09-21T20:12:39.593Z
maxi,dictionary,4,2026-09-21T20:12:39.847Z
warm,dictionary,4,2026-09-21T20:12:40.174Z
crud,dictionary,4,2026-09-21T20:12:40.521Z
mend,dictionary,4,2026-09-21T20:12:41.303Z
sung,dictionary,4,2026-09-21T20:12:42.159Z
rest,dictionary,4,2026-09-21T20:12:42.427Z
tank,dictionary,4,2026-09-21T20:12:42.757Z
rein,dictionary,4,2026-09-21T20:12:43.724Z
font,dictionary,4,2026-09-21T20:12:44.504Z
duds,dictionary,4,2026-09-21T20:12:45.256Z
beep,dictionary,4,2026-09-21T20:12:46.028Z
teen,dictionary,4,2026-09-21T20:12:46.919Z
semi,dictionary,4,2026-09-21T20:12:47.195Z
more,dictionary,4,2026-09-21T20:12:47.546Z
aura,dictionary,4,2026-09-21T20:12:47.860Z
shay,dictionary,4,2026-09-21T20:12:48.697Z
poop,dictionary,4,2026-09-21T20:12:48.939Z
rook,dictionary,4,2026-09-21T20:12:49.294Z
deed,dictionary,4,2026-09-21T20:12:49.666Z
fowl,dictionary,4,2026-09-21T20:12:49.981Z
fair,dictionary,4,2026-09-21T20:12:50.775Z
hadj,dictionary,4,2026-09-21T20:12:51.049Z
lazy,dictionary,4,2026-09-21T20:12:51.384Z
prey,dictionary,4,2026-09-21T20:12:52.239Z
coil,dictionary,4,2026-09-21T20:12:52.976Z
null,dictionary,4,2026-09-21T20:12:53.816Z
doer,dictionary,4,2026-09-21T20:12:54.099Z
tame,dictionary,4,2026-09-21T20:12:54.863Z
chin,dictionary,4,2026-09-21T20:12:55.693Z
yell,dictionary,4,2026-09-21T20:12:55.988Z
dojo,dictionary,4,2026-09-21T20:12:56.306Z
none,dictionary,4,2026-09-21T20:12:57.128Z
slid,dictionary,4,2026-09-21T20:12:57.920Z
gram,dictionary,4,2026-09-21T20:12:58.663Z
diet,dictionary,4,2026-09-21T20:12:58.937Z
riot,dictionary,4,2026-09-21T20:12:59.592Z
lark,dictionary,4,2026-09-21T20:12:59.834Z
both,dictionary,4,2026-09-21T20:13:00.212Z
robe,dictionary,4,2026-09-21T20:13:00.639Z
spur,dictionary,4,2026-09-21T20:13:01.370Z
jinx,dictionary,4,2026-09-21T20:13:02.149Z
lima,dictionary,4,2026-09-21T20:13:02.295Z
cope,dictionary,4,2026-09-21T20:13:03.305Z
east,dictionary,4,2026-09-21T20:13:03.563Z
muff,dictionary,4,2026-09-21T20:13:04.396Z
sims,dictionary,4,2026-09-21T20:13:05.141Z
lest,dictionary,4,2026-09-21T20:13:05.881Z
coin,dictionary,4,2026-09-21T20:13:06.133Z
sigh,dictionary,4,2026-09-21T20:13:07.049Z
beak,dictionary,4,2026-09-21T20:13:07.322Z
yogi,dictionary,4,2026-09-21T20:13:08.123Z
buts,dictionary,4,2026-09-21T20:13:08.891Z
tide,dictionary,4,2026-09-21T20:13:09.167Z
heel,dictionary,4,2026-09-21T20:13:10.031Z
wise,dictionary,4,2026-09-21T20:13:10.846Z
howl,dictionary,4,2026-09-21T20:13:11.665Z
rise,dictionary,4,2026-09-21T20:13:11.907Z
sera,dictionary,4,2026-09-21T20:13:12.271Z
chum,dictionary,4,2026-09-21T20:13:13.179Z
unto,dictionary,4,2026-09-21T20:13:13.430Z
yuan,dictionary,4,2026-09-21T20:13:13.775Z
race,dictionary,4,2026-09-21T20:13:14.591Z
fuzz,dictionary,4,2026-09-21T20:13:15.361Z
lint,dictionary,4,2026-09-21T20:13:15.629Z
oven,dictionary,4,2026-09-21T20:13:16.479Z
exit,dictionary,4,2026-09-21T20:13:16.754Z
perm,dictionary,4,2026-09-21T20:13:17.591Z
arty,dictionary,4,2026-09-21T20:13:17.835Z
temp,dictionary,4,2026-09-21T20:13:18.709Z
idea,dictionary,4,2026-09-21T20:13:19.522Z
hulk,dictionary,4,2026-09-21T20:13:20.364Z
pads,dictionary,4,2026-09-21T20:13:20.618Z
rand,dictionary,4,2026-09-21T20:13:20.968Z
suit,dictionary,4,2026-09-21T20:13:21.346Z
wham,dictionary,4,2026-09-21T20:13:21.630Z
rays,dictionary,4,2026-09-21T20:13:21.954Z
spud,dictionary,4,2026-09-21T20:13:22.735Z
blot,dictionary,4,2026-09-21T20:13:23.530Z
rolf,dictionary,4,2026-09-21T20:13:23.798Z
tact,dictionary,4,2026-09-21T20:13:24.136Z
lent,dictionary,4,2026-09-21T20:13:24.980Z
gala,dictionary,4,2026-09-21T20:13:25.730Z
byes,dictionary,4,2026-09-21T20:13:25.986Z
pass,dictionary,4,2026-09-21T20:13:26.889Z
vent,dictionary,4,2026-09-21T20:13:27.803Z
volt,dictionary,4,2026-09-21T20:13:28.574Z
much,dictionary,4,2026-09-21T20:13:29.358Z
zero,dictionary,4,2026-09-21T20:13:30.180Z
foam,dictionary,4,2026-09-21T20:13:31.017Z
kept,dictionary,4,2026-09-21T20:13:31.745Z
near,dictionary,4,2026-09-21T20:13:32.574Z
pope,dictionary,4,2026-09-21T20:13:33.326Z
chat,dictionary,4,2026-09-21T20:13:33.565Z
rape,dictionary,4,2026-09-21T20:13:33.927Z
wars,dictionary,4,2026-09-21T20:13:33.563Z
suck,dictionary,4,2026-09-21T20:13:35.057Z
soak,dictionary,4,2026-09-21T20:13:35.879Z
gown,dictionary,4,2026-09-21T20:13:36.152Z
rite,dictionary,4,2026-09-21T20:13:37.071Z
worn,dictionary,4,2026-09-21T20:13:37.861Z
quit,dictionary,4,2026-09-21T20:13:38.173Z
yoga,dictionary,4,2026-09-21T20:13:38.985Z
whet,dictionary,4,2026-09-21T20:13:39.244Z
only,dictionary,4,2026-09-21T20:13:40.137Z
rath,dictionary,4,2026-09-21T20:13:40.842Z
meet,dictionary,4,2026-09-21T20:13:41.248Z
pina,dictionary,4,2026-09-21T20:13:41.997Z
item,dictionary,4,2026-09-21T20:13:42.778Z
offs,dictionary,4,2026-09-21T20:13:43.611Z
paid,dictionary,4,2026-09-21T20:13:44.402Z
term,dictionary,4,2026-09-21T20:13:45.168Z
team,dictionary,4,2026-09-21T20:13:45.499Z
goat,dictionary,4,2026-09-21T20:13:46.383Z
bass,dictionary,4,2026-09-21T20:13:46.755Z
spun,dictionary,4,2026-09-21T20:13:47.050Z
gave,dictionary,4,2026-09-21T20:13:47.387Z
aids,dictionary,4,2026-09-21T20:13:47.684Z
slam,dictionary,4,2026-09-21T20:13:48.621Z
mark,dictionary,4,2026-09-21T20:13:49.725Z
load,dictionary,4,2026-09-21T20:13:50.769Z
liar,dictionary,4,2026-09-21T20:13:51.673Z
bake,dictionary,4,2026-09-21T20:13:52.569Z
bora,dictionary,4,2026-09-21T20:13:53.452Z
kale,dictionary,4,2026-09-21T20:13:54.221Z
rump,dictionary,4,2026-09-21T20:13:54.574Z
warp,dictionary,4,2026-09-21T20:13:55.347Z
plop,dictionary,4,2026-09-21T20:13:56.151Z
haul,dictionary,4,2026-09-21T20:13:57.059Z
defy,dictionary,4,2026-09-21T20:13:57.863Z
line,dictionary,4,2026-09-21T20:13:58.680Z
flip,dictionary,4,2026-09-21T20:13:59.398Z
jaws,dictionary,4,2026-09-21T20:13:59.650Z
well,dictionary,4,2026-09-21T20:14:00.008Z
mano,dictionary,4,2026-09-21T20:14:00.802Z
good,dictionary,4,2026-09-21T20:14:01.090Z
tree,dictionary,4,2026-09-21T20:14:01.401Z
nose,dictionary,4,2026-09-21T20:14:01.743Z
otto,dictionary,4,2026-09-21T20:14:02.558Z
nail,dictionary,4,2026-09-21T20:14:02.872Z
hoax,dictionary,4,2026-09-21T20:14:03.688Z
seen,dictionary,4,2026-09-21T20:14:04.453Z
onto,dictionary,4,2026-09-21T20:14:05.322Z
hash,dictionary,4,2026-09-21T20:14:05.479Z
dove,dictionary,4,2026-09-21T20:14:06.452Z
veto,dictionary,4,2026-09-21T20:14:07.188Z
yarn,dictionary,4,2026-09-21T20:14:08.031Z
bozo,dictionary,4,2026-09-21T20:14:08.925Z
vest,dictionary,4,2026-09-21T20:14:09.672Z
wife,dictionary,4,2026-09-21T20:14:10.433Z
cubs,dictionary,4,2026-09-21T20:14:11.173Z
apes,dictionary,4,2026-09-21T20:14:11.881Z
moly,dictionary,4,2026-09-21T20:14:12.200Z
kind,dictionary,4,2026-09-21T20:14:12.547Z
omen,dictionary,4,2026-09-21T20:14:13.301Z
fell,dictionary,4,2026-09-21T20:14:14.053Z
horn,dictionary,4,2026-09-21T20:14:14.955Z
snug,dictionary,4,2026-09-21T20:14:15.753Z
fool,dictionary,4,2026-09-21T20:14:16.473Z
hoop,dictionary,4,2026-09-21T20:14:17.207Z
ward,dictionary,4,2026-09-21T20:14:17.999Z
nuts,dictionary,4,2026-09-21T20:14:18.744Z
sled,dictionary,4,2026-09-21T20:14:18.995Z
taco,dictionary,4,2026-09-21T20:14:19.921Z
xela,pronounceable,4,2026-09-21T20:14:20.624Z
temu,pronounceable,4,2026-09-21T20:14:20.879Z
fawa,pronounceable,4,2026-09-21T20:14:21.821Z
puta,pronounceable,4,2026-09-21T20:14:22.609Z
xuzi,pronounceable,4,2026-09-21T20:14:22.854Z
qimu,pronounceable,4,2026-09-21T20:14:23.792Z
puyo,pronounceable,4,2026-09-21T20:14:24.569Z
ifef,pronounceable,4,2026-09-21T20:14:25.338Z
lemo,pronounceable,4,2026-09-21T20:14:26.161Z
idig,pronounceable,4,2026-09-21T20:14:26.443Z
qoxo,pronounceable,4,2026-09-21T20:14:27.358Z
raso,pronounceable,4,2026-09-21T20:14:27.605Z
ufag,pronounceable,4,2026-09-21T20:14:28.438Z
akas,pronounceable,4,2026-09-21T20:14:29.238Z
fala,pronounceable,4,2026-09-21T20:14:30.022Z
adez,pronounceable,4,2026-09-21T20:14:30.282Z
igic,pronounceable,4,2026-09-21T20:14:31.119Z
voja,pronounceable,4,2026-09-21T20:14:31.967Z
yiri,pronounceable,4,2026-09-21T20:14:32.762Z
sozi,pronounceable,4,2026-09-21T20:14:33.602Z
wudi,pronounceable,4,2026-09-21T20:14:34.373Z
eruv,pronounceable,4,2026-09-21T20:14:35.193Z
mewo,pronounceable,4,2026-09-21T20:14:36.080Z
gaku,pronounceable,4,2026-09-21T20:14:36.920Z
buya,pronounceable,4,2026-09-21T20:14:37.036Z
akux,pronounceable,4,2026-09-21T20:14:38.111Z
lehe,pronounceable,4,2026-09-21T20:14:38.844Z
reha,pronounceable,4,2026-09-21T20:14:39.100Z
hiti,pronounceable,4,2026-09-21T20:14:39.444Z
sota,pronounceable,4,2026-09-21T20:14:39.779Z
ejun,pronounceable,4,2026-09-21T20:14:40.646Z
dipo,pronounceable,4,2026-09-21T20:14:40.925Z
veso,pronounceable,4,2026-09-21T20:14:41.873Z
vaje,pronounceable,4,2026-09-21T20:14:42.658Z
zije,pronounceable,4,2026-09-21T20:14:42.935Z
yaxe,pronounceable,4,2026-09-21T20:14:43.344Z
ovez,pronounceable,4,2026-09-21T20:14:43.764Z
noyo,pronounceable,4,2026-09-21T20:14:44.499Z
figo,pronounceable,4,2026-09-21T20:14:45.580Z
zure,pronounceable,4,2026-09-21T20:14:45.862Z
gixa,pronounceable,4,2026-09-21T20:14:46.789Z
eyib,pronounceable,4,2026-09-21T20:14:47.586Z
funo,pronounceable,4,2026-09-21T20:14:47.883Z
amuc,pronounceable,4,2026-09-21T20:14:48.699Z
jome,pronounceable,4,2026-09-21T20:14:48.959Z
jeli,pronounceable,4,2026-09-21T20:14:49.286Z
sume,pronounceable,4,2026-09-21T20:14:49.730Z
pagi,pronounceable,4,2026-09-21T20:14:50.567Z
elis,pronounceable,4,2026-09-21T20:14:51.361Z
casa,pronounceable,4,2026-09-21T20:14:52.142Z
juke,pronounceable,4,2026-09-21T20:14:52.398Z
igex,pronounceable,4,2026-09-21T20:14:52.767Z
sako,pronounceable,4,2026-09-21T20:14:53.613Z
waka,pronounceable,4,2026-09-21T20:14:53.904Z
ekak,pronounceable,4,2026-09-21T20:14:55.053Z
anis,pronounceable,4,2026-09-21T20:14:55.975Z
zuqo,pronounceable,4,2026-09-21T20:14:56.758Z
meka,pronounceable,4,2026-09-21T20:14:57.033Z
ayeg,pronounceable,4,2026-09-21T20:14:57.340Z
zemu,pronounceable,4,2026-09-21T20:14:58.255Z
voxi,pronounceable,4,2026-09-21T20:14:59.026Z
heze,pronounceable,4,2026-09-21T20:14:59.886Z
uxus,pronounceable,4,2026-09-21T20:15:00.653Z
joqe,pronounceable,4,2026-09-21T20:15:01.433Z
sefu,pronounceable,4,2026-09-21T20:15:02.299Z
xalu,pronounceable,4,2026-09-21T20:15:03.131Z
wodi,pronounceable,4,2026-09-21T20:15:03.551Z
daki,pronounceable,4,2026-09-21T20:15:04.299Z
yapi,pronounceable,4,2026-09-21T20:15:05.026Z
hepa,pronounceable,4,2026-09-21T20:15:05.798Z
rolu,pronounceable,4,2026-09-21T20:15:06.063Z
aneb,pronounceable,4,2026-09-21T20:15:06.924Z
aley,pronounceable,4,2026-09-21T20:15:07.824Z
uliy,pronounceable,4,2026-09-21T20:15:08.126Z
eyof,pronounceable,4,2026-09-21T20:15:08.212Z
giwu,pronounceable,4,2026-09-21T20:15:09.333Z
utag,pronounceable,4,2026-09-21T20:15:10.193Z
wefa,pronounceable,4,2026-09-21T20:15:11.021Z
aviq,pronounceable,4,2026-09-21T20:15:11.734Z
juza,pronounceable,4,2026-09-21T20:15:11.993Z
xepa,pronounceable,4,2026-09-21T20:15:12.345Z
yelo,pronounceable,4,2026-09-21T20:15:12.670Z
bavo,pronounceable,4,2026-09-21T20:15:13.478Z
ukir,pronounceable,4,2026-09-21T20:15:14.317Z
ixej,pronounceable,4,2026-09-21T20:15:15.085Z
ruha,pronounceable,4,2026-09-21T20:15:15.938Z
beyi,pronounceable,4,2026-09-21T20:15:16.782Z
yewa,pronounceable,4,2026-09-21T20:15:17.654Z
esub,pronounceable,4,2026-09-21T20:15:18.446Z
otez,pronounceable,4,2026-09-21T20:15:18.921Z
pizi,pronounceable,4,2026-09-21T20:15:19.665Z
fezu,pronounceable,4,2026-09-21T20:15:20.447Z
exed,pronounceable,4,2026-09-21T20:15:21.348Z
yaro,pronounceable,4,2026-09-21T20:15:22.919Z
zetu,pronounceable,4,2026-09-21T20:15:23.689Z
ineg,pronounceable,4,2026-09-21T20:15:24.570Z
hodo,pronounceable,4,2026-09-21T20:15:24.825Z
otus,pronounceable,4,2026-09-21T20:15:25.188Z
asir,pronounceable,4,2026-09-21T20:15:25.987Z
wiwo,pronounceable,4,2026-09-21T20:15:26.807Z
rali,pronounceable,4,2026-09-21T20:15:27.593Z
nose,pronounceable,4,2026-09-21T20:15:27.875Z
ocij,pronounceable,4,2026-09-21T20:15:28.262Z
pano,pronounceable,4,2026-09-21T20:15:28.608Z
ocev,pronounceable,4,2026-09-21T20:15:29.657Z
cuca,pronounceable,4,2026-09-21T20:15:30.531Z
xado,pronounceable,4,2026-09-21T20:15:30.894Z
juxa,pronounceable,4,2026-09-21T20:15:31.207Z
fuse,pronounceable,4,2026-09-21T20:15:31.754Z
iyid,pronounceable,4,2026-09-21T20:15:32.057Z
gola,pronounceable,4,2026-09-21T20:15:32.360Z
wudu,pronounceable,4,2026-09-21T20:15:32.921Z
joyi,pronounceable,4,2026-09-21T20:15:33.743Z
dudu,pronounceable,4,2026-09-21T20:15:34.036Z
yuko,pronounceable,4,2026-09-21T20:15:34.917Z
fabi,pronounceable,4,2026-09-21T20:15:35.209Z
bifa,pronounceable,4,2026-09-21T20:15:36.085Z
pega,pronounceable,4,2026-09-21T20:15:36.884Z
pipa,pronounceable,4,2026-09-21T20:15:37.188Z
ekuf,pronounceable,4,2026-09-21T20:15:38.035Z
wuse,pronounceable,4,2026-09-21T20:15:38.977Z
emom,pronounceable,4,2026-09-21T20:15:40.018Z
requ,pronounceable,4,2026-09-21T20:15:40.038Z
ejip,pronounceable,4,2026-09-21T20:15:40.603Z
vula,pronounceable,4,2026-09-21T20:15:42.317Z
jake,pronounceable,4,2026-09-21T20:15:43.806Z
tuku,pronounceable,4,2026-09-21T20:15:44.626Z
zezi,pronounceable,4,2026-09-21T20:15:44.938Z
oluz,pronounceable,4,2026-09-21T20:15:45.806Z
yede,pronounceable,4,2026-09-21T20:15:46.620Z
havi,pronounceable,4,2026-09-21T20:15:47.364Z
omem,pronounceable,4,2026-09-21T20:15:48.188Z
vozo,pronounceable,4,2026-09-21T20:15:48.983Z
dowo,pronounceable,4,2026-09-21T20:15:49.712Z
ramo,pronounceable,4,2026-09-21T20:15:49.960Z
obop,pronounceable,4,2026-09-21T20:15:50.834Z
ofoy,pronounceable,4,2026-09-21T20:15:51.992Z
meke,pronounceable,4,2026-09-21T20:15:52.376Z
ojow,pronounceable,4,2026-09-21T20:15:53.533Z
bera,pronounceable,4,2026-09-21T20:15:53.848Z
feju,pronounceable,4,2026-09-21T20:15:54.794Z
veke,pronounceable,4,2026-09-21T20:15:55.636Z
ebof,pronounceable,4,2026-09-21T20:15:56.377Z
neqo,pronounceable,4,2026-09-21T20:15:57.351Z
orof,pronounceable,4,2026-09-21T20:15:57.706Z
voke,pronounceable,4,2026-09-21T20:15:58.515Z
hofo,pronounceable,4,2026-09-21T20:15:59.291Z
qeqa,pronounceable,4,2026-09-21T20:16:00.016Z
gice,pronounceable,4,2026-09-21T20:16:00.768Z
cove,pronounceable,4,2026-09-21T20:16:01.049Z
uzut,pronounceable,4,2026-09-21T20:16:01.852Z
vofe,pronounceable,4,2026-09-21T20:16:02.729Z
oruz,pronounceable,4,2026-09-21T20:16:03.722Z
rodi,pronounceable,4,2026-09-21T20:16:04.525Z
dazo,pronounceable,4,2026-09-21T20:16:05.306Z
baqo,pronounceable,4,2026-09-21T20:16:05.591Z
lifu,pronounceable,4,2026-09-21T20:16:06.500Z
iteh,pronounceable,4,2026-09-21T20:16:06.788Z
muna,pronounceable,4,2026-09-21T20:16:07.100Z
atib,pronounceable,4,2026-09-21T20:16:07.433Z
asad,pronounceable,4,2026-09-21T20:16:07.762Z
ibah,pronounceable,4,2026-09-21T20:16:08.070Z
jeza,pronounceable,4,2026-09-21T20:16:08.428Z
azos,pronounceable,4,2026-09-21T20:16:08.765Z
hezo,pronounceable,4,2026-09-21T20:16:09.103Z
geyo,pronounceable,4,2026-09-21T20:16:09.974Z
ovad,pronounceable,4,2026-09-21T20:16:10.709Z
vufu,pronounceable,4,2026-09-21T20:16:10.952Z
upap,pronounceable,4,2026-09-21T20:16:11.338Z
gusa,pronounceable,4,2026-09-21T20:16:11.472Z
tica,pronounceable,4,2026-09-21T20:16:12.477Z
mifi,pronounceable,4,2026-09-21T20:16:12.781Z
ixor,pronounceable,4,2026-09-21T20:16:13.095Z
vame,pronounceable,4,2026-09-21T20:16:13.397Z
eyab,pronounceable,4,2026-09-21T20:16:13.751Z
zuji,pronounceable,4,2026-09-21T20:16:14.795Z
udec,pronounceable,4,2026-09-21T20:16:16.317Z
moxu,pronounceable,4,2026-09-21T20:16:17.133Z
cago,pronounceable,4,2026-09-21T20:16:17.989Z
vucu,pronounceable,4,2026-09-21T20:16:18.771Z
unoc,pronounceable,4,2026-09-21T20:16:19.532Z
wiho,pronounceable,4,2026-09-21T20:16:21.055Z
copi,pronounceable,4,2026-09-21T20:16:21.770Z
amol,pronounceable,4,2026-09-21T20:16:22.500Z
daci,pronounceable,4,2026-09-21T20:16:23.279Z
axec,pronounceable,4,2026-09-21T20:16:23.976Z
paqe,pronounceable,4,2026-09-21T20:16:24.829Z
uruc,pronounceable,4,2026-09-21T20:16:25.577Z
qoxu,pronounceable,4,2026-09-21T20:16:26.272Z
qisa,pronounceable,4,2026-09-21T20:16:26.599Z
epur,pronounceable,4,2026-09-21T20:16:26.901Z
sine,pronounceable,4,2026-09-21T20:16:27.226Z
nore,pronounceable,4,2026-09-21T20:16:28.043Z
opex,pronounceable,4,2026-09-21T20:16:28.882Z
acaf,pronounceable,4,2026-09-21T20:16:29.678Z
epux,pronounceable,4,2026-09-21T20:16:30.515Z
gate,pronounceable,4,2026-09-21T20:16:31.307Z
hopi,pronounceable,4,2026-09-21T20:16:32.083Z
lofi,pronounceable,4,2026-09-21T20:16:32.867Z
away,pronounceable,4,2026-09-21T20:16:33.649Z
oxuf,pronounceable,4,2026-09-21T20:16:33.901Z
nebu,pronounceable,4,2026-09-21T20:16:34.301Z
uwok,pronounceable,4,2026-09-21T20:16:35.077Z
kuzi,pronounceable,4,2026-09-21T20:16:35.356Z
jeda,pronounceable,4,2026-09-21T20:16:36.340Z
oduz,pronounceable,4,2026-09-21T20:16:37.058Z
juye,pronounceable,4,2026-09-21T20:16:37.913Z
nico,pronounceable,4,2026-09-21T20:16:38.842Z
zeri,pronounceable,4,2026-09-21T20:16:39.642Z
bebo,pronounceable,4,2026-09-21T20:16:39.896Z
dupi,pronounceable,4,2026-09-21T20:16:40.741Z
humo,pronounceable,4,2026-09-21T20:16:40.997Z
kupi,pronounceable,4,2026-09-21T20:16:41.401Z
zovu,pronounceable,4,2026-09-21T20:16:41.683Z
vibi,pronounceable,4,2026-09-21T20:16:42.523Z
kabi,pronounceable,4,2026-09-21T20:16:43.326Z
ucah,pronounceable,4,2026-09-21T20:16:43.533Z
ohib,pronounceable,4,2026-09-21T20:16:44.388Z
emiv,pronounceable,4,2026-09-21T20:16:45.199Z
vili,pronounceable,4,2026-09-21T20:16:45.986Z
codu,pronounceable,4,2026-09-21T20:16:46.258Z
lube,pronounceable,4,2026-09-21T20:16:47.128Z
bime,pronounceable,4,2026-09-21T20:16:47.404Z
nafi,pronounceable,4,2026-09-21T20:16:48.242Z
apij,pronounceable,4,2026-09-21T20:16:48.492Z
wasi,pronounceable,4,2026-09-21T20:16:49.395Z
peca,pronounceable,4,2026-09-21T20:16:50.154Z
hudo,pronounceable,4,2026-09-21T20:16:50.931Z
gira,pronounceable,4,2026-09-21T20:16:51.678Z
sepe,pronounceable,4,2026-09-21T20:16:52.568Z
yoqo,pronounceable,4,2026-09-21T20:16:53.298Z
ataw,pronounceable,4,2026-09-21T20:16:54.034Z
ufev,pronounceable,4,2026-09-21T20:16:54.298Z
pidu,pronounceable,4,2026-09-21T20:16:55.174Z
dibi,pronounceable,4,2026-09-21T20:16:55.428Z
kawa,pronounceable,4,2026-09-21T20:16:55.779Z
papu,pronounceable,4,2026-09-21T20:16:56.119Z
luca,pronounceable,4,2026-09-21T20:16:56.981Z
vumo,pronounceable,4,2026-09-21T20:16:57.717Z
cade,pronounceable,4,2026-09-21T20:16:58.535Z
ubuc,pronounceable,4,2026-09-21T20:16:59.431Z
yivo,pronounceable,4,2026-09-21T20:16:59.761Z
omaj,pronounceable,4,2026-09-21T20:17:00.590Z
bube,pronounceable,4,2026-09-21T20:17:01.399Z
sere,pronounceable,4,2026-09-21T20:17:01.673Z
huse,pronounceable,4,2026-09-21T20:17:02.043Z
savu,pronounceable,4,2026-09-21T20:17:02.791Z
libu,pronounceable,4,2026-09-21T20:17:03.602Z
upic,pronounceable,4,2026-09-21T20:17:04.376Z
keci,pronounceable,4,2026-09-21T20:17:05.179Z
enit,pronounceable,4,2026-09-21T20:17:05.430Z
peka,pronounceable,4,2026-09-21T20:17:05.774Z
elob,pronounceable,4,2026-09-21T20:17:06.609Z
ripa,pronounceable,4,2026-09-21T20:17:06.881Z
nawi,pronounceable,4,2026-09-21T20:17:07.668Z
uwaw,pronounceable,4,2026-09-21T20:17:08.413Z
koro,pronounceable,4,2026-09-21T20:17:09.254Z
eweg,pronounceable,4,2026-09-21T20:17:10.035Z
xale,pronounceable,4,2026-09-21T20:17:10.869Z
kexa,pronounceable,4,2026-09-21T20:17:11.648Z
uyez,pronounceable,4,2026-09-21T20:17:12.459Z
xopi,pronounceable,4,2026-09-21T20:17:12.736Z
ucad,pronounceable,4,2026-09-21T20:17:13.064Z
pejo,pronounceable,4,2026-09-21T20:17:13.990Z
ehub,pronounceable,4,2026-09-21T20:17:14.298Z
dine,pronounceable,4,2026-09-21T20:17:14.447Z
dala,pronounceable,4,2026-09-21T20:17:15.489Z
keke,pronounceable,4,2026-09-21T20:17:15.765Z
azon,pronounceable,4,2026-09-21T20:17:16.555Z
duna,pronounceable,4,2026-09-21T20:17:16.827Z
cano,pronounceable,4,2026-09-21T20:17:17.679Z
etos,pronounceable,4,2026-09-21T20:17:18.530Z
jimu,pronounceable,4,2026-09-21T20:17:19.368Z
uxih,pronounceable,4,2026-09-21T20:17:20.167Z
zotu,pronounceable,4,2026-09-21T20:17:20.955Z
zine,pronounceable,4,2026-09-21T20:17:21.229Z
tuwe,pronounceable,4,2026-09-21T20:17:22.077Z
semo,pronounceable,4,2026-09-21T20:17:22.856Z
nihu,pronounceable,4,2026-09-21T20:17:23.784Z
xoco,pronounceable,4,2026-09-21T20:17:24.593Z
jati,pronounceable,4,2026-09-21T20:17:25.336Z
dive,pronounceable,4,2026-09-21T20:17:26.101Z
reju,pronounceable,4,2026-09-21T20:17:26.347Z
peke,pronounceable,4,2026-09-21T20:17:26.707Z
quke,pronounceable,4,2026-09-21T20:17:27.581Z
wafa,pronounceable,4,2026-09-21T20:17:28.411Z
dema,pronounceable,4,2026-09-21T20:17:29.308Z
zaho,pronounceable,4,2026-09-21T20:17:30.214Z
qovo,pronounceable,4,2026-09-21T20:17:30.981Z
fuce,pronounceable,4,2026-09-21T20:17:31.295Z
utis,pronounceable,4,2026-09-21T20:17:32.133Z
sewed,dictionary,5,2026-09-21T20:17:33.011Z
gimme,dictionary,5,2026-09-21T20:17:33.777Z
drone,dictionary,5,2026-09-21T20:17:34.540Z
smile,dictionary,5,2026-09-21T20:17:35.290Z
fiver,dictionary,5,2026-09-21T20:17:35.546Z
mites,dictionary,5,2026-09-21T20:17:36.527Z
omens,dictionary,5,2026-09-21T20:17:37.261Z
budge,dictionary,5,2026-09-21T20:17:38.072Z
cries,dictionary,5,2026-09-21T20:17:38.364Z
baggy,dictionary,5,2026-09-21T20:17:38.676Z
lawns,dictionary,5,2026-09-21T20:17:39.611Z
nerdy,dictionary,5,2026-09-21T20:17:39.877Z
amaze,dictionary,5,2026-09-21T20:17:40.217Z
rigid,dictionary,5,2026-09-21T20:17:41.104Z
maker,dictionary,5,2026-09-21T20:17:41.834Z
plays,dictionary,5,2026-09-21T20:17:42.104Z
orbed,dictionary,5,2026-09-21T20:17:42.963Z
moose,dictionary,5,2026-09-21T20:17:43.857Z
busty,dictionary,5,2026-09-21T20:17:44.111Z
brews,dictionary,5,2026-09-21T20:17:45.097Z
finds,dictionary,5,2026-09-21T20:17:45.948Z
taunt,dictionary,5,2026-09-21T20:17:46.262Z
rough,dictionary,5,2026-09-21T20:17:45.859Z
hokey,dictionary,5,2026-09-21T20:17:46.898Z
filth,dictionary,5,2026-09-21T20:17:47.211Z
scene,dictionary,5,2026-09-21T20:17:48.124Z
pulse,dictionary,5,2026-09-21T20:17:48.500Z
tippy,dictionary,5,2026-09-21T20:17:49.442Z
bendy,dictionary,5,2026-09-21T20:17:49.745Z
noise,dictionary,5,2026-09-21T20:17:50.024Z
raise,dictionary,5,2026-09-21T20:17:50.386Z
sluts,dictionary,5,2026-09-21T20:17:51.242Z
flick,dictionary,5,2026-09-21T20:17:51.533Z
vault,dictionary,5,2026-09-21T20:17:52.461Z
scoop,dictionary,5,2026-09-21T20:17:53.408Z
began,dictionary,5,2026-09-21T20:17:53.699Z
lilac,dictionary,5,2026-09-21T20:17:54.569Z
areas,dictionary,5,2026-09-21T20:17:54.869Z
twist,dictionary,5,2026-09-21T20:17:55.706Z
drake,dictionary,5,2026-09-21T20:17:56.530Z
fever,dictionary,5,2026-09-21T20:17:56.796Z
coded,dictionary,5,2026-09-21T20:17:57.113Z
shuck,dictionary,5,2026-09-21T20:17:57.983Z
sores,dictionary,5,2026-09-21T20:17:58.802Z
triad,dictionary,5,2026-09-21T20:17:59.577Z
allee,dictionary,5,2026-09-21T20:17:59.842Z
sicko,dictionary,5,2026-09-21T20:18:00.772Z
tight,dictionary,5,2026-09-21T20:18:01.538Z
traps,dictionary,5,2026-09-21T20:18:01.894Z
disco,dictionary,5,2026-09-21T20:18:02.245Z
idiom,dictionary,5,2026-09-21T20:18:03.013Z
gripe,dictionary,5,2026-09-21T20:18:03.757Z
batch,dictionary,5,2026-09-21T20:18:04.609Z
totem,dictionary,5,2026-09-21T20:18:05.392Z
tubes,dictionary,5,2026-09-21T20:18:06.252Z
madam,dictionary,5,2026-09-21T20:18:07.040Z
hunch,dictionary,5,2026-09-21T20:18:07.852Z
yours,dictionary,5,2026-09-21T20:18:08.172Z
water,dictionary,5,2026-09-21T20:18:09.000Z
rules,dictionary,5,2026-09-21T20:18:09.269Z
nosed,dictionary,5,2026-09-21T20:18:09.639Z
pixie,dictionary,5,2026-09-21T20:18:10.544Z
washy,dictionary,5,2026-09-21T20:18:11.322Z
crows,dictionary,5,2026-09-21T20:18:12.141Z
rocks,dictionary,5,2026-09-21T20:18:12.866Z
shirt,dictionary,5,2026-09-21T20:18:13.128Z
crock,dictionary,5,2026-09-21T20:18:14.017Z
mocha,dictionary,5,2026-09-21T20:18:14.287Z
vigil,dictionary,5,2026-09-21T20:18:15.281Z
sykes,dictionary,5,2026-09-21T20:18:16.117Z
nails,dictionary,5,2026-09-21T20:18:16.955Z
kiddo,dictionary,5,2026-09-21T20:18:17.269Z
hopes,dictionary,5,2026-09-21T20:18:18.045Z
medic,dictionary,5,2026-09-21T20:18:18.109Z
legal,dictionary,5,2026-09-21T20:18:19.154Z
built,dictionary,5,2026-09-21T20:18:19.954Z
mince,dictionary,5,2026-09-21T20:18:20.751Z
bluer,dictionary,5,2026-09-21T20:18:21.075Z
muses,dictionary,5,2026-09-21T20:18:21.902Z
aside,dictionary,5,2026-09-21T20:18:22.245Z
prose,dictionary,5,2026-09-21T20:18:22.524Z
mower,dictionary,5,2026-09-21T20:18:23.369Z
irons,dictionary,5,2026-09-21T20:18:24.150Z
house,dictionary,5,2026-09-21T20:18:25.053Z
curly,dictionary,5,2026-09-21T20:18:25.326Z
taxes,dictionary,5,2026-09-21T20:18:26.135Z
solar,dictionary,5,2026-09-21T20:18:27.145Z
climb,dictionary,5,2026-09-21T20:18:27.973Z
small,dictionary,5,2026-09-21T20:18:28.807Z
smoky,dictionary,5,2026-09-21T20:18:29.557Z
hives,dictionary,5,2026-09-21T20:18:30.483Z
brock,dictionary,5,2026-09-21T20:18:30.797Z
winch,dictionary,5,2026-09-21T20:18:31.740Z
choke,dictionary,5,2026-09-21T20:18:32.158Z
spook,dictionary,5,2026-09-21T20:18:32.410Z
heels,dictionary,5,2026-09-21T20:18:32.762Z
purge,dictionary,5,2026-09-21T20:18:33.728Z
humph,dictionary,5,2026-09-21T20:18:34.042Z
tails,dictionary,5,2026-09-21T20:18:34.849Z
skied,dictionary,5,2026-09-21T20:18:35.659Z
dunes,dictionary,5,2026-09-21T20:18:36.483Z
midge,dictionary,5,2026-09-21T20:18:37.168Z
goers,dictionary,5,2026-09-21T20:18:37.894Z
chaps,dictionary,5,2026-09-21T20:18:38.652Z
cheep,dictionary,5,2026-09-21T20:18:38.915Z
nixed,dictionary,5,2026-09-21T20:18:39.781Z
lingo,dictionary,5,2026-09-21T20:18:40.557Z
acing,dictionary,5,2026-09-21T20:18:41.368Z
chime,dictionary,5,2026-09-21T20:18:41.683Z
skier,dictionary,5,2026-09-21T20:18:42.570Z
retro,dictionary,5,2026-09-21T20:18:43.373Z
lifts,dictionary,5,2026-09-21T20:18:44.182Z
testy,dictionary,5,2026-09-21T20:18:44.934Z
vibes,dictionary,5,2026-09-21T20:18:45.759Z
ditsy,dictionary,5,2026-09-21T20:18:46.039Z
stung,dictionary,5,2026-09-21T20:18:46.876Z
drama,dictionary,5,2026-09-21T20:18:47.653Z
combo,dictionary,5,2026-09-21T20:18:47.922Z
radio,dictionary,5,2026-09-21T20:18:48.234Z
treat,dictionary,5,2026-09-21T20:18:48.594Z
loads,dictionary,5,2026-09-21T20:18:48.931Z
molly,dictionary,5,2026-09-21T20:18:49.720Z
wears,dictionary,5,2026-09-21T20:18:49.984Z
thorn,dictionary,5,2026-09-21T20:18:50.311Z
pores,dictionary,5,2026-09-21T20:18:51.173Z
chuck,dictionary,5,2026-09-21T20:18:51.476Z
scrub,dictionary,5,2026-09-21T20:18:51.811Z
ennui,dictionary,5,2026-09-21T20:18:52.720Z
alert,dictionary,5,2026-09-21T20:18:53.662Z
novel,dictionary,5,2026-09-21T20:18:54.402Z
crazy,dictionary,5,2026-09-21T20:18:55.174Z
tulle,dictionary,5,2026-09-21T20:18:55.994Z
forte,dictionary,5,2026-09-21T20:18:56.255Z
stubs,dictionary,5,2026-09-21T20:18:56.917Z
paper,dictionary,5,2026-09-21T20:18:57.795Z
minus,dictionary,5,2026-09-21T20:18:58.050Z
pasts,dictionary,5,2026-09-21T20:18:58.898Z
eaten,dictionary,5,2026-09-21T20:18:59.324Z
gated,dictionary,5,2026-09-21T20:18:59.627Z
catch,dictionary,5,2026-09-21T20:19:00.010Z
skate,dictionary,5,2026-09-21T20:19:00.707Z
shawn,dictionary,5,2026-09-21T20:19:00.981Z
tales,dictionary,5,2026-09-21T20:19:01.811Z
bangs,dictionary,5,2026-09-21T20:19:02.697Z
rated,dictionary,5,2026-09-21T20:19:03.539Z
shock,dictionary,5,2026-09-21T20:19:04.337Z
boner,dictionary,5,2026-09-21T20:19:04.604Z
theme,dictionary,5,2026-09-21T20:19:04.965Z
youse,dictionary,5,2026-09-21T20:19:05.917Z
kites,dictionary,5,2026-09-21T20:19:06.734Z
flips,dictionary,5,2026-09-21T20:19:07.581Z
doggy,dictionary,5,2026-09-21T20:19:07.862Z
dwarf,dictionary,5,2026-09-21T20:19:08.689Z
dorky,dictionary,5,2026-09-21T20:19:08.949Z
erupt,dictionary,5,2026-09-21T20:19:09.816Z
alibi,dictionary,5,2026-09-21T20:19:10.579Z
south,dictionary,5,2026-09-21T20:19:10.838Z
humps,dictionary,5,2026-09-21T20:19:11.768Z
comer,dictionary,5,2026-09-21T20:19:12.013Z
askew,dictionary,5,2026-09-21T20:19:12.388Z
punky,dictionary,5,2026-09-21T20:19:12.688Z
terry,dictionary,5,2026-09-21T20:19:13.639Z
sound,dictionary,5,2026-09-21T20:19:14.424Z
slots,dictionary,5,2026-09-21T20:19:15.325Z
squad,dictionary,5,2026-09-21T20:19:16.372Z
awoke,dictionary,5,2026-09-21T20:19:17.124Z
stomp,dictionary,5,2026-09-21T20:19:17.523Z
moxie,dictionary,5,2026-09-21T20:19:17.839Z
asset,dictionary,5,2026-09-21T20:19:18.780Z
fetus,dictionary,5,2026-09-21T20:19:19.616Z
entry,dictionary,5,2026-09-21T20:19:19.932Z
flour,dictionary,5,2026-09-21T20:19:20.245Z
issue,dictionary,5,2026-09-21T20:19:21.000Z
shark,dictionary,5,2026-09-21T20:19:21.243Z
train,dictionary,5,2026-09-21T20:19:21.459Z
eases,dictionary,5,2026-09-21T20:19:22.505Z
honky,dictionary,5,2026-09-21T20:19:23.283Z
malls,dictionary,5,2026-09-21T20:19:24.180Z
hogan,dictionary,5,2026-09-21T20:19:25.020Z
pilot,dictionary,5,2026-09-21T20:19:25.818Z
quick,dictionary,5,2026-09-21T20:19:26.096Z
vesta,dictionary,5,2026-09-21T20:19:26.956Z
later,dictionary,5,2026-09-21T20:19:27.828Z
frame,dictionary,5,2026-09-21T20:19:28.089Z
folly,dictionary,5,2026-09-21T20:19:28.466Z
right,dictionary,5,2026-09-21T20:19:28.785Z
pasta,dictionary,5,2026-09-21T20:19:29.089Z
lofty,dictionary,5,2026-09-21T20:19:29.957Z
merry,dictionary,5,2026-09-21T20:19:30.224Z
lurch,dictionary,5,2026-09-21T20:19:31.117Z
gecko,dictionary,5,2026-09-21T20:19:31.388Z
noose,dictionary,5,2026-09-21T20:19:32.200Z
width,dictionary,5,2026-09-21T20:19:32.455Z
murky,dictionary,5,2026-09-21T20:19:33.313Z
steno,dictionary,5,2026-09-21T20:19:33.563Z
bakes,dictionary,5,2026-09-21T20:19:33.914Z
skulk,dictionary,5,2026-09-21T20:19:34.704Z
tempo,dictionary,5,2026-09-21T20:19:34.986Z
belts,dictionary,5,2026-09-21T20:19:35.379Z
fleas,dictionary,5,2026-09-21T20:19:35.691Z
topic,dictionary,5,2026-09-21T20:19:36.527Z
finer,dictionary,5,2026-09-21T20:19:36.796Z
ganja,dictionary,5,2026-09-21T20:19:37.128Z
leaks,dictionary,5,2026-09-21T20:19:38.000Z
alive,dictionary,5,2026-09-21T20:19:38.727Z
woman,dictionary,5,2026-09-21T20:19:39.654Z
poppa,dictionary,5,2026-09-21T20:19:39.975Z
tense,dictionary,5,2026-09-21T20:19:40.288Z
garth,dictionary,5,2026-09-21T20:19:40.581Z
diary,dictionary,5,2026-09-21T20:19:40.920Z
weeds,dictionary,5,2026-09-21T20:19:41.765Z
pappy,dictionary,5,2026-09-21T20:19:42.503Z
world,dictionary,5,2026-09-21T20:19:43.313Z
domes,dictionary,5,2026-09-21T20:19:44.150Z
ticks,dictionary,5,2026-09-21T20:19:44.417Z
nacho,dictionary,5,2026-09-21T20:19:44.739Z
soggy,dictionary,5,2026-09-21T20:19:45.571Z
fiend,dictionary,5,2026-09-21T20:19:46.376Z
toxin,dictionary,5,2026-09-21T20:19:47.238Z
patsy,dictionary,5,2026-09-21T20:19:48.051Z
snoop,dictionary,5,2026-09-21T20:19:48.331Z
cakes,dictionary,5,2026-09-21T20:19:49.139Z
ditch,dictionary,5,2026-09-21T20:19:49.412Z
stats,dictionary,5,2026-09-21T20:19:50.321Z
motif,dictionary,5,2026-09-21T20:19:50.588Z
manna,dictionary,5,2026-09-21T20:19:51.500Z
clean,dictionary,5,2026-09-21T20:19:52.650Z
farts,dictionary,5,2026-09-21T20:19:53.600Z
shear,dictionary,5,2026-09-21T20:19:53.930Z
clues,dictionary,5,2026-09-21T20:19:54.232Z
serge,dictionary,5,2026-09-21T20:19:55.039Z
fuzzy,dictionary,5,2026-09-21T20:19:55.863Z
array,dictionary,5,2026-09-21T20:19:56.236Z
hoses,dictionary,5,2026-09-21T20:19:57.128Z
spans,dictionary,5,2026-09-21T20:19:57.934Z
jokes,dictionary,5,2026-09-21T20:19:58.195Z
cheat,dictionary,5,2026-09-21T20:19:59.083Z
dozen,dictionary,5,2026-09-21T20:19:59.862Z
theta,dictionary,5,2026-09-21T20:20:00.178Z
wills,dictionary,5,2026-09-21T20:20:00.518Z
booze,dictionary,5,2026-09-21T20:20:01.376Z
riots,dictionary,5,2026-09-21T20:20:01.688Z
sexes,dictionary,5,2026-09-21T20:20:02.001Z
taxis,dictionary,5,2026-09-21T20:20:02.938Z
folds,dictionary,5,2026-09-21T20:20:03.772Z
packs,dictionary,5,2026-09-21T20:20:04.611Z
heirs,dictionary,5,2026-09-21T20:20:05.450Z
costa,dictionary,5,2026-09-21T20:20:06.251Z
stunk,dictionary,5,2026-09-21T20:20:06.511Z
farms,dictionary,5,2026-09-21T20:20:07.372Z
stool,dictionary,5,2026-09-21T20:20:08.154Z
feign,dictionary,5,2026-09-21T20:20:08.420Z
fined,dictionary,5,2026-09-21T20:20:09.295Z
brake,dictionary,5,2026-09-21T20:20:09.555Z
minds,dictionary,5,2026-09-21T20:20:09.902Z
fours,dictionary,5,2026-09-21T20:20:10.693Z
unfit,dictionary,5,2026-09-21T20:20:11.413Z
laker,dictionary,5,2026-09-21T20:20:12.127Z
wahoo,dictionary,5,2026-09-21T20:20:12.379Z
croon,dictionary,5,2026-09-21T20:20:13.266Z
smear,dictionary,5,2026-09-21T20:20:14.047Z
weeks,dictionary,5,2026-09-21T20:20:14.305Z
frees,dictionary,5,2026-09-21T20:20:15.324Z
grief,dictionary,5,2026-09-21T20:20:15.591Z
swine,dictionary,5,2026-09-21T20:20:16.565Z
rouge,dictionary,5,2026-09-21T20:20:17.406Z
pubes,dictionary,5,2026-09-21T20:20:18.195Z
jiffy,dictionary,5,2026-09-21T20:20:19.041Z
shalt,dictionary,5,2026-09-21T20:20:19.849Z
beach,dictionary,5,2026-09-21T20:20:20.629Z
ridge,dictionary,5,2026-09-21T20:20:20.903Z
siree,dictionary,5,2026-09-21T20:20:21.794Z
dotty,dictionary,5,2026-09-21T20:20:22.594Z
hoppy,dictionary,5,2026-09-21T20:20:22.876Z
cream,dictionary,5,2026-09-21T20:20:23.213Z
aware,dictionary,5,2026-09-21T20:20:24.165Z
smash,dictionary,5,2026-09-21T20:20:24.449Z
plush,dictionary,5,2026-09-21T20:20:24.666Z
strep,dictionary,5,2026-09-21T20:20:25.673Z
lamps,dictionary,5,2026-09-21T20:20:26.466Z
sorry,dictionary,5,2026-09-21T20:20:26.813Z
fancy,dictionary,5,2026-09-21T20:20:27.587Z
ruled,dictionary,5,2026-09-21T20:20:28.436Z
there,dictionary,5,2026-09-21T20:20:29.273Z
fleet,dictionary,5,2026-09-21T20:20:29.998Z
shrug,dictionary,5,2026-09-21T20:20:30.805Z
upped,dictionary,5,2026-09-21T20:20:31.610Z
worse,dictionary,5,2026-09-21T20:20:31.933Z
dosed,dictionary,5,2026-09-21T20:20:32.723Z
colin,dictionary,5,2026-09-21T20:20:33.513Z
xerox,dictionary,5,2026-09-21T20:20:34.263Z
other,dictionary,5,2026-09-21T20:20:35.027Z
milky,dictionary,5,2026-09-21T20:20:35.995Z
creek,dictionary,5,2026-09-21T20:20:36.860Z
buffy,dictionary,5,2026-09-21T20:20:37.671Z
medal,dictionary,5,2026-09-21T20:20:38.471Z
stole,dictionary,5,2026-09-21T20:20:39.174Z
moped,dictionary,5,2026-09-21T20:20:39.427Z
ilisu,pronounceable,5,2026-09-21T20:20:40.910Z
mehah,pronounceable,5,2026-09-21T20:20:42.083Z
xamox,pronounceable,5,2026-09-21T20:20:42.846Z
ovefi,pronounceable,5,2026-09-21T20:20:44.246Z
hiney,pronounceable,5,2026-09-21T20:20:44.497Z
posuy,pronounceable,5,2026-09-21T20:20:45.385Z
lorog,pronounceable,5,2026-09-21T20:20:46.214Z
yabin,pronounceable,5,2026-09-21T20:20:46.469Z
najiw,pronounceable,5,2026-09-21T20:20:48.089Z
kufen,pronounceable,5,2026-09-21T20:20:48.587Z
jelor,pronounceable,5,2026-09-21T20:20:53.193Z
kosap,pronounceable,5,2026-09-21T20:20:54.216Z
gavod,pronounceable,5,2026-09-21T20:20:55.029Z
utilo,pronounceable,5,2026-09-21T20:20:55.915Z
povuv,pronounceable,5,2026-09-21T20:20:55.592Z
jalef,pronounceable,5,2026-09-21T20:20:57.083Z
ahila,pronounceable,5,2026-09-21T20:20:58.604Z
lomid,pronounceable,5,2026-09-21T20:20:59.615Z
sezix,pronounceable,5,2026-09-21T20:20:59.937Z
yesim,pronounceable,5,2026-09-21T20:21:00.306Z
nopel,pronounceable,5,2026-09-21T20:21:00.602Z
dawud,pronounceable,5,2026-09-21T20:21:01.443Z
cacew,pronounceable,5,2026-09-21T20:21:03.047Z
iqopa,pronounceable,5,2026-09-21T20:21:04.379Z
ruyuh,pronounceable,5,2026-09-21T20:21:05.190Z
sefam,pronounceable,5,2026-09-21T20:21:05.967Z
yukup,pronounceable,5,2026-09-21T20:21:06.934Z
jopaj,pronounceable,5,2026-09-21T20:21:07.947Z
mises,pronounceable,5,2026-09-21T20:21:08.271Z
orepo,pronounceable,5,2026-09-21T20:21:09.275Z
govoz,pronounceable,5,2026-09-21T20:21:10.340Z
lunem,pronounceable,5,2026-09-21T20:21:11.852Z
mawav,pronounceable,5,2026-09-21T20:21:13.779Z
amoli,pronounceable,5,2026-09-21T20:21:14.623Z
filez,pronounceable,5,2026-09-21T20:21:15.246Z
dedux,pronounceable,5,2026-09-21T20:21:16.158Z
zapil,pronounceable,5,2026-09-21T20:21:16.973Z
judil,pronounceable,5,2026-09-21T20:21:17.581Z
ozoti,pronounceable,5,2026-09-21T20:21:19.236Z
pelim,pronounceable,5,2026-09-21T20:21:20.767Z
esuqu,pronounceable,5,2026-09-21T20:21:21.530Z
givep,pronounceable,5,2026-09-21T20:21:22.266Z
wayad,pronounceable,5,2026-09-21T20:21:23.867Z
apumo,pronounceable,5,2026-09-21T20:21:25.028Z
volam,pronounceable,5,2026-09-21T20:21:25.806Z
ikado,pronounceable,5,2026-09-21T20:21:26.062Z
umale,pronounceable,5,2026-09-21T20:21:26.854Z
kuted,pronounceable,5,2026-09-21T20:21:26.957Z
vapip,pronounceable,5,2026-09-21T20:21:28.118Z
itedo,pronounceable,5,2026-09-21T20:21:28.355Z
toleq,pronounceable,5,2026-09-21T20:21:30.976Z
doleq,pronounceable,5,2026-09-21T20:21:31.232Z
eroxu,pronounceable,5,2026-09-21T20:21:31.615Z
xivag,pronounceable,5,2026-09-21T20:21:31.922Z
okiki,pronounceable,5,2026-09-21T20:21:32.238Z
wuheh,pronounceable,5,2026-09-21T20:21:32.552Z
yukam,pronounceable,5,2026-09-21T20:21:33.571Z
yohoz,pronounceable,5,2026-09-21T20:21:34.318Z
jemeg,pronounceable,5,2026-09-21T20:21:36.197Z
lawoj,pronounceable,5,2026-09-21T20:21:38.123Z
ivadi,pronounceable,5,2026-09-21T20:21:39.031Z
juboy,pronounceable,5,2026-09-21T20:21:39.817Z
wulim,pronounceable,5,2026-09-21T20:21:40.526Z
wanit,pronounceable,5,2026-09-21T20:21:40.799Z
pokag,pronounceable,5,2026-09-21T20:21:41.904Z
jiges,pronounceable,5,2026-09-21T20:21:42.570Z
uhiyi,pronounceable,5,2026-09-21T20:21:43.731Z
defij,pronounceable,5,2026-09-21T20:21:46.478Z
asora,pronounceable,5,2026-09-21T20:21:48.027Z
uwure,pronounceable,5,2026-09-21T20:21:49.555Z
agile,pronounceable,5,2026-09-21T20:21:50.365Z
yopih,pronounceable,5,2026-09-21T20:21:52.029Z
vizop,pronounceable,5,2026-09-21T20:21:52.304Z
vadil,pronounceable,5,2026-09-21T20:21:52.941Z
ifixa,pronounceable,5,2026-09-21T20:21:53.777Z
rovaf,pronounceable,5,2026-09-21T20:21:55.568Z
naqal,pronounceable,5,2026-09-21T20:21:55.829Z
nijiq,pronounceable,5,2026-09-21T20:21:56.179Z
opixo,pronounceable,5,2026-09-21T20:21:57.029Z
ofeci,pronounceable,5,2026-09-21T20:21:58.585Z
cican,pronounceable,5,2026-09-21T20:21:58.651Z
garew,pronounceable,5,2026-09-21T20:22:00.819Z
mefox,pronounceable,5,2026-09-21T20:22:01.600Z
rexup,pronounceable,5,2026-09-21T20:22:01.897Z
hiyay,pronounceable,5,2026-09-21T20:22:02.717Z
muhol,pronounceable,5,2026-09-21T20:22:05.856Z
unati,pronounceable,5,2026-09-21T20:22:06.541Z
vidaj,pronounceable,5,2026-09-21T20:22:06.808Z
obeti,pronounceable,5,2026-09-21T20:22:08.524Z
boros,pronounceable,5,2026-09-21T20:22:09.407Z
miriw,pronounceable,5,2026-09-21T20:22:10.178Z
yimuy,pronounceable,5,2026-09-21T20:22:11.246Z
vepar,pronounceable,5,2026-09-21T20:22:12.356Z
ahono,pronounceable,5,2026-09-21T20:22:12.660Z
lesir,pronounceable,5,2026-09-21T20:22:13.078Z
muxin,pronounceable,5,2026-09-21T20:22:15.175Z
vecet,pronounceable,5,2026-09-21T20:22:15.936Z
lizug,pronounceable,5,2026-09-21T20:22:16.538Z
owaxe,pronounceable,5,2026-09-21T20:22:18.265Z
juqes,pronounceable,5,2026-09-21T20:22:18.520Z
ebema,pronounceable,5,2026-09-21T20:22:19.442Z
omapa,pronounceable,5,2026-09-21T20:22:21.061Z
laros,pronounceable,5,2026-09-21T20:22:21.821Z
civur,pronounceable,5,2026-09-21T20:22:22.656Z
nukir,pronounceable,5,2026-09-21T20:22:27.171Z
munub,pronounceable,5,2026-09-21T20:22:29.783Z
mugon,pronounceable,5,2026-09-21T20:22:30.639Z
janab,pronounceable,5,2026-09-21T20:22:31.293Z
fihun,pronounceable,5,2026-09-21T20:22:32.128Z
firub,pronounceable,5,2026-09-21T20:22:34.978Z
sesoz,pronounceable,5,2026-09-21T20:22:36.211Z
ahaze,pronounceable,5,2026-09-21T20:22:36.954Z
gisec,pronounceable,5,2026-09-21T20:22:37.757Z
favap,pronounceable,5,2026-09-21T20:22:38.685Z
vonig,pronounceable,5,2026-09-21T20:22:39.471Z
jonir,pronounceable,5,2026-09-21T20:22:40.161Z
muhex,pronounceable,5,2026-09-21T20:22:41.230Z
nagik,pronounceable,5,2026-09-21T20:22:42.047Z
bukof,pronounceable,5,2026-09-21T20:22:43.335Z
belih,pronounceable,5,2026-09-21T20:22:44.207Z
jetim,pronounceable,5,2026-09-21T20:22:45.012Z
batol,pronounceable,5,2026-09-21T20:22:45.625Z
agone,pronounceable,5,2026-09-21T20:22:46.567Z
zarap,pronounceable,5,2026-09-21T20:22:48.582Z
muvez,pronounceable,5,2026-09-21T20:22:48.925Z
apaza,pronounceable,5,2026-09-21T20:22:49.221Z
aqela,pronounceable,5,2026-09-21T20:22:50.773Z
zamat,pronounceable,5,2026-09-21T20:22:51.042Z
soyor,pronounceable,5,2026-09-21T20:22:52.830Z
kitum,pronounceable,5,2026-09-21T20:22:53.196Z
nusab,pronounceable,5,2026-09-21T20:22:54.719Z
otuki,pronounceable,5,2026-09-21T20:22:54.987Z
kahut,pronounceable,5,2026-09-21T20:22:56.219Z
iteso,pronounceable,5,2026-09-21T20:22:58.107Z
cinuk,pronounceable,5,2026-09-21T20:22:58.901Z
goreq,pronounceable,5,2026-09-21T20:22:59.155Z
mexux,pronounceable,5,2026-09-21T20:23:00.069Z
uriva,pronounceable,5,2026-09-21T20:23:00.350Z
qotof,pronounceable,5,2026-09-21T20:23:00.765Z
amupo,pronounceable,5,2026-09-21T20:23:03.715Z
nihey,pronounceable,5,2026-09-21T20:23:04.044Z
libel,pronounceable,5,2026-09-21T20:23:04.833Z
epusi,pronounceable,5,2026-09-21T20:23:05.088Z
igasa,pronounceable,5,2026-09-21T20:23:06.250Z
tadem,pronounceable,5,2026-09-21T20:23:09.239Z
ocapu,pronounceable,5,2026-09-21T20:23:10.248Z
zizuk,pronounceable,5,2026-09-21T20:23:11.792Z
getep,pronounceable,5,2026-09-21T20:23:12.933Z
eholo,pronounceable,5,2026-09-21T20:23:14.528Z
kedar,pronounceable,5,2026-09-21T20:23:15.977Z
banil,pronounceable,5,2026-09-21T20:23:17.740Z
relik,pronounceable,5,2026-09-21T20:23:18.825Z
yemiy,pronounceable,5,2026-09-21T20:23:19.720Z
yanog,pronounceable,5,2026-09-21T20:23:20.011Z
akeni,pronounceable,5,2026-09-21T20:23:21.792Z
opema,pronounceable,5,2026-09-21T20:23:22.862Z
wuyet,pronounceable,5,2026-09-21T20:23:24.833Z
podiv,pronounceable,5,2026-09-21T20:23:26.799Z
isuqi,pronounceable,5,2026-09-21T20:23:28.604Z
yabel,pronounceable,5,2026-09-21T20:23:29.335Z
arusi,pronounceable,5,2026-09-21T20:23:30.140Z
wihet,pronounceable,5,2026-09-21T20:23:30.924Z
leliq,pronounceable,5,2026-09-21T20:23:31.174Z
xenim,pronounceable,5,2026-09-21T20:23:32.828Z
mikiz,pronounceable,5,2026-09-21T20:23:33.588Z
arucu,pronounceable,5,2026-09-21T20:23:33.209Z
mikuk,pronounceable,5,2026-09-21T20:23:34.709Z
jozut,pronounceable,5,2026-09-21T20:23:34.962Z
ovabo,pronounceable,5,2026-09-21T20:23:36.539Z
yusog,pronounceable,5,2026-09-21T20:23:36.833Z
relor,pronounceable,5,2026-09-21T20:23:37.131Z
bayim,pronounceable,5,2026-09-21T20:23:39.471Z
ogulu,pronounceable,5,2026-09-21T20:23:40.207Z
hevel,pronounceable,5,2026-09-21T20:23:40.491Z
cocuy,pronounceable,5,2026-09-21T20:23:41.296Z
silog,pronounceable,5,2026-09-21T20:23:41.920Z
saxug,pronounceable,5,2026-09-21T20:23:42.238Z
rejux,pronounceable,5,2026-09-21T20:23:43.664Z
lakaj,pronounceable,5,2026-09-21T20:23:44.134Z
ticoh,pronounceable,5,2026-09-21T20:23:44.954Z
kusev,pronounceable,5,2026-09-21T20:23:46.524Z
packer,dictionary,6,2026-09-21T20:23:48.381Z
tenors,dictionary,6,2026-09-21T20:23:49.254Z
trauma,dictionary,6,2026-09-21T20:23:50.099Z
copper,dictionary,6,2026-09-21T20:23:50.395Z
cystic,dictionary,6,2026-09-21T20:23:50.708Z
tuxedo,dictionary,6,2026-09-21T20:23:51.124Z
faggot,dictionary,6,2026-09-21T20:23:51.391Z
dances,dictionary,6,2026-09-21T20:23:52.240Z
yearns,dictionary,6,2026-09-21T20:23:53.068Z
harder,dictionary,6,2026-09-21T20:23:53.325Z
legged,dictionary,6,2026-09-21T20:23:53.660Z
undone,dictionary,6,2026-09-21T20:23:54.466Z
pounds,dictionary,6,2026-09-21T20:23:55.390Z
blinks,dictionary,6,2026-09-21T20:23:55.835Z
mildew,dictionary,6,2026-09-21T20:23:56.565Z
craves,dictionary,6,2026-09-21T20:23:56.821Z
adults,dictionary,6,2026-09-21T20:23:57.669Z
freely,dictionary,6,2026-09-21T20:23:58.555Z
neatly,dictionary,6,2026-09-21T20:23:58.869Z
elders,dictionary,6,2026-09-21T20:23:59.659Z
mended,dictionary,6,2026-09-21T20:24:00.026Z
cement,dictionary,6,2026-09-21T20:24:00.278Z
bended,dictionary,6,2026-09-21T20:24:01.201Z
reduce,dictionary,6,2026-09-21T20:24:01.458Z
burned,dictionary,6,2026-09-21T20:24:01.787Z
deport,dictionary,6,2026-09-21T20:24:02.848Z
cooled,dictionary,6,2026-09-21T20:24:03.162Z
paired,dictionary,6,2026-09-21T20:24:04.187Z
eighth,dictionary,6,2026-09-21T20:24:05.046Z
pebble,dictionary,6,2026-09-21T20:24:05.178Z
verify,dictionary,6,2026-09-21T20:24:06.299Z
paging,dictionary,6,2026-09-21T20:24:06.617Z
safari,dictionary,6,2026-09-21T20:24:07.554Z
cicely,dictionary,6,2026-09-21T20:24:08.338Z
thighs,dictionary,6,2026-09-21T20:24:08.588Z
dulled,dictionary,6,2026-09-21T20:24:09.542Z
bigamy,dictionary,6,2026-09-21T20:24:10.373Z
corned,dictionary,6,2026-09-21T20:24:11.160Z
licker,dictionary,6,2026-09-21T20:24:11.977Z
unsaid,dictionary,6,2026-09-21T20:24:12.893Z
willow,dictionary,6,2026-09-21T20:24:13.706Z
beards,dictionary,6,2026-09-21T20:24:14.420Z
hurley,dictionary,6,2026-09-21T20:24:14.688Z
loathe,dictionary,6,2026-09-21T20:24:15.027Z
burner,dictionary,6,2026-09-21T20:24:15.359Z
gayest,dictionary,6,2026-09-21T20:24:16.335Z
packed,dictionary,6,2026-09-21T20:24:16.599Z
curfew,dictionary,6,2026-09-21T20:24:17.464Z
spoons,dictionary,6,2026-09-21T20:24:18.227Z
bistro,dictionary,6,2026-09-21T20:24:18.544Z
drawer,dictionary,6,2026-09-21T20:24:19.391Z
smiled,dictionary,6,2026-09-21T20:24:19.696Z
blinds,dictionary,6,2026-09-21T20:24:20.638Z
wiggle,dictionary,6,2026-09-21T20:24:21.686Z
unless,dictionary,6,2026-09-21T20:24:21.997Z
guilty,dictionary,6,2026-09-21T20:24:22.810Z
jotted,dictionary,6,2026-09-21T20:24:23.077Z
vixens,dictionary,6,2026-09-21T20:24:23.993Z
spooks,dictionary,6,2026-09-21T20:24:24.929Z
vacate,dictionary,6,2026-09-21T20:24:25.765Z
waffle,dictionary,6,2026-09-21T20:24:26.189Z
argues,dictionary,6,2026-09-21T20:24:26.508Z
surfer,dictionary,6,2026-09-21T20:24:27.312Z
hearse,dictionary,6,2026-09-21T20:24:28.231Z
baking,dictionary,6,2026-09-21T20:24:28.967Z
measly,dictionary,6,2026-09-21T20:24:29.227Z
revels,dictionary,6,2026-09-21T20:24:30.109Z
marvel,dictionary,6,2026-09-21T20:24:30.898Z
cringe,dictionary,6,2026-09-21T20:24:31.171Z
fasten,dictionary,6,2026-09-21T20:24:31.524Z
drafty,dictionary,6,2026-09-21T20:24:32.411Z
detest,dictionary,6,2026-09-21T20:24:32.705Z
siding,dictionary,6,2026-09-21T20:24:33.730Z
defect,dictionary,6,2026-09-21T20:24:34.512Z
mirror,dictionary,6,2026-09-21T20:24:35.390Z
attain,dictionary,6,2026-09-21T20:24:36.183Z
chains,dictionary,6,2026-09-21T20:24:36.328Z
direct,dictionary,6,2026-09-21T20:24:37.200Z
number,dictionary,6,2026-09-21T20:24:38.503Z
coyote,dictionary,6,2026-09-21T20:24:39.309Z
resign,dictionary,6,2026-09-21T20:24:39.666Z
scoops,dictionary,6,2026-09-21T20:24:40.021Z
pierce,dictionary,6,2026-09-21T20:24:40.291Z
smells,dictionary,6,2026-09-21T20:24:40.611Z
staked,dictionary,6,2026-09-21T20:24:40.965Z
peeing,dictionary,6,2026-09-21T20:24:41.271Z
abused,dictionary,6,2026-09-21T20:24:41.614Z
suntan,dictionary,6,2026-09-21T20:24:42.722Z
larval,dictionary,6,2026-09-21T20:24:43.529Z
browse,dictionary,6,2026-09-21T20:24:44.435Z
dating,dictionary,6,2026-09-21T20:24:45.298Z
tilted,dictionary,6,2026-09-21T20:24:46.153Z
masked,dictionary,6,2026-09-21T20:24:46.449Z
blimey,dictionary,6,2026-09-21T20:24:46.775Z
septum,dictionary,6,2026-09-21T20:24:47.097Z
gramps,dictionary,6,2026-09-21T20:24:48.237Z
poorer,dictionary,6,2026-09-21T20:24:48.551Z
census,dictionary,6,2026-09-21T20:24:48.876Z
hopper,dictionary,6,2026-09-21T20:24:49.284Z
escape,dictionary,6,2026-09-21T20:24:50.124Z
deftly,dictionary,6,2026-09-21T20:24:50.915Z
dreary,dictionary,6,2026-09-21T20:24:51.270Z
bodega,dictionary,6,2026-09-21T20:24:52.120Z
payday,dictionary,6,2026-09-21T20:24:52.947Z
ragged,dictionary,6,2026-09-21T20:24:53.773Z
dumber,dictionary,6,2026-09-21T20:24:54.568Z
soiree,dictionary,6,2026-09-21T20:24:55.456Z
plague,dictionary,6,2026-09-21T20:24:56.264Z
hereby,dictionary,6,2026-09-21T20:24:57.058Z
locate,dictionary,6,2026-09-21T20:24:57.892Z
genome,dictionary,6,2026-09-21T20:24:58.489Z
drives,dictionary,6,2026-09-21T20:24:58.902Z
tokens,dictionary,6,2026-09-21T20:25:00.142Z
homing,dictionary,6,2026-09-21T20:25:00.431Z
climax,dictionary,6,2026-09-21T20:25:01.234Z
goggle,dictionary,6,2026-09-21T20:25:02.163Z
forest,dictionary,6,2026-09-21T20:25:02.419Z
cursed,dictionary,6,2026-09-21T20:25:04.097Z
rising,dictionary,6,2026-09-21T20:25:05.076Z
peddle,dictionary,6,2026-09-21T20:25:05.389Z
eating,dictionary,6,2026-09-21T20:25:06.277Z
liable,dictionary,6,2026-09-21T20:25:06.656Z
borrow,dictionary,6,2026-09-21T20:25:07.708Z
nagged,dictionary,6,2026-09-21T20:25:08.104Z
subtle,dictionary,6,2026-09-21T20:25:08.388Z
idiots,dictionary,6,2026-09-21T20:25:08.027Z
hotdog,dictionary,6,2026-09-21T20:25:09.655Z
fields,dictionary,6,2026-09-21T20:25:10.018Z
parlor,dictionary,6,2026-09-21T20:25:10.752Z
incase,dictionary,6,2026-09-21T20:25:11.026Z
stride,dictionary,6,2026-09-21T20:25:11.381Z
others,dictionary,6,2026-09-21T20:25:12.284Z
manger,dictionary,6,2026-09-21T20:25:13.057Z
voters,dictionary,6,2026-09-21T20:25:13.313Z
zeroes,dictionary,6,2026-09-21T20:25:14.210Z
inlaid,dictionary,6,2026-09-21T20:25:14.992Z
motion,dictionary,6,2026-09-21T20:25:15.256Z
longer,dictionary,6,2026-09-21T20:25:16.172Z
square,dictionary,6,2026-09-21T20:25:16.511Z
entity,dictionary,6,2026-09-21T20:25:16.793Z
taller,dictionary,6,2026-09-21T20:25:17.964Z
balboa,dictionary,6,2026-09-21T20:25:18.812Z
muster,dictionary,6,2026-09-21T20:25:19.563Z
reborn,dictionary,6,2026-09-21T20:25:19.857Z
devour,dictionary,6,2026-09-21T20:25:20.171Z
wanted,dictionary,6,2026-09-21T20:25:21.218Z
chords,dictionary,6,2026-09-21T20:25:21.949Z
exists,dictionary,6,2026-09-21T20:25:22.786Z
detail,dictionary,6,2026-09-21T20:25:23.727Z
gadget,dictionary,6,2026-09-21T20:25:24.564Z
duties,dictionary,6,2026-09-21T20:25:25.357Z
retest,dictionary,6,2026-09-21T20:25:26.238Z
futile,dictionary,6,2026-09-21T20:25:27.063Z
gelato,dictionary,6,2026-09-21T20:25:28.017Z
passed,dictionary,6,2026-09-21T20:25:28.959Z
fondue,dictionary,6,2026-09-21T20:25:29.704Z
wicked,dictionary,6,2026-09-21T20:25:30.134Z
boards,dictionary,6,2026-09-21T20:25:30.528Z
cutout,dictionary,6,2026-09-21T20:25:31.365Z
ingles,dictionary,6,2026-09-21T20:25:32.183Z
zephyr,dictionary,6,2026-09-21T20:25:33.158Z
troupe,dictionary,6,2026-09-21T20:25:33.928Z
bouncy,dictionary,6,2026-09-21T20:25:34.817Z
wright,dictionary,6,2026-09-21T20:25:35.608Z
grabby,dictionary,6,2026-09-21T20:25:36.493Z
heroin,dictionary,6,2026-09-21T20:25:36.750Z
braces,dictionary,6,2026-09-21T20:25:37.621Z
wackos,dictionary,6,2026-09-21T20:25:38.390Z
walled,dictionary,6,2026-09-21T20:25:39.351Z
cypher,dictionary,6,2026-09-21T20:25:39.589Z
civics,dictionary,6,2026-09-21T20:25:41.173Z
prelim,dictionary,6,2026-09-21T20:25:42.029Z
proofs,dictionary,6,2026-09-21T20:25:42.938Z
savour,dictionary,6,2026-09-21T20:25:43.775Z
trains,dictionary,6,2026-09-21T20:25:44.089Z
chummy,dictionary,6,2026-09-21T20:25:44.391Z
ruffle,dictionary,6,2026-09-21T20:25:45.346Z
prefix,dictionary,6,2026-09-21T20:25:46.174Z
verily,dictionary,6,2026-09-21T20:25:46.434Z
jiminy,dictionary,6,2026-09-21T20:25:46.810Z
steaks,dictionary,6,2026-09-21T20:25:47.124Z
frozen,dictionary,6,2026-09-21T20:25:47.896Z
latest,dictionary,6,2026-09-21T20:25:48.695Z
larger,dictionary,6,2026-09-21T20:25:49.549Z
mutiny,dictionary,6,2026-09-21T20:25:49.845Z
madder,dictionary,6,2026-09-21T20:25:50.683Z
deduct,dictionary,6,2026-09-21T20:25:50.968Z
muddle,dictionary,6,2026-09-21T20:25:51.939Z
beetle,dictionary,6,2026-09-21T20:25:52.671Z
prince,dictionary,6,2026-09-21T20:25:52.986Z
upbeat,dictionary,6,2026-09-21T20:25:53.279Z
torque,dictionary,6,2026-09-21T20:25:54.241Z
comics,dictionary,6,2026-09-21T20:25:55.062Z
shapes,dictionary,6,2026-09-21T20:25:55.350Z
ravage,dictionary,6,2026-09-21T20:25:56.335Z
tendon,dictionary,6,2026-09-21T20:25:57.118Z
booker,dictionary,6,2026-09-21T20:25:57.905Z
tanker,dictionary,6,2026-09-21T20:25:58.428Z
slaves,dictionary,6,2026-09-21T20:25:59.370Z
addict,dictionary,6,2026-09-21T20:26:00.313Z
dishes,dictionary,6,2026-09-21T20:26:01.150Z
magnum,dictionary,6,2026-09-21T20:26:02.092Z
listen,dictionary,6,2026-09-21T20:26:03.034Z
tinkle,dictionary,6,2026-09-21T20:26:03.983Z
tracks,dictionary,6,2026-09-21T20:26:04.278Z
humped,dictionary,6,2026-09-21T20:26:04.598Z
hitter,dictionary,6,2026-09-21T20:26:05.519Z
powder,dictionary,6,2026-09-21T20:26:05.791Z
killed,dictionary,6,2026-09-21T20:26:06.762Z
crowed,dictionary,6,2026-09-21T20:26:07.026Z
marina,dictionary,6,2026-09-21T20:26:07.926Z
digits,dictionary,6,2026-09-21T20:26:08.394Z
higher,dictionary,6,2026-09-21T20:26:08.695Z
lasers,dictionary,6,2026-09-21T20:26:09.612Z
esteem,dictionary,6,2026-09-21T20:26:10.576Z
bimbos,dictionary,6,2026-09-21T20:26:10.843Z
mystic,dictionary,6,2026-09-21T20:26:11.019Z
trifle,dictionary,6,2026-09-21T20:26:12.065Z
ballon,dictionary,6,2026-09-21T20:26:13.113Z
ritter,dictionary,6,2026-09-21T20:26:13.949Z
boosts,dictionary,6,2026-09-21T20:26:14.800Z
flicks,dictionary,6,2026-09-21T20:26:15.062Z
stakes,dictionary,6,2026-09-21T20:26:15.936Z
folded,dictionary,6,2026-09-21T20:26:16.818Z
dissed,dictionary,6,2026-09-21T20:26:17.784Z
floats,dictionary,6,2026-09-21T20:26:18.175Z
colour,dictionary,6,2026-09-21T20:26:18.496Z
orange,dictionary,6,2026-09-21T20:26:18.755Z
tattoo,dictionary,6,2026-09-21T20:26:19.624Z
onions,dictionary,6,2026-09-21T20:26:20.409Z
scales,dictionary,6,2026-09-21T20:26:21.180Z
thread,dictionary,6,2026-09-21T20:26:21.434Z
fatten,dictionary,6,2026-09-21T20:26:21.794Z
nibble,dictionary,6,2026-09-21T20:26:22.088Z
prayer,dictionary,6,2026-09-21T20:26:23.263Z
comedy,dictionary,6,2026-09-21T20:26:23.996Z
turtle,dictionary,6,2026-09-21T20:26:24.833Z
confer,dictionary,6,2026-09-21T20:26:25.659Z
tipped,dictionary,6,2026-09-21T20:26:26.510Z
scorch,dictionary,6,2026-09-21T20:26:27.348Z
rhymes,dictionary,6,2026-09-21T20:26:28.168Z
timbre,dictionary,6,2026-09-21T20:26:29.026Z
format,dictionary,6,2026-09-21T20:26:30.074Z
sleaze,dictionary,6,2026-09-21T20:26:31.019Z
mildly,dictionary,6,2026-09-21T20:26:31.801Z
cheery,dictionary,6,2026-09-21T20:26:32.172Z
thrift,dictionary,6,2026-09-21T20:26:33.011Z
punish,dictionary,6,2026-09-21T20:26:33.744Z
spouse,dictionary,6,2026-09-21T20:26:34.524Z
canoes,dictionary,6,2026-09-21T20:26:35.460Z
dozens,dictionary,6,2026-09-21T20:26:35.840Z
uncuff,dictionary,6,2026-09-21T20:26:36.316Z
chills,dictionary,6,2026-09-21T20:26:37.087Z
droopy,dictionary,6,2026-09-21T20:26:37.352Z
asthma,dictionary,6,2026-09-21T20:26:37.681Z
strewn,dictionary,6,2026-09-21T20:26:38.540Z
premed,dictionary,6,2026-09-21T20:26:38.803Z
uppers,dictionary,6,2026-09-21T20:26:39.609Z
chiefs,dictionary,6,2026-09-21T20:26:40.516Z
stasis,dictionary,6,2026-09-21T20:26:41.389Z
grouse,dictionary,6,2026-09-21T20:26:41.702Z
inches,dictionary,6,2026-09-21T20:26:42.466Z
advent,dictionary,6,2026-09-21T20:26:42.458Z
traits,dictionary,6,2026-09-21T20:26:43.605Z
burger,dictionary,6,2026-09-21T20:26:44.414Z
truant,dictionary,6,2026-09-21T20:26:45.272Z
poncho,dictionary,6,2026-09-21T20:26:46.121Z
goodie,dictionary,6,2026-09-21T20:26:46.392Z
beauty,dictionary,6,2026-09-21T20:26:47.252Z
almond,dictionary,6,2026-09-21T20:26:48.087Z
wreaks,dictionary,6,2026-09-21T20:26:48.816Z
billie,dictionary,6,2026-09-21T20:26:49.128Z
loosen,dictionary,6,2026-09-21T20:26:50.797Z
themes,dictionary,6,2026-09-21T20:26:51.083Z
canopy,dictionary,6,2026-09-21T20:26:52.025Z
lapdog,dictionary,6,2026-09-21T20:26:52.479Z
somber,dictionary,6,2026-09-21T20:26:52.900Z
inmate,dictionary,6,2026-09-21T20:26:53.847Z
smoker,dictionary,6,2026-09-21T20:26:54.163Z
stoned,dictionary,6,2026-09-21T20:26:55.026Z
raging,dictionary,6,2026-09-21T20:26:55.331Z
tubing,dictionary,6,2026-09-21T20:26:55.673Z
wizard,dictionary,6,2026-09-21T20:26:56.536Z
lucked,dictionary,6,2026-09-21T20:26:56.853Z
violet,dictionary,6,2026-09-21T20:26:57.638Z
glazer,dictionary,6,2026-09-21T20:26:57.926Z
poised,dictionary,6,2026-09-21T20:26:58.776Z
intent,dictionary,6,2026-09-21T20:26:59.769Z
limber,dictionary,6,2026-09-21T20:27:00.788Z
hooded,dictionary,6,2026-09-21T20:27:01.103Z
spirit,dictionary,6,2026-09-21T20:27:02.048Z
whisky,dictionary,6,2026-09-21T20:27:02.310Z
pagers,dictionary,6,2026-09-21T20:27:03.285Z
corker,dictionary,6,2026-09-21T20:27:04.263Z
wahuba,pronounceable,6,2026-09-21T20:27:06.457Z
vamiwa,pronounceable,6,2026-09-21T20:27:07.924Z
lapila,pronounceable,6,2026-09-21T20:27:10.375Z
serevi,pronounceable,6,2026-09-21T20:27:11.496Z
deliva,pronounceable,6,2026-09-21T20:27:16.714Z
secahi,pronounceable,6,2026-09-21T20:27:30.112Z
yekabe,pronounceable,6,2026-09-21T20:27:38.834Z
paharu,pronounceable,6,2026-09-21T20:27:42.347Z
lanija,pronounceable,6,2026-09-21T20:27:52.102Z
letima,pronounceable,6,2026-09-21T20:27:54.072Z
opuxuz,pronounceable,6,2026-09-21T20:27:57.216Z
tobuko,pronounceable,6,2026-09-21T20:27:58.354Z
adihex,pronounceable,6,2026-09-21T20:28:00.685Z
yuyaki,pronounceable,6,2026-09-21T20:28:02.759Z
volexa,pronounceable,6,2026-09-21T20:28:03.525Z
dimuka,pronounceable,6,2026-09-21T20:28:05.868Z
ridaxa,pronounceable,6,2026-09-21T20:28:11.109Z
samabo,pronounceable,6,2026-09-21T20:28:14.489Z
examic,pronounceable,6,2026-09-21T20:28:17.737Z
gufera,pronounceable,6,2026-09-21T20:28:19.183Z
asahaj,pronounceable,6,2026-09-21T20:28:21.177Z
ayafer,pronounceable,6,2026-09-21T20:28:34.408Z
fizire,pronounceable,6,2026-09-21T20:28:35.529Z
karage,pronounceable,6,2026-09-21T20:28:35.808Z
zizuto,pronounceable,6,2026-09-21T20:28:37.309Z
yugova,pronounceable,6,2026-09-21T20:28:39.549Z
bidilu,pronounceable,6,2026-09-21T20:28:49.189Z
jodofe,pronounceable,6,2026-09-21T20:29:02.897Z
noboxo,pronounceable,6,2026-09-21T20:29:03.874Z
todate,pronounceable,6,2026-09-21T20:29:11.890Z
nanale,pronounceable,6,2026-09-21T20:29:12.140Z
mazuke,pronounceable,6,2026-09-21T20:29:12.499Z
vesuhu,pronounceable,6,2026-09-21T20:29:12.865Z
vunoli,pronounceable,6,2026-09-21T20:29:17.750Z
inanet,pronounceable,6,2026-09-21T20:29:18.626Z
ricoze,pronounceable,6,2026-09-21T20:29:19.697Z
sicivi,pronounceable,6,2026-09-21T20:29:20.635Z
ruleja,pronounceable,6,2026-09-21T20:29:23.146Z
yeyita,pronounceable,6,2026-09-21T20:29:23.904Z
darome,pronounceable,6,2026-09-21T20:29:25.389Z
alanew,pronounceable,6,2026-09-21T20:29:28.902Z
cabine,pronounceable,6,2026-09-21T20:29:29.825Z
lupile,pronounceable,6,2026-09-21T20:29:31.774Z
momazu,pronounceable,6,2026-09-21T20:29:33.271Z
secede,pronounceable,6,2026-09-21T20:29:35.408Z
pelapa,pronounceable,6,2026-09-21T20:29:38.079Z
hexibo,pronounceable,6,2026-09-21T20:29:42.888Z
bogogo,pronounceable,6,2026-09-21T20:29:43.958Z
tojize,pronounceable,6,2026-09-21T20:29:44.761Z
simega,pronounceable,6,2026-09-21T20:29:49.521Z
donosa,pronounceable,6,2026-09-21T20:29:53.686Z
danegi,pronounceable,6,2026-09-21T20:29:54.694Z
mezuro,pronounceable,6,2026-09-21T20:29:55.775Z
alenoh,pronounceable,6,2026-09-21T20:29:59.975Z
runeru,pronounceable,6,2026-09-21T20:30:04.953Z
dabbled,dictionary,7,2026-09-21T20:30:06.571Z
happens,dictionary,7,2026-09-21T20:30:07.418Z
updated,dictionary,7,2026-09-21T20:30:07.705Z
inroads,dictionary,7,2026-09-21T20:30:08.562Z
gliding,dictionary,7,2026-09-21T20:30:09.362Z
confirm,dictionary,7,2026-09-21T20:30:09.651Z
plummet,dictionary,7,2026-09-21T20:30:09.992Z
risotto,dictionary,7,2026-09-21T20:30:10.277Z
mitzvah,dictionary,7,2026-09-21T20:30:11.118Z
seltzer,dictionary,7,2026-09-21T20:30:11.387Z
curfews,dictionary,7,2026-09-21T20:30:11.744Z
busboys,dictionary,7,2026-09-21T20:30:12.583Z
fixated,dictionary,7,2026-09-21T20:30:13.393Z
lagging,dictionary,7,2026-09-21T20:30:14.191Z
buzzing,dictionary,7,2026-09-21T20:30:15.020Z
however,dictionary,7,2026-09-21T20:30:15.810Z
stepped,dictionary,7,2026-09-21T20:30:16.646Z
lantern,dictionary,7,2026-09-21T20:30:16.918Z
parkway,dictionary,7,2026-09-21T20:30:17.261Z
commits,dictionary,7,2026-09-21T20:30:17.582Z
vermeil,dictionary,7,2026-09-21T20:30:18.443Z
lactose,dictionary,7,2026-09-21T20:30:19.261Z
machete,dictionary,7,2026-09-21T20:30:20.095Z
abstain,dictionary,7,2026-09-21T20:30:20.911Z
reeling,dictionary,7,2026-09-21T20:30:21.639Z
tangent,dictionary,7,2026-09-21T20:30:22.395Z
staying,dictionary,7,2026-09-21T20:30:23.186Z
apropos,dictionary,7,2026-09-21T20:30:23.520Z
winding,dictionary,7,2026-09-21T20:30:23.861Z
reeking,dictionary,7,2026-09-21T20:30:24.039Z
consort,dictionary,7,2026-09-21T20:30:24.460Z
almonds,dictionary,7,2026-09-21T20:30:24.785Z
meanest,dictionary,7,2026-09-21T20:30:25.281Z
vaccine,dictionary,7,2026-09-21T20:30:25.546Z
flooded,dictionary,7,2026-09-21T20:30:25.877Z
octopus,dictionary,7,2026-09-21T20:30:26.194Z
seasons,dictionary,7,2026-09-21T20:30:26.598Z
falsely,dictionary,7,2026-09-21T20:30:27.350Z
scanned,dictionary,7,2026-09-21T20:30:27.614Z
blacked,dictionary,7,2026-09-21T20:30:27.963Z
colleen,dictionary,7,2026-09-21T20:30:28.298Z
freaked,dictionary,7,2026-09-21T20:30:28.621Z
militia,dictionary,7,2026-09-21T20:30:28.958Z
stunted,dictionary,7,2026-09-21T20:30:29.804Z
concede,dictionary,7,2026-09-21T20:30:30.628Z
laughed,dictionary,7,2026-09-21T20:30:31.450Z
collage,dictionary,7,2026-09-21T20:30:32.169Z
trilogy,dictionary,7,2026-09-21T20:30:32.467Z
rescues,dictionary,7,2026-09-21T20:30:33.252Z
network,dictionary,7,2026-09-21T20:30:33.980Z
cuticle,dictionary,7,2026-09-21T20:30:34.793Z
curacao,dictionary,7,2026-09-21T20:30:35.608Z
torched,dictionary,7,2026-09-21T20:30:35.874Z
sanding,dictionary,7,2026-09-21T20:30:36.681Z
pollack,dictionary,7,2026-09-21T20:30:37.483Z
chatter,dictionary,7,2026-09-21T20:30:38.317Z
prophet,dictionary,7,2026-09-21T20:30:38.590Z
wriggle,dictionary,7,2026-09-21T20:30:39.496Z
markets,dictionary,7,2026-09-21T20:30:40.316Z
appeals,dictionary,7,2026-09-21T20:30:40.558Z
accepts,dictionary,7,2026-09-21T20:30:40.909Z
hassled,dictionary,7,2026-09-21T20:30:41.267Z
factoid,dictionary,7,2026-09-21T20:30:42.167Z
jasmine,dictionary,7,2026-09-21T20:30:42.930Z
honours,dictionary,7,2026-09-21T20:30:43.205Z
crimson,dictionary,7,2026-09-21T20:30:43.503Z
stabbed,dictionary,7,2026-09-21T20:30:43.873Z
amateur,dictionary,7,2026-09-21T20:30:44.284Z
seafood,dictionary,7,2026-09-21T20:30:44.610Z
bologna,dictionary,7,2026-09-21T20:30:45.422Z
smiling,dictionary,7,2026-09-21T20:30:46.168Z
minions,dictionary,7,2026-09-21T20:30:46.425Z
bullies,dictionary,7,2026-09-21T20:30:46.781Z
decades,dictionary,7,2026-09-21T20:30:47.641Z
jawbone,dictionary,7,2026-09-21T20:30:47.904Z
brushed,dictionary,7,2026-09-21T20:30:48.827Z
visited,dictionary,7,2026-09-21T20:30:49.564Z
doormat,dictionary,7,2026-09-21T20:30:49.843Z
outrank,dictionary,7,2026-09-21T20:30:50.672Z
goblins,dictionary,7,2026-09-21T20:30:50.923Z
panther,dictionary,7,2026-09-21T20:30:51.786Z
surpass,dictionary,7,2026-09-21T20:30:52.619Z
carving,dictionary,7,2026-09-21T20:30:53.337Z
stables,dictionary,7,2026-09-21T20:30:54.143Z
exposes,dictionary,7,2026-09-21T20:30:54.975Z
toasted,dictionary,7,2026-09-21T20:30:55.271Z
beliefs,dictionary,7,2026-09-21T20:30:54.888Z
earring,dictionary,7,2026-09-21T20:30:55.958Z
abigail,dictionary,7,2026-09-21T20:30:56.211Z
ecstasy,dictionary,7,2026-09-21T20:30:57.459Z
gliders,dictionary,7,2026-09-21T20:30:58.270Z
fellahs,dictionary,7,2026-09-21T20:30:58.551Z
origami,dictionary,7,2026-09-21T20:30:59.657Z
futures,dictionary,7,2026-09-21T20:31:00.707Z
fresher,dictionary,7,2026-09-21T20:31:01.022Z
seeping,dictionary,7,2026-09-21T20:31:01.845Z
corsage,dictionary,7,2026-09-21T20:31:02.678Z
aroused,dictionary,7,2026-09-21T20:31:02.931Z
holiday,dictionary,7,2026-09-21T20:31:03.773Z
carting,dictionary,7,2026-09-21T20:31:04.508Z
cowboys,dictionary,7,2026-09-21T20:31:04.805Z
plowing,dictionary,7,2026-09-21T20:31:05.153Z
rampage,dictionary,7,2026-09-21T20:31:05.469Z
patriot,dictionary,7,2026-09-21T20:31:06.336Z
typhoid,dictionary,7,2026-09-21T20:31:06.596Z
gunnery,dictionary,7,2026-09-21T20:31:07.561Z
history,dictionary,7,2026-09-21T20:31:07.878Z
pigeons,dictionary,7,2026-09-21T20:31:08.720Z
digress,dictionary,7,2026-09-21T20:31:09.443Z
problem,dictionary,7,2026-09-21T20:31:10.224Z
forgive,dictionary,7,2026-09-21T20:31:10.507Z
geology,dictionary,7,2026-09-21T20:31:11.342Z
billion,dictionary,7,2026-09-21T20:31:12.273Z
abolish,dictionary,7,2026-09-21T20:31:13.026Z
delving,dictionary,7,2026-09-21T20:31:13.769Z
bracken,dictionary,7,2026-09-21T20:31:14.029Z
shining,dictionary,7,2026-09-21T20:31:14.365Z
reunite,dictionary,7,2026-09-21T20:31:15.225Z
rectify,dictionary,7,2026-09-21T20:31:15.995Z
cuffing,dictionary,7,2026-09-21T20:31:16.871Z
dropout,dictionary,7,2026-09-21T20:31:17.152Z
napkins,dictionary,7,2026-09-21T20:31:18.014Z
without,dictionary,7,2026-09-21T20:31:18.740Z
narwhal,dictionary,7,2026-09-21T20:31:19.438Z
sadness,dictionary,7,2026-09-21T20:31:19.731Z
picture,dictionary,7,2026-09-21T20:31:20.050Z
beepers,dictionary,7,2026-09-21T20:31:20.918Z
killjoy,dictionary,7,2026-09-21T20:31:21.191Z
peddler,dictionary,7,2026-09-21T20:31:21.520Z
sendoff,dictionary,7,2026-09-21T20:31:21.836Z
grander,dictionary,7,2026-09-21T20:31:22.802Z
pancake,dictionary,7,2026-09-21T20:31:23.586Z
ageless,dictionary,7,2026-09-21T20:31:24.418Z
airways,dictionary,7,2026-09-21T20:31:24.735Z
baroque,dictionary,7,2026-09-21T20:31:25.571Z
jerking,dictionary,7,2026-09-21T20:31:26.478Z
solvent,dictionary,7,2026-09-21T20:31:26.499Z
protest,dictionary,7,2026-09-21T20:31:27.084Z
heinous,dictionary,7,2026-09-21T20:31:27.994Z
heavens,dictionary,7,2026-09-21T20:31:28.801Z
defying,dictionary,7,2026-09-21T20:31:29.052Z
drawers,dictionary,7,2026-09-21T20:31:29.924Z
celeste,dictionary,7,2026-09-21T20:31:30.199Z
english,dictionary,7,2026-09-21T20:31:31.009Z
declare,dictionary,7,2026-09-21T20:31:31.805Z
mobster,dictionary,7,2026-09-21T20:31:32.597Z
gayness,dictionary,7,2026-09-21T20:31:33.307Z
weeping,dictionary,7,2026-09-21T20:31:34.233Z
landers,dictionary,7,2026-09-21T20:31:35.082Z
vacated,dictionary,7,2026-09-21T20:31:35.867Z
offense,dictionary,7,2026-09-21T20:31:36.234Z
sharper,dictionary,7,2026-09-21T20:31:36.507Z
pasties,dictionary,7,2026-09-21T20:31:36.832Z
jackass,dictionary,7,2026-09-21T20:31:37.819Z
capsule,dictionary,7,2026-09-21T20:31:38.559Z
concept,dictionary,7,2026-09-21T20:31:39.373Z
resting,dictionary,7,2026-09-21T20:31:40.173Z
spastic,dictionary,7,2026-09-21T20:31:40.989Z
prevail,dictionary,7,2026-09-21T20:31:41.734Z
infused,dictionary,7,2026-09-21T20:31:42.605Z
schemed,dictionary,7,2026-09-21T20:31:43.362Z
dullard,dictionary,7,2026-09-21T20:31:44.131Z
startle,dictionary,7,2026-09-21T20:31:44.847Z
charmer,dictionary,7,2026-09-21T20:31:45.766Z
awarded,dictionary,7,2026-09-21T20:31:46.640Z
invites,dictionary,7,2026-09-21T20:31:47.468Z
created,dictionary,7,2026-09-21T20:31:47.782Z
moocher,dictionary,7,2026-09-21T20:31:48.083Z
warfare,dictionary,7,2026-09-21T20:31:48.506Z
deposed,dictionary,7,2026-09-21T20:31:48.830Z
stopped,dictionary,7,2026-09-21T20:31:49.248Z
larceny,dictionary,7,2026-09-21T20:31:49.984Z
sparing,dictionary,7,2026-09-21T20:31:50.895Z
fledged,dictionary,7,2026-09-21T20:31:51.689Z
karaoke,dictionary,7,2026-09-21T20:31:52.439Z
cardiac,dictionary,7,2026-09-21T20:31:53.234Z
delayed,dictionary,7,2026-09-21T20:31:53.562Z
crosses,dictionary,7,2026-09-21T20:31:54.393Z
valiant,dictionary,7,2026-09-21T20:31:55.208Z
release,dictionary,7,2026-09-21T20:31:56.026Z
noodles,dictionary,7,2026-09-21T20:31:56.899Z
norland,dictionary,7,2026-09-21T20:31:57.789Z
entrust,dictionary,7,2026-09-21T20:31:58.605Z
dashing,dictionary,7,2026-09-21T20:31:58.694Z
framing,dictionary,7,2026-09-21T20:31:59.187Z
fucking,dictionary,7,2026-09-21T20:31:59.525Z
vending,dictionary,7,2026-09-21T20:32:00.362Z
poodles,dictionary,7,2026-09-21T20:32:00.685Z
popcorn,dictionary,7,2026-09-21T20:32:01.598Z
comment,dictionary,7,2026-09-21T20:32:02.360Z
mindset,dictionary,7,2026-09-21T20:32:03.133Z
begging,dictionary,7,2026-09-21T20:32:03.467Z
rumours,dictionary,7,2026-09-21T20:32:03.728Z
jumbled,dictionary,7,2026-09-21T20:32:04.528Z
painter,dictionary,7,2026-09-21T20:32:05.296Z
viewing,dictionary,7,2026-09-21T20:32:06.133Z
sixties,dictionary,7,2026-09-21T20:32:06.894Z
tracing,dictionary,7,2026-09-21T20:32:07.791Z
utilize,dictionary,7,2026-09-21T20:32:08.036Z
ganging,dictionary,7,2026-09-21T20:32:08.390Z
chuckle,dictionary,7,2026-09-21T20:32:08.770Z
spoiled,dictionary,7,2026-09-21T20:32:09.505Z
rigging,dictionary,7,2026-09-21T20:32:10.277Z
removed,dictionary,7,2026-09-21T20:32:11.170Z
lunches,dictionary,7,2026-09-21T20:32:12.072Z
prelude,dictionary,7,2026-09-21T20:32:12.330Z
cookies,dictionary,7,2026-09-21T20:32:12.661Z
prancer,dictionary,7,2026-09-21T20:32:13.524Z
condoms,dictionary,7,2026-09-21T20:32:14.296Z
periods,dictionary,7,2026-09-21T20:32:14.557Z
slither,dictionary,7,2026-09-21T20:32:15.403Z
wildest,dictionary,7,2026-09-21T20:32:16.203Z
caskets,dictionary,7,2026-09-21T20:32:17.021Z
fluffed,dictionary,7,2026-09-21T20:32:17.846Z
fattest,dictionary,7,2026-09-21T20:32:18.718Z
rearing,dictionary,7,2026-09-21T20:32:19.546Z
marines,dictionary,7,2026-09-21T20:32:20.406Z
threads,dictionary,7,2026-09-21T20:32:20.696Z
rowboat,dictionary,7,2026-09-21T20:32:21.527Z
nickels,dictionary,7,2026-09-21T20:32:22.284Z
student,dictionary,7,2026-09-21T20:32:23.110Z
maxwell,dictionary,7,2026-09-21T20:32:23.848Z
jerseys,dictionary,7,2026-09-21T20:32:24.635Z
watched,dictionary,7,2026-09-21T20:32:24.932Z
carpool,dictionary,7,2026-09-21T20:32:25.813Z
convene,dictionary,7,2026-09-21T20:32:26.749Z
adamant,dictionary,7,2026-09-21T20:32:27.490Z
results,dictionary,7,2026-09-21T20:32:28.275Z
jumping,dictionary,7,2026-09-21T20:32:28.533Z
impacts,dictionary,7,2026-09-21T20:32:29.424Z
trickle,dictionary,7,2026-09-21T20:32:29.697Z
compete,dictionary,7,2026-09-21T20:32:29.805Z
chapter,dictionary,7,2026-09-21T20:32:30.923Z
muffins,dictionary,7,2026-09-21T20:32:31.209Z
bulldog,dictionary,7,2026-09-21T20:32:32.108Z
washing,dictionary,7,2026-09-21T20:32:32.872Z
witless,dictionary,7,2026-09-21T20:32:33.688Z
planted,dictionary,7,2026-09-21T20:32:34.430Z
ignored,dictionary,7,2026-09-21T20:32:35.230Z
symbols,dictionary,7,2026-09-21T20:32:35.999Z
pervert,dictionary,7,2026-09-21T20:32:36.730Z
enables,dictionary,7,2026-09-21T20:32:36.983Z
forcing,dictionary,7,2026-09-21T20:32:37.339Z
abusive,dictionary,7,2026-09-21T20:32:38.191Z
wrecker,dictionary,7,2026-09-21T20:32:38.478Z
choking,dictionary,7,2026-09-21T20:32:38.820Z
vintage,dictionary,7,2026-09-21T20:32:39.674Z
bonuses,dictionary,7,2026-09-21T20:32:40.470Z
botched,dictionary,7,2026-09-21T20:32:41.229Z
chalked,dictionary,7,2026-09-21T20:32:41.949Z
stomper,dictionary,7,2026-09-21T20:32:42.727Z
parents,dictionary,7,2026-09-21T20:32:42.976Z
toaster,dictionary,7,2026-09-21T20:32:43.315Z
glitter,dictionary,7,2026-09-21T20:32:44.132Z
mahatma,dictionary,7,2026-09-21T20:32:44.937Z
because,dictionary,7,2026-09-21T20:32:45.905Z
viceroy,dictionary,7,2026-09-21T20:32:46.655Z
carwash,dictionary,7,2026-09-21T20:32:47.516Z
allowed,dictionary,7,2026-09-21T20:32:47.785Z
popping,dictionary,7,2026-09-21T20:32:48.131Z
widowed,dictionary,7,2026-09-21T20:32:48.433Z
duchess,dictionary,7,2026-09-21T20:32:49.256Z
parrots,dictionary,7,2026-09-21T20:32:50.013Z
pickups,dictionary,7,2026-09-21T20:32:51.139Z
through,dictionary,7,2026-09-21T20:32:51.879Z
clapped,dictionary,7,2026-09-21T20:32:52.133Z
cleared,dictionary,7,2026-09-21T20:32:53.019Z
chafing,dictionary,7,2026-09-21T20:32:53.808Z
fondest,dictionary,7,2026-09-21T20:32:54.050Z
ripping,dictionary,7,2026-09-21T20:32:54.939Z
bruised,dictionary,7,2026-09-21T20:32:55.741Z
mimosas,dictionary,7,2026-09-21T20:32:56.463Z
pissing,dictionary,7,2026-09-21T20:32:57.192Z
morally,dictionary,7,2026-09-21T20:32:57.966Z
knights,dictionary,7,2026-09-21T20:32:58.236Z
potions,dictionary,7,2026-09-21T20:32:59.010Z
ballast,dictionary,7,2026-09-21T20:32:59.264Z
forearm,dictionary,7,2026-09-21T20:33:00.148Z
boatman,dictionary,7,2026-09-21T20:33:00.398Z
winners,dictionary,7,2026-09-21T20:33:00.752Z
measles,dictionary,7,2026-09-21T20:33:01.613Z
rooster,dictionary,7,2026-09-21T20:33:01.707Z
handout,dictionary,7,2026-09-21T20:33:02.741Z
messier,dictionary,7,2026-09-21T20:33:03.019Z
starred,dictionary,7,2026-09-21T20:33:03.912Z
blossom,dictionary,7,2026-09-21T20:33:04.156Z
memento,dictionary,7,2026-09-21T20:33:05.053Z
raggedy,dictionary,7,2026-09-21T20:33:05.320Z
torment,dictionary,7,2026-09-21T20:33:05.665Z
cheesed,dictionary,7,2026-09-21T20:33:05.992Z
inhuman,dictionary,7,2026-09-21T20:33:06.309Z
trivial,dictionary,7,2026-09-21T20:33:07.158Z
sanctum,dictionary,7,2026-09-21T20:33:07.865Z
elevate,dictionary,7,2026-09-21T20:33:08.752Z
scammed,dictionary,7,2026-09-21T20:33:09.008Z
designs,dictionary,7,2026-09-21T20:33:09.888Z
scrapes,dictionary,7,2026-09-21T20:33:10.639Z
coriram,pronounceable,7,2026-09-21T20:33:42.585Z
waruxix,pronounceable,7,2026-09-21T20:34:03.720Z
lihanaf,pronounceable,7,2026-09-21T20:34:23.268Z
anukadi,pronounceable,7,2026-09-21T20:35:26.325Z
gabobig,pronounceable,7,2026-09-21T20:35:39.452Z
wilodan,pronounceable,7,2026-09-21T20:35:55.298Z
sigunes,pronounceable,7,2026-09-21T20:36:03.552Z
sons,dictionary2,4,2026-09-21T20:36:10.880Z
moot,dictionary2,4,2026-09-21T20:36:11.170Z
lone,dictionary2,4,2026-09-21T20:36:11.472Z
bald,dictionary2,4,2026-09-21T20:36:12.277Z
flex,dictionary2,4,2026-09-21T20:36:13.053Z
tell,dictionary2,4,2026-09-21T20:36:13.903Z
feta,dictionary2,4,2026-09-21T20:36:14.188Z
shut,dictionary2,4,2026-09-21T20:36:14.497Z
halo,dictionary2,4,2026-09-21T20:36:15.300Z
mink,dictionary2,4,2026-09-21T20:36:16.034Z
saga,dictionary2,4,2026-09-21T20:36:16.737Z
sark,dictionary2,4,2026-09-21T20:36:17.497Z
moms,dictionary2,4,2026-09-21T20:36:17.760Z
kobo,dictionary2,4,2026-09-21T20:36:18.719Z
grin,dictionary2,4,2026-09-21T20:36:19.557Z
hump,dictionary2,4,2026-09-21T20:36:20.280Z
clad,dictionary2,4,2026-09-21T20:36:20.548Z
dang,dictionary2,4,2026-09-21T20:36:20.870Z
pout,dictionary2,4,2026-09-21T20:36:21.259Z
dare,dictionary2,4,2026-09-21T20:36:22.015Z
loud,dictionary2,4,2026-09-21T20:36:22.281Z
hock,dictionary2,4,2026-09-21T20:36:23.131Z
tips,dictionary2,4,2026-09-21T20:36:23.376Z
tate,dictionary2,4,2026-09-21T20:36:24.258Z
foal,dictionary2,4,2026-09-21T20:36:24.529Z
acid,dictionary2,4,2026-09-21T20:36:24.861Z
hair,dictionary2,4,2026-09-21T20:36:25.708Z
cake,dictionary2,4,2026-09-21T20:36:25.773Z
blow,dictionary2,4,2026-09-21T20:36:26.842Z
cook,dictionary2,4,2026-09-21T20:36:27.565Z
park,dictionary2,4,2026-09-21T20:36:27.834Z
veil,dictionary2,4,2026-09-21T20:36:28.703Z
guns,dictionary2,4,2026-09-21T20:36:29.482Z
reek,dictionary2,4,2026-09-21T20:36:30.324Z
dual,dictionary2,4,2026-09-21T20:36:31.305Z
tong,dictionary2,4,2026-09-21T20:36:31.570Z
rags,dictionary2,4,2026-09-21T20:36:32.473Z
puck,dictionary2,4,2026-09-21T20:36:33.352Z
exam,dictionary2,4,2026-09-21T20:36:34.205Z
pier,dictionary2,4,2026-09-21T20:36:35.058Z
hiss,dictionary2,4,2026-09-21T20:36:35.319Z
malt,dictionary2,4,2026-09-21T20:36:35.633Z
wish,dictionary2,4,2026-09-21T20:36:36.431Z
card,dictionary2,4,2026-09-21T20:36:37.259Z
mule,dictionary2,4,2026-09-21T20:36:37.510Z
mice,dictionary2,4,2026-09-21T20:36:38.330Z
fish,dictionary2,4,2026-09-21T20:36:38.586Z
aide,dictionary2,4,2026-09-21T20:36:38.918Z
para,dictionary2,4,2026-09-21T20:36:39.746Z
pave,dictionary2,4,2026-09-21T20:36:40.043Z
fess,dictionary2,4,2026-09-21T20:36:40.807Z
wack,dictionary2,4,2026-09-21T20:36:41.053Z
bids,dictionary2,4,2026-09-21T20:36:41.960Z
atom,dictionary2,4,2026-09-21T20:36:42.537Z
dirt,dictionary2,4,2026-09-21T20:36:43.477Z
gout,dictionary2,4,2026-09-21T20:36:44.311Z
part,dictionary2,4,2026-09-21T20:36:44.581Z
gnaw,dictionary2,4,2026-09-21T20:36:44.901Z
stew,dictionary2,4,2026-09-21T20:36:45.742Z
lane,dictionary2,4,2026-09-21T20:36:46.684Z
torn,dictionary2,4,2026-09-21T20:36:47.432Z
duly,dictionary2,4,2026-09-21T20:36:47.722Z
muse,dictionary2,4,2026-09-21T20:36:48.074Z
bark,dictionary2,4,2026-09-21T20:36:48.868Z
cups,dictionary2,4,2026-09-21T20:36:49.723Z
died,dictionary2,4,2026-09-21T20:36:50.000Z
band,dictionary2,4,2026-09-21T20:36:50.770Z
dots,dictionary2,4,2026-09-21T20:36:51.575Z
self,dictionary2,4,2026-09-21T20:36:51.842Z
owes,dictionary2,4,2026-09-21T20:36:52.189Z
woof,dictionary2,4,2026-09-21T20:36:52.505Z
whiz,dictionary2,4,2026-09-21T20:36:53.370Z
maid,dictionary2,4,2026-09-21T20:36:54.153Z
trot,dictionary2,4,2026-09-21T20:36:54.403Z
lily,dictionary2,4,2026-09-21T20:36:54.754Z
deft,dictionary2,4,2026-09-21T20:36:55.076Z
mean,dictionary2,4,2026-09-21T20:36:55.422Z
comb,dictionary2,4,2026-09-21T20:36:56.266Z
shaw,dictionary2,4,2026-09-21T20:36:56.541Z
veal,dictionary2,4,2026-09-21T20:36:57.433Z
grad,dictionary2,4,2026-09-21T20:36:57.047Z
kane,dictionary2,4,2026-09-21T20:36:58.526Z
head,dictionary2,4,2026-09-21T20:36:58.783Z
loch,dictionary2,4,2026-09-21T20:36:59.573Z
gore,dictionary2,4,2026-09-21T20:36:59.849Z
cola,dictionary2,4,2026-09-21T20:37:00.168Z
hush,dictionary2,4,2026-09-21T20:37:01.014Z
jump,dictionary2,4,2026-09-21T20:37:01.873Z
gear,dictionary2,4,2026-09-21T20:37:02.576Z
nazi,dictionary2,4,2026-09-21T20:37:03.339Z
cent,dictionary2,4,2026-09-21T20:37:03.603Z
many,dictionary2,4,2026-09-21T20:37:04.424Z
coed,dictionary2,4,2026-09-21T20:37:04.661Z
ever,dictionary2,4,2026-09-21T20:37:05.558Z
logs,dictionary2,4,2026-09-21T20:37:06.381Z
deco,dictionary2,4,2026-09-21T20:37:06.646Z
bone,dictionary2,4,2026-09-21T20:37:07.472Z
harm,dictionary2,4,2026-09-21T20:37:08.292Z
crap,dictionary2,4,2026-09-21T20:37:09.128Z
faux,dictionary2,4,2026-09-21T20:37:09.838Z
hens,dictionary2,4,2026-09-21T20:37:10.611Z
cozy,dictionary2,4,2026-09-21T20:37:11.338Z
mach,dictionary2,4,2026-09-21T20:37:12.118Z
rude,dictionary2,4,2026-09-21T20:37:12.893Z
acts,dictionary2,4,2026-09-21T20:37:13.652Z
nope,dictionary2,4,2026-09-21T20:37:14.354Z
barf,dictionary2,4,2026-09-21T20:37:14.637Z
wits,dictionary2,4,2026-09-21T20:37:14.961Z
odds,dictionary2,4,2026-09-21T20:37:15.821Z
cosy,dictionary2,4,2026-09-21T20:37:16.118Z
army,dictionary2,4,2026-09-21T20:37:16.969Z
papa,dictionary2,4,2026-09-21T20:37:17.246Z
does,dictionary2,4,2026-09-21T20:37:18.094Z
yore,dictionary2,4,2026-09-21T20:37:18.434Z
dusk,dictionary2,4,2026-09-21T20:37:19.282Z
dato,dictionary2,4,2026-09-21T20:37:19.562Z
dive,dictionary2,4,2026-09-21T20:37:20.465Z
lore,dictionary2,4,2026-09-21T20:37:21.186Z
joes,dictionary2,4,2026-09-21T20:37:22.018Z
skim,dictionary2,4,2026-09-21T20:37:22.805Z
maps,dictionary2,4,2026-09-21T20:37:23.705Z
even,dictionary2,4,2026-09-21T20:37:23.968Z
kirk,dictionary2,4,2026-09-21T20:37:24.329Z
wire,dictionary2,4,2026-09-21T20:37:25.171Z
ding,dictionary2,4,2026-09-21T20:37:25.958Z
pied,dictionary2,4,2026-09-21T20:37:26.725Z
lace,dictionary2,4,2026-09-21T20:37:27.470Z
dogs,dictionary2,4,2026-09-21T20:37:28.259Z
nods,dictionary2,4,2026-09-21T20:37:28.510Z
tile,dictionary2,4,2026-09-21T20:37:28.881Z
mums,dictionary2,4,2026-09-21T20:37:28.502Z
navy,dictionary2,4,2026-09-21T20:37:29.993Z
bird,dictionary2,4,2026-09-21T20:37:30.252Z
chap,dictionary2,4,2026-09-21T20:37:30.571Z
were,dictionary2,4,2026-09-21T20:37:30.910Z
vote,dictionary2,4,2026-09-21T20:37:31.724Z
turn,dictionary2,4,2026-09-21T20:37:32.010Z
slot,dictionary2,4,2026-09-21T20:37:32.975Z
baba,dictionary2,4,2026-09-21T20:37:33.691Z
free,dictionary2,4,2026-09-21T20:37:34.506Z
pies,dictionary2,4,2026-09-21T20:37:34.767Z
lier,dictionary2,4,2026-09-21T20:37:35.638Z
jill,dictionary2,4,2026-09-21T20:37:36.437Z
iron,dictionary2,4,2026-09-21T20:37:37.160Z
chic,dictionary2,4,2026-09-21T20:37:37.868Z
tore,dictionary2,4,2026-09-21T20:37:38.670Z
tram,dictionary2,4,2026-09-21T20:37:39.518Z
sabe,dictionary2,4,2026-09-21T20:37:39.769Z
clip,dictionary2,4,2026-09-21T20:37:40.125Z
swat,dictionary2,4,2026-09-21T20:37:40.943Z
cite,dictionary2,4,2026-09-21T20:37:41.195Z
cool,dictionary2,4,2026-09-21T20:37:41.545Z
dung,dictionary2,4,2026-09-21T20:37:42.478Z
dish,dictionary2,4,2026-09-21T20:37:42.775Z
jazz,dictionary2,4,2026-09-21T20:37:43.587Z
goal,dictionary2,4,2026-09-21T20:37:44.398Z
cape,dictionary2,4,2026-09-21T20:37:45.156Z
foxy,dictionary2,4,2026-09-21T20:37:45.951Z
nest,dictionary2,4,2026-09-21T20:37:46.732Z
must,dictionary2,4,2026-09-21T20:37:47.538Z
thug,dictionary2,4,2026-09-21T20:37:48.284Z
bite,dictionary2,4,2026-09-21T20:37:49.055Z
doze,dictionary2,4,2026-09-21T20:37:49.855Z
drug,dictionary2,4,2026-09-21T20:37:50.638Z
pecs,dictionary2,4,2026-09-21T20:37:50.893Z
doth,dictionary2,4,2026-09-21T20:37:51.237Z
sown,dictionary2,4,2026-09-21T20:37:52.147Z
hint,dictionary2,4,2026-09-21T20:37:52.868Z
safe,dictionary2,4,2026-09-21T20:37:53.737Z
yams,dictionary2,4,2026-09-21T20:37:54.556Z
tory,dictionary2,4,2026-09-21T20:37:54.824Z
hive,dictionary2,4,2026-09-21T20:37:55.133Z
haha,dictionary2,4,2026-09-21T20:37:56.017Z
fine,dictionary2,4,2026-09-21T20:37:56.280Z
buys,dictionary2,4,2026-09-21T20:37:56.642Z
brad,dictionary2,4,2026-09-21T20:37:57.453Z
axle,dictionary2,4,2026-09-21T20:37:58.232Z
hale,dictionary2,4,2026-09-21T20:37:59.037Z
hood,dictionary2,4,2026-09-21T20:37:59.841Z
crib,dictionary2,4,2026-09-21T20:38:00.090Z
star,dictionary2,4,2026-09-21T20:38:00.439Z
gift,dictionary2,4,2026-09-21T20:38:00.686Z
eels,dictionary2,4,2026-09-21T20:38:01.634Z
tins,dictionary2,4,2026-09-21T20:38:02.425Z
tutu,dictionary2,4,2026-09-21T20:38:03.194Z
afar,dictionary2,4,2026-09-21T20:38:04.057Z
site,dictionary2,4,2026-09-21T20:38:04.862Z
ache,dictionary2,4,2026-09-21T20:38:05.640Z
rich,dictionary2,4,2026-09-21T20:38:05.884Z
body,dictionary2,4,2026-09-21T20:38:06.255Z
honk,dictionary2,4,2026-09-21T20:38:07.078Z
sunk,dictionary2,4,2026-09-21T20:38:07.861Z
bugs,dictionary2,4,2026-09-21T20:38:08.114Z
lips,dictionary2,4,2026-09-21T20:38:08.927Z
rail,dictionary2,4,2026-09-21T20:38:09.708Z
nous,dictionary2,4,2026-09-21T20:38:10.534Z
corn,dictionary2,4,2026-09-21T20:38:11.264Z
node,dictionary2,4,2026-09-21T20:38:12.091Z
milo,dictionary2,4,2026-09-21T20:38:12.825Z
lamb,dictionary2,4,2026-09-21T20:38:13.079Z
like,dictionary2,4,2026-09-21T20:38:13.425Z
gaff,dictionary2,4,2026-09-21T20:38:14.304Z
demo,dictionary2,4,2026-09-21T20:38:14.551Z
find,dictionary2,4,2026-09-21T20:38:14.907Z
dies,dictionary2,4,2026-09-21T20:38:15.250Z
norm,dictionary2,4,2026-09-21T20:38:16.087Z
loop,dictionary2,4,2026-09-21T20:38:16.346Z
lacy,dictionary2,4,2026-09-21T20:38:16.689Z
teed,dictionary2,4,2026-09-21T20:38:17.553Z
sill,dictionary2,4,2026-09-21T20:38:17.814Z
herd,dictionary2,4,2026-09-21T20:38:18.663Z
scar,dictionary2,4,2026-09-21T20:38:19.356Z
eddy,dictionary2,4,2026-09-21T20:38:19.643Z
ness,dictionary2,4,2026-09-21T20:38:20.562Z
hops,dictionary2,4,2026-09-21T20:38:21.440Z
trey,dictionary2,4,2026-09-21T20:38:21.705Z
need,dictionary2,4,2026-09-21T20:38:22.612Z
tyre,dictionary2,4,2026-09-21T20:38:23.395Z
jail,dictionary2,4,2026-09-21T20:38:24.247Z
curb,dictionary2,4,2026-09-21T20:38:24.584Z
move,dictionary2,4,2026-09-21T20:38:24.841Z
shin,dictionary2,4,2026-09-21T20:38:25.180Z
sock,dictionary2,4,2026-09-21T20:38:26.018Z
piss,dictionary2,4,2026-09-21T20:38:26.876Z
lawn,dictionary2,4,2026-09-21T20:38:27.147Z
unit,dictionary2,4,2026-09-21T20:38:28.016Z
dyer,dictionary2,4,2026-09-21T20:38:28.841Z
hypo,dictionary2,4,2026-09-21T20:38:29.627Z
woes,dictionary2,4,2026-09-21T20:38:30.449Z
swan,dictionary2,4,2026-09-21T20:38:30.718Z
leak,dictionary2,4,2026-09-21T20:38:31.558Z
coke,dictionary2,4,2026-09-21T20:38:31.651Z
prom,dictionary2,4,2026-09-21T20:38:32.628Z
pfft,dictionary2,4,2026-09-21T20:38:33.364Z
pees,dictionary2,4,2026-09-21T20:38:33.648Z
spin,dictionary2,4,2026-09-21T20:38:34.423Z
hero,dictionary2,4,2026-09-21T20:38:34.678Z
koss,dictionary2,4,2026-09-21T20:38:35.552Z
limo,dictionary2,4,2026-09-21T20:38:36.322Z
lars,dictionary2,4,2026-09-21T20:38:37.106Z
moat,dictionary2,4,2026-09-21T20:38:37.872Z
show,dictionary2,4,2026-09-21T20:38:38.629Z
copy,dictionary2,4,2026-09-21T20:38:39.419Z
cory,dictionary2,4,2026-09-21T20:38:40.288Z
nosh,dictionary2,4,2026-09-21T20:38:41.069Z
rang,dictionary2,4,2026-09-21T20:38:41.810Z
caps,dictionary2,4,2026-09-21T20:38:42.563Z
roar,dictionary2,4,2026-09-21T20:38:43.335Z
scam,dictionary2,4,2026-09-21T20:38:43.656Z
tuck,dictionary2,4,2026-09-21T20:38:44.490Z
gunk,dictionary2,4,2026-09-21T20:38:45.259Z
tiff,dictionary2,4,2026-09-21T20:38:46.130Z
base,dictionary2,4,2026-09-21T20:38:46.895Z
cram,dictionary2,4,2026-09-21T20:38:47.697Z
coma,dictionary2,4,2026-09-21T20:38:48.466Z
reed,dictionary2,4,2026-09-21T20:38:48.724Z
doom,dictionary2,4,2026-09-21T20:38:49.528Z
flaw,dictionary2,4,2026-09-21T20:38:50.297Z
reps,dictionary2,4,2026-09-21T20:38:50.560Z
rule,dictionary2,4,2026-09-21T20:38:51.390Z
rank,dictionary2,4,2026-09-21T20:38:52.169Z
bash,dictionary2,4,2026-09-21T20:38:52.987Z
spic,dictionary2,4,2026-09-21T20:38:53.251Z
with,dictionary2,4,2026-09-21T20:38:54.092Z
geek,dictionary2,4,2026-09-21T20:38:54.894Z
mike,dictionary2,4,2026-09-21T20:38:55.637Z
bits,dictionary2,4,2026-09-21T20:38:55.883Z
sack,dictionary2,4,2026-09-21T20:38:56.787Z
town,dictionary2,4,2026-09-21T20:38:57.591Z
tome,dictionary2,4,2026-09-21T20:38:58.331Z
gigs,dictionary2,4,2026-09-21T20:38:58.598Z
carb,dictionary2,4,2026-09-21T20:38:58.924Z
burn,dictionary2,4,2026-09-21T20:38:59.782Z
coot,dictionary2,4,2026-09-21T20:39:00.583Z
prod,dictionary2,4,2026-09-21T20:39:01.382Z
gobs,dictionary2,4,2026-09-21T20:39:01.646Z
hazy,dictionary2,4,2026-09-21T20:39:01.981Z
diva,dictionary2,4,2026-09-21T20:39:02.311Z
stub,dictionary2,4,2026-09-21T20:39:03.170Z
jane,dictionary2,4,2026-09-21T20:39:03.419Z
leaf,dictionary2,4,2026-09-21T20:39:03.653Z
pink,dictionary2,4,2026-09-21T20:39:04.586Z
scan,dictionary2,4,2026-09-21T20:39:04.857Z
wine,dictionary2,4,2026-09-21T20:39:05.625Z
face,dictionary2,4,2026-09-21T20:39:06.329Z
ways,dictionary2,4,2026-09-21T20:39:07.133Z
bura,dictionary2,4,2026-09-21T20:39:08.022Z
snub,dictionary2,4,2026-09-21T20:39:08.936Z
maya,dictionary2,4,2026-09-21T20:39:09.744Z
scum,dictionary2,4,2026-09-21T20:39:10.517Z
peep,dictionary2,4,2026-09-21T20:39:11.321Z
wage,dictionary2,4,2026-09-21T20:39:12.069Z
deem,dictionary2,4,2026-09-21T20:39:12.852Z
redo,dictionary2,4,2026-09-21T20:39:13.095Z
raid,dictionary2,4,2026-09-21T20:39:13.438Z
blew,dictionary2,4,2026-09-21T20:39:13.805Z
wops,dictionary2,4,2026-09-21T20:39:14.128Z
gaby,dictionary2,4,2026-09-21T20:39:14.958Z
lava,dictionary2,4,2026-09-21T20:39:15.707Z
mayo,dictionary2,4,2026-09-21T20:39:15.977Z
lick,dictionary2,4,2026-09-21T20:39:16.296Z
slaw,dictionary2,4,2026-09-21T20:39:16.646Z
plea,dictionary2,4,2026-09-21T20:39:16.965Z
lice,dictionary2,4,2026-09-21T20:39:17.845Z
lien,dictionary2,4,2026-09-21T20:39:18.699Z
undo,dictionary2,4,2026-09-21T20:39:19.481Z
luge,dictionary2,4,2026-09-21T20:39:19.752Z
news,dictionary2,4,2026-09-21T20:39:20.097Z
gist,dictionary2,4,2026-09-21T20:39:20.950Z
bull,dictionary2,4,2026-09-21T20:39:21.232Z
sumo,dictionary2,4,2026-09-21T20:39:22.074Z
pump,dictionary2,4,2026-09-21T20:39:22.794Z
ford,dictionary2,4,2026-09-21T20:39:23.601Z
lots,dictionary2,4,2026-09-21T20:39:24.328Z
vial,dictionary2,4,2026-09-21T20:39:25.115Z
coop,dictionary2,4,2026-09-21T20:39:25.828Z
bold,dictionary2,4,2026-09-21T20:39:26.630Z
slop,dictionary2,4,2026-09-21T20:39:27.453Z
shiv,dictionary2,4,2026-09-21T20:39:28.249Z
spit,dictionary2,4,2026-09-21T20:39:29.085Z
ramp,dictionary2,4,2026-09-21T20:39:29.831Z
read,dictionary2,4,2026-09-21T20:39:30.658Z
cusp,dictionary2,4,2026-09-21T20:39:31.439Z
roof,dictionary2,4,2026-09-21T20:39:32.304Z
nuke,dictionary2,4,2026-09-21T20:39:33.178Z
slew,dictionary2,4,2026-09-21T20:39:34.002Z
bros,dictionary2,4,2026-09-21T20:39:34.808Z
clef,dictionary2,4,2026-09-21T20:39:35.094Z
rare,dictionary2,4,2026-09-21T20:39:35.143Z
trek,dictionary2,4,2026-09-21T20:39:35.748Z
zest,dictionary2,4,2026-09-21T20:39:36.615Z
mute,dictionary2,4,2026-09-21T20:39:36.859Z
pots,dictionary2,4,2026-09-21T20:39:37.704Z
boob,dictionary2,4,2026-09-21T20:39:37.954Z
loca,dictionary2,4,2026-09-21T20:39:38.746Z
ruby,dictionary2,4,2026-09-21T20:39:39.061Z
ribs,dictionary2,4,2026-09-21T20:39:39.864Z
fins,dictionary2,4,2026-09-21T20:39:40.115Z
type,dictionary2,4,2026-09-21T20:39:40.915Z
luck,dictionary2,4,2026-09-21T20:39:41.190Z
lift,dictionary2,4,2026-09-21T20:39:41.544Z
stow,dictionary2,4,2026-09-21T20:39:41.857Z
germ,dictionary2,4,2026-09-21T20:39:42.734Z
room,dictionary2,4,2026-09-21T20:39:43.515Z
flap,dictionary2,4,2026-09-21T20:39:44.329Z
nary,dictionary2,4,2026-09-21T20:39:44.587Z
gaps,dictionary2,4,2026-09-21T20:39:45.488Z
wall,dictionary2,4,2026-09-21T20:39:45.733Z
cunt,dictionary2,4,2026-09-21T20:39:46.645Z
gimp,dictionary2,4,2026-09-21T20:39:46.881Z
peel,dictionary2,4,2026-09-21T20:39:47.736Z
rate,dictionary2,4,2026-09-21T20:39:48.032Z
weep,dictionary2,4,2026-09-21T20:39:48.847Z
puff,dictionary2,4,2026-09-21T20:39:49.094Z
bury,dictionary2,4,2026-09-21T20:39:49.942Z
clue,dictionary2,4,2026-09-21T20:39:50.198Z
gage,dictionary2,4,2026-09-21T20:39:50.544Z
rose,dictionary2,4,2026-09-21T20:39:50.871Z
vast,dictionary2,4,2026-09-21T20:39:51.761Z
khan,dictionary2,4,2026-09-21T20:39:52.514Z
bins,dictionary2,4,2026-09-21T20:39:53.484Z
zany,dictionary2,4,2026-09-21T20:39:53.730Z
toes,dictionary2,4,2026-09-21T20:39:54.562Z
back,dictionary2,4,2026-09-21T20:39:55.297Z
ruth,dictionary2,4,2026-09-21T20:39:56.088Z
noon,dictionary2,4,2026-09-21T20:39:56.322Z
gags,dictionary2,4,2026-09-21T20:39:56.685Z
brie,dictionary2,4,2026-09-21T20:39:57.578Z
simp,dictionary2,4,2026-09-21T20:39:58.348Z
pods,dictionary2,4,2026-09-21T20:39:59.108Z
roam,dictionary2,4,2026-09-21T20:39:59.858Z
brow,dictionary2,4,2026-09-21T20:40:00.689Z
cons,dictionary2,4,2026-09-21T20:40:01.516Z
fizz,dictionary2,4,2026-09-21T20:40:01.779Z
hong,dictionary2,4,2026-09-21T20:40:02.602Z
hemp,dictionary2,4,2026-09-21T20:40:03.393Z
asks,dictionary2,4,2026-09-21T20:40:04.158Z
peed,dictionary2,4,2026-09-21T20:40:04.405Z
lush,dictionary2,4,2026-09-21T20:40:04.759Z
pong,dictionary2,4,2026-09-21T20:40:05.083Z
wait,dictionary2,4,2026-09-21T20:40:05.451Z
cans,dictionary2,4,2026-09-21T20:40:06.307Z
mode,dictionary2,4,2026-09-21T20:40:06.428Z
knob,dictionary2,4,2026-09-21T20:40:06.885Z
mops,dictionary2,4,2026-09-21T20:40:07.727Z
kris,dictionary2,4,2026-09-21T20:40:08.512Z
tons,dictionary2,4,2026-09-21T20:40:08.784Z
meat,dictionary2,4,2026-09-21T20:40:09.184Z
alma,dictionary2,4,2026-09-21T20:40:09.989Z
helm,dictionary2,4,2026-09-21T20:40:10.873Z
weds,dictionary2,4,2026-09-21T20:40:11.806Z
toon,dictionary2,4,2026-09-21T20:40:12.581Z
dame,dictionary2,4,2026-09-21T20:40:13.315Z
woke,dictionary2,4,2026-09-21T20:40:14.293Z
mild,dictionary2,4,2026-09-21T20:40:15.143Z
vase,dictionary2,4,2026-09-21T20:40:15.928Z
root,dictionary2,4,2026-09-21T20:40:16.767Z
chip,dictionary2,4,2026-09-21T20:40:17.536Z
tolt,dictionary-obscure,4,2026-09-21T20:40:18.288Z
tine,dictionary-obscure,4,2026-09-21T20:40:18.560Z
rees,dictionary-obscure,4,2026-09-21T20:40:19.434Z
pert,dictionary-obscure,4,2026-09-21T20:40:20.179Z
jasz,dictionary-obscure,4,2026-09-21T20:40:20.975Z
mols,dictionary-obscure,4,2026-09-21T20:40:21.800Z
stut,dictionary-obscure,4,2026-09-21T20:40:22.633Z
syph,dictionary-obscure,4,2026-09-21T20:40:22.904Z
aire,dictionary-obscure,4,2026-09-21T20:40:23.213Z
ands,dictionary-obscure,4,2026-09-21T20:40:24.144Z
naut,dictionary-obscure,4,2026-09-21T20:40:24.893Z
coky,dictionary-obscure,4,2026-09-21T20:40:25.165Z
expo,dictionary-obscure,4,2026-09-21T20:40:25.484Z
kueh,dictionary-obscure,4,2026-09-21T20:40:26.391Z
mapo,dictionary-obscure,4,2026-09-21T20:40:27.172Z
peen,dictionary-obscure,4,2026-09-21T20:40:27.944Z
sloo,dictionary-obscure,4,2026-09-21T20:40:28.735Z
doux,dictionary-obscure,4,2026-09-21T20:40:29.576Z
taal,dictionary-obscure,4,2026-09-21T20:40:29.852Z
amie,dictionary-obscure,4,2026-09-21T20:40:30.174Z
migs,dictionary-obscure,4,2026-09-21T20:40:30.518Z
ning,dictionary-obscure,4,2026-09-21T20:40:31.363Z
nere,dictionary-obscure,4,2026-09-21T20:40:32.166Z
bart,dictionary-obscure,4,2026-09-21T20:40:32.925Z
suto,dictionary-obscure,4,2026-09-21T20:40:33.642Z
tats,dictionary-obscure,4,2026-09-21T20:40:34.397Z
nevi,dictionary-obscure,4,2026-09-21T20:40:35.201Z
uvid,dictionary-obscure,4,2026-09-21T20:40:35.453Z
mahu,dictionary-obscure,4,2026-09-21T20:40:36.326Z
bagh,dictionary-obscure,4,2026-09-21T20:40:37.079Z
ixia,dictionary-obscure,4,2026-09-21T20:40:37.887Z
iran,dictionary-obscure,4,2026-09-21T20:40:38.132Z
jarl,dictionary-obscure,4,2026-09-21T20:40:38.280Z
kits,dictionary-obscure,4,2026-09-21T20:40:39.316Z
odes,dictionary-obscure,4,2026-09-21T20:40:40.043Z
csmp,dictionary-obscure,4,2026-09-21T20:40:40.866Z
nape,dictionary-obscure,4,2026-09-21T20:40:41.489Z
hory,dictionary-obscure,4,2026-09-21T20:40:42.300Z
djin,dictionary-obscure,4,2026-09-21T20:40:43.081Z
aute,dictionary-obscure,4,2026-09-21T20:40:43.348Z
paul,dictionary-obscure,4,2026-09-21T20:40:44.243Z
paso,dictionary-obscure,4,2026-09-21T20:40:44.510Z
goaf,dictionary-obscure,4,2026-09-21T20:40:44.837Z
inia,dictionary-obscure,4,2026-09-21T20:40:45.180Z
kabs,dictionary-obscure,4,2026-09-21T20:40:46.043Z
ably,dictionary-obscure,4,2026-09-21T20:40:46.823Z
kora,dictionary-obscure,4,2026-09-21T20:40:47.628Z
clou,dictionary-obscure,4,2026-09-21T20:40:48.281Z
bodo,dictionary-obscure,4,2026-09-21T20:40:49.200Z
luba,dictionary-obscure,4,2026-09-21T20:40:50.026Z
tzar,dictionary-obscure,4,2026-09-21T20:40:50.326Z
yeas,dictionary-obscure,4,2026-09-21T20:40:50.648Z
goss,dictionary-obscure,4,2026-09-21T20:40:51.522Z
morg,dictionary-obscure,4,2026-09-21T20:40:51.771Z
dedd,dictionary-obscure,4,2026-09-21T20:40:52.102Z
hura,dictionary-obscure,4,2026-09-21T20:40:52.465Z
logy,dictionary-obscure,4,2026-09-21T20:40:53.312Z
okes,dictionary-obscure,4,2026-09-21T20:40:53.567Z
moyo,dictionary-obscure,4,2026-09-21T20:40:54.364Z
chut,dictionary-obscure,4,2026-09-21T20:40:54.643Z
kerf,dictionary-obscure,4,2026-09-21T20:40:54.950Z
dugs,dictionary-obscure,4,2026-09-21T20:40:55.786Z
mopy,dictionary-obscure,4,2026-09-21T20:40:56.592Z
yate,dictionary-obscure,4,2026-09-21T20:40:57.379Z
loge,dictionary-obscure,4,2026-09-21T20:40:58.199Z
coff,dictionary-obscure,4,2026-09-21T20:40:58.472Z
ussr,dictionary-obscure,4,2026-09-21T20:40:59.352Z
birk,dictionary-obscure,4,2026-09-21T20:41:00.103Z
tyke,dictionary-obscure,4,2026-09-21T20:41:00.359Z
rial,dictionary-obscure,4,2026-09-21T20:41:00.687Z
fice,dictionary-obscure,4,2026-09-21T20:41:01.528Z
swep,dictionary-obscure,4,2026-09-21T20:41:01.802Z
gyps,dictionary-obscure,4,2026-09-21T20:41:02.600Z
baar,dictionary-obscure,4,2026-09-21T20:41:03.372Z
agio,dictionary-obscure,4,2026-09-21T20:41:04.177Z
hyte,dictionary-obscure,4,2026-09-21T20:41:04.970Z
waag,dictionary-obscure,4,2026-09-21T20:41:05.708Z
akin,dictionary-obscure,4,2026-09-21T20:41:06.521Z
gast,dictionary-obscure,4,2026-09-21T20:41:07.372Z
lect,dictionary-obscure,4,2026-09-21T20:41:08.122Z
odum,dictionary-obscure,4,2026-09-21T20:41:08.397Z
hurr,dictionary-obscure,4,2026-09-21T20:41:08.722Z
ebbs,dictionary-obscure,4,2026-09-21T20:41:09.085Z
eyry,dictionary-obscure,4,2026-09-21T20:41:09.912Z
onus,dictionary-obscure,4,2026-09-21T20:41:09.962Z
cran,dictionary-obscure,4,2026-09-21T20:41:10.505Z
iocs,dictionary-obscure,4,2026-09-21T20:41:10.824Z
bice,dictionary-obscure,4,2026-09-21T20:41:11.760Z
meck,dictionary-obscure,4,2026-09-21T20:41:12.488Z
kame,dictionary-obscure,4,2026-09-21T20:41:13.593Z
olid,dictionary-obscure,4,2026-09-21T20:41:14.334Z
dain,dictionary-obscure,4,2026-09-21T20:41:15.109Z
coda,dictionary-obscure,4,2026-09-21T20:41:15.911Z
frug,dictionary-obscure,4,2026-09-21T20:41:16.197Z
coir,dictionary-obscure,4,2026-09-21T20:41:17.071Z
leed,dictionary-obscure,4,2026-09-21T20:41:17.328Z
tawn,dictionary-obscure,4,2026-09-21T20:41:17.670Z
thow,dictionary-obscure,4,2026-09-21T20:41:18.523Z
fley,dictionary-obscure,4,2026-09-21T20:41:19.366Z
oots,dictionary-obscure,4,2026-09-21T20:41:19.623Z
caid,dictionary-obscure,4,2026-09-21T20:41:19.990Z
goby,dictionary-obscure,4,2026-09-21T20:41:20.294Z
pika,dictionary-obscure,4,2026-09-21T20:41:20.614Z
ebcd,dictionary-obscure,4,2026-09-21T20:41:20.952Z
verb,dictionary-obscure,4,2026-09-21T20:41:21.295Z
coof,dictionary-obscure,4,2026-09-21T20:41:22.266Z
tref,dictionary-obscure,4,2026-09-21T20:41:23.038Z
toag,dictionary-obscure,4,2026-09-21T20:41:23.311Z
naif,dictionary-obscure,4,2026-09-21T20:41:24.215Z
anil,dictionary-obscure,4,2026-09-21T20:41:24.977Z
ouzo,dictionary-obscure,4,2026-09-21T20:41:25.720Z
sise,dictionary-obscure,4,2026-09-21T20:41:26.516Z
colk,dictionary-obscure,4,2026-09-21T20:41:27.204Z
luri,dictionary-obscure,4,2026-09-21T20:41:27.955Z
sild,dictionary-obscure,4,2026-09-21T20:41:28.212Z
eval,dictionary-obscure,4,2026-09-21T20:41:28.555Z
kerb,dictionary-obscure,4,2026-09-21T20:41:29.390Z
tuts,dictionary-obscure,4,2026-09-21T20:41:30.245Z
blat,dictionary-obscure,4,2026-09-21T20:41:30.541Z
tael,dictionary-obscure,4,2026-09-21T20:41:31.388Z
arcs,dictionary-obscure,4,2026-09-21T20:41:31.662Z
dbrn,dictionary-obscure,4,2026-09-21T20:41:32.487Z
tonk,dictionary-obscure,4,2026-09-21T20:41:32.771Z
olor,dictionary-obscure,4,2026-09-21T20:41:33.089Z
whop,dictionary-obscure,4,2026-09-21T20:41:34.225Z
hler,dictionary-obscure,4,2026-09-21T20:41:34.514Z
pent,dictionary-obscure,4,2026-09-21T20:41:35.291Z
putt,dictionary-obscure,4,2026-09-21T20:41:35.544Z
darr,dictionary-obscure,4,2026-09-21T20:41:35.890Z
syll,dictionary-obscure,4,2026-09-21T20:41:36.723Z
ghan,dictionary-obscure,4,2026-09-21T20:41:37.033Z
kula,dictionary-obscure,4,2026-09-21T20:41:37.842Z
rowt,dictionary-obscure,4,2026-09-21T20:41:38.225Z
tuno,dictionary-obscure,4,2026-09-21T20:41:39.123Z
loyn,dictionary-obscure,4,2026-09-21T20:41:39.441Z
ebon,dictionary-obscure,4,2026-09-21T20:41:40.283Z
daks,dictionary-obscure,4,2026-09-21T20:41:40.528Z
knub,dictionary-obscure,4,2026-09-21T20:41:41.411Z
aver,dictionary-obscure,4,2026-09-21T20:41:41.091Z
nabu,dictionary-obscure,4,2026-09-21T20:41:41.999Z
arak,dictionary-obscure,4,2026-09-21T20:41:42.359Z
abac,dictionary-obscure,4,2026-09-21T20:41:43.236Z
wawa,dictionary-obscure,4,2026-09-21T20:41:43.970Z
neuk,dictionary-obscure,4,2026-09-21T20:41:44.779Z
koel,dictionary-obscure,4,2026-09-21T20:41:45.057Z
byrl,dictionary-obscure,4,2026-09-21T20:41:45.895Z
dank,dictionary-obscure,4,2026-09-21T20:41:46.623Z
peri,dictionary-obscure,4,2026-09-21T20:41:46.889Z
tano,dictionary-obscure,4,2026-09-21T20:41:47.200Z
cwms,dictionary-obscure,4,2026-09-21T20:41:47.566Z
bals,dictionary-obscure,4,2026-09-21T20:41:48.526Z
slue,dictionary-obscure,4,2026-09-21T20:41:49.333Z
suff,dictionary-obscure,4,2026-09-21T20:41:50.216Z
alfa,dictionary-obscure,4,2026-09-21T20:41:50.981Z
rive,dictionary-obscure,4,2026-09-21T20:41:51.234Z
snod,dictionary-obscure,4,2026-09-21T20:41:51.641Z
goas,dictionary-obscure,4,2026-09-21T20:41:51.915Z
seah,dictionary-obscure,4,2026-09-21T20:41:52.254Z
cady,dictionary-obscure,4,2026-09-21T20:41:52.614Z
heng,dictionary-obscure,4,2026-09-21T20:41:53.516Z
maza,dictionary-obscure,4,2026-09-21T20:41:54.240Z
losh,dictionary-obscure,4,2026-09-21T20:41:54.513Z
samh,dictionary-obscure,4,2026-09-21T20:41:55.369Z
kuge,dictionary-obscure,4,2026-09-21T20:41:56.137Z
abbr,dictionary-obscure,4,2026-09-21T20:41:56.391Z
scfh,dictionary-obscure,4,2026-09-21T20:41:56.725Z
vias,dictionary-obscure,4,2026-09-21T20:41:57.055Z
wons,dictionary-obscure,4,2026-09-21T20:41:57.401Z
kohl,dictionary-obscure,4,2026-09-21T20:41:58.169Z
koli,dictionary-obscure,4,2026-09-21T20:41:58.451Z
kapp,dictionary-obscure,4,2026-09-21T20:41:58.760Z
furl,dictionary-obscure,4,2026-09-21T20:41:59.106Z
lvov,dictionary-obscure,4,2026-09-21T20:41:59.425Z
agad,dictionary-obscure,4,2026-09-21T20:41:59.789Z
jamb,dictionary-obscure,4,2026-09-21T20:42:00.559Z
rsvp,dictionary-obscure,4,2026-09-21T20:42:01.275Z
hayz,dictionary-obscure,4,2026-09-21T20:42:02.097Z
itel,dictionary-obscure,4,2026-09-21T20:42:02.911Z
parr,dictionary-obscure,4,2026-09-21T20:42:03.708Z
gote,dictionary-obscure,4,2026-09-21T20:42:03.958Z
idem,dictionary-obscure,4,2026-09-21T20:42:04.297Z
ouze,dictionary-obscure,4,2026-09-21T20:42:05.209Z
yati,dictionary-obscure,4,2026-09-21T20:42:05.504Z
lndg,dictionary-obscure,4,2026-09-21T20:42:06.329Z
piff,dictionary-obscure,4,2026-09-21T20:42:06.572Z
alms,dictionary-obscure,4,2026-09-21T20:42:06.948Z
cyan,dictionary-obscure,4,2026-09-21T20:42:07.767Z
obus,dictionary-obscure,4,2026-09-21T20:42:08.511Z
mozo,dictionary-obscure,4,2026-09-21T20:42:09.242Z
cyme,dictionary-obscure,4,2026-09-21T20:42:09.978Z
zona,dictionary-obscure,4,2026-09-21T20:42:10.834Z
ordn,dictionary-obscure,4,2026-09-21T20:42:11.101Z
haen,dictionary-obscure,4,2026-09-21T20:42:11.998Z
roup,dictionary-obscure,4,2026-09-21T20:42:12.752Z
cyul,dictionary-obscure,4,2026-09-21T20:42:13.001Z
dene,dictionary-obscure,4,2026-09-21T20:42:13.140Z
goff,dictionary-obscure,4,2026-09-21T20:42:13.690Z
dauw,dictionary-obscure,4,2026-09-21T20:42:14.531Z
muts,dictionary-obscure,4,2026-09-21T20:42:15.290Z
supt,dictionary-obscure,4,2026-09-21T20:42:15.549Z
pipy,dictionary-obscure,4,2026-09-21T20:42:16.435Z
asak,dictionary-obscure,4,2026-09-21T20:42:16.705Z
unau,dictionary-obscure,4,2026-09-21T20:42:17.572Z
waul,dictionary-obscure,4,2026-09-21T20:42:18.346Z
cowy,dictionary-obscure,4,2026-09-21T20:42:19.181Z
favn,dictionary-obscure,4,2026-09-21T20:42:20.062Z
pess,dictionary-obscure,4,2026-09-21T20:42:20.799Z
seps,dictionary-obscure,4,2026-09-21T20:42:21.602Z
awag,dictionary-obscure,4,2026-09-21T20:42:22.345Z
lank,dictionary-obscure,4,2026-09-21T20:42:22.590Z
enow,dictionary-obscure,4,2026-09-21T20:42:23.388Z
lene,dictionary-obscure,4,2026-09-21T20:42:24.227Z
myna,dictionary-obscure,4,2026-09-21T20:42:25.036Z
ywis,dictionary-obscure,4,2026-09-21T20:42:25.810Z
mali,dictionary-obscure,4,2026-09-21T20:42:26.631Z
laic,dictionary-obscure,4,2026-09-21T20:42:27.424Z
bund,dictionary-obscure,4,2026-09-21T20:42:28.199Z
pons,dictionary-obscure,4,2026-09-21T20:42:29.030Z
duka,dictionary-obscure,4,2026-09-21T20:42:29.826Z
roan,dictionary-obscure,4,2026-09-21T20:42:30.641Z
finn,dictionary-obscure,4,2026-09-21T20:42:31.523Z
gyve,dictionary-obscure,4,2026-09-21T20:42:31.804Z
ideo,dictionary-obscure,4,2026-09-21T20:42:32.588Z
nate,dictionary-obscure,4,2026-09-21T20:42:33.286Z
mene,dictionary-obscure,4,2026-09-21T20:42:34.057Z
anam,dictionary-obscure,4,2026-09-21T20:42:34.292Z
tapa,dictionary-obscure,4,2026-09-21T20:42:34.660Z
bigg,dictionary-obscure,4,2026-09-21T20:42:35.516Z
alix,dictionary-obscure,4,2026-09-21T20:42:36.304Z
mede,dictionary-obscure,4,2026-09-21T20:42:37.059Z
esne,dictionary-obscure,4,2026-09-21T20:42:37.895Z
ewte,dictionary-obscure,4,2026-09-21T20:42:38.173Z
judy,dictionary-obscure,4,2026-09-21T20:42:39.032Z
bord,dictionary-obscure,4,2026-09-21T20:42:39.306Z
tunk,dictionary-obscure,4,2026-09-21T20:42:40.193Z
reft,dictionary-obscure,4,2026-09-21T20:42:40.456Z
toil,dictionary-obscure,4,2026-09-21T20:42:41.347Z
jert,dictionary-obscure,4,2026-09-21T20:42:42.154Z
asea,dictionary-obscure,4,2026-09-21T20:42:43.031Z
bhil,dictionary-obscure,4,2026-09-21T20:42:43.798Z
clum,dictionary-obscure,4,2026-09-21T20:42:44.652Z
quai,dictionary-obscure,4,2026-09-21T20:42:45.736Z
pule,dictionary-obscure,4,2026-09-21T20:42:46.563Z
fait,dictionary-obscure,4,2026-09-21T20:42:47.408Z
akha,dictionary-obscure,4,2026-09-21T20:42:47.661Z
rept,dictionary-obscure,4,2026-09-21T20:42:48.481Z
rier,dictionary-obscure,4,2026-09-21T20:42:48.769Z
pavy,dictionary-obscure,4,2026-09-21T20:42:49.078Z
pica,dictionary-obscure,4,2026-09-21T20:42:49.387Z
crub,dictionary-obscure,4,2026-09-21T20:42:49.739Z
moxo,dictionary-obscure,4,2026-09-21T20:42:50.579Z
guly,dictionary-obscure,4,2026-09-21T20:42:51.333Z
fyce,dictionary-obscure,4,2026-09-21T20:42:51.601Z
loup,dictionary-obscure,4,2026-09-21T20:42:52.412Z
khar,dictionary-obscure,4,2026-09-21T20:42:53.259Z
smut,dictionary-obscure,4,2026-09-21T20:42:53.574Z
eris,dictionary-obscure,4,2026-09-21T20:42:53.882Z
mian,dictionary-obscure,4,2026-09-21T20:42:54.720Z
comm,dictionary-obscure,4,2026-09-21T20:42:55.506Z
chry,dictionary-obscure,4,2026-09-21T20:42:56.309Z
voce,dictionary-obscure,4,2026-09-21T20:42:56.569Z
caph,dictionary-obscure,4,2026-09-21T20:42:57.538Z
gobo,dictionary-obscure,4,2026-09-21T20:42:58.366Z
pias,dictionary-obscure,4,2026-09-21T20:42:59.070Z
kali,dictionary-obscure,4,2026-09-21T20:42:59.814Z
riss,dictionary-obscure,4,2026-09-21T20:43:00.625Z
soke,dictionary-obscure,4,2026-09-21T20:43:00.912Z
bode,dictionary-obscure,4,2026-09-21T20:43:01.754Z
fant,dictionary-obscure,4,2026-09-21T20:43:02.583Z
woad,dictionary-obscure,4,2026-09-21T20:43:02.837Z
ells,dictionary-obscure,4,2026-09-21T20:43:03.788Z
supe,dictionary-obscure,4,2026-09-21T20:43:04.503Z
brod,dictionary-obscure,4,2026-09-21T20:43:05.263Z
cest,dictionary-obscure,4,2026-09-21T20:43:06.114Z
thig,dictionary-obscure,4,2026-09-21T20:43:06.375Z
fiot,dictionary-obscure,4,2026-09-21T20:43:07.271Z
poco,dictionary-obscure,4,2026-09-21T20:43:08.288Z
wels,dictionary-obscure,4,2026-09-21T20:43:09.146Z
alem,dictionary-obscure,4,2026-09-21T20:43:09.869Z
isis,dictionary-obscure,4,2026-09-21T20:43:10.745Z
unie,dictionary-obscure,4,2026-09-21T20:43:11.575Z
liza,dictionary-obscure,4,2026-09-21T20:43:12.314Z
calp,dictionary-obscure,4,2026-09-21T20:43:13.042Z
ains,dictionary-obscure,4,2026-09-21T20:43:13.880Z
midn,dictionary-obscure,4,2026-09-21T20:43:14.720Z
rale,dictionary-obscure,4,2026-09-21T20:43:15.562Z
hynd,dictionary-obscure,4,2026-09-21T20:43:15.653Z
paly,dictionary-obscure,4,2026-09-21T20:43:16.632Z
egis,dictionary-obscure,4,2026-09-21T20:43:16.912Z
sugi,dictionary-obscure,4,2026-09-21T20:43:17.704Z
plud,dictionary-obscure,4,2026-09-21T20:43:18.479Z
ubii,dictionary-obscure,4,2026-09-21T20:43:18.723Z
waup,dictionary-obscure,4,2026-09-21T20:43:19.054Z
tige,dictionary-obscure,4,2026-09-21T20:43:19.455Z
gnow,dictionary-obscure,4,2026-09-21T20:43:19.735Z
saxe,dictionary-obscure,4,2026-09-21T20:43:20.533Z
linn,dictionary-obscure,4,2026-09-21T20:43:21.287Z
frae,dictionary-obscure,4,2026-09-21T20:43:22.014Z
mods,dictionary-obscure,4,2026-09-21T20:43:22.270Z
lire,dictionary-obscure,4,2026-09-21T20:43:23.182Z
tewa,dictionary-obscure,4,2026-09-21T20:43:24.008Z
beys,dictionary-obscure,4,2026-09-21T20:43:24.861Z
xeme,dictionary-obscure,4,2026-09-21T20:43:25.670Z
nace,dictionary-obscure,4,2026-09-21T20:43:26.517Z
sory,dictionary-obscure,4,2026-09-21T20:43:27.275Z
hulu,dictionary-obscure,4,2026-09-21T20:43:28.129Z
gash,dictionary-obscure,4,2026-09-21T20:43:28.405Z
gonk,dictionary-obscure,4,2026-09-21T20:43:28.776Z
paon,dictionary-obscure,4,2026-09-21T20:43:29.064Z
luis,dictionary-obscure,4,2026-09-21T20:43:29.951Z
zees,dictionary-obscure,4,2026-09-21T20:43:30.193Z
emys,dictionary-obscure,4,2026-09-21T20:43:31.144Z
cond,dictionary-obscure,4,2026-09-21T20:43:31.911Z
ucal,dictionary-obscure,4,2026-09-21T20:43:32.658Z
gizz,dictionary-obscure,4,2026-09-21T20:43:33.381Z
nile,dictionary-obscure,4,2026-09-21T20:43:33.654Z
pete,dictionary-obscure,4,2026-09-21T20:43:34.548Z
acyl,dictionary-obscure,4,2026-09-21T20:43:35.365Z
crim,dictionary-obscure,4,2026-09-21T20:43:35.618Z
axed,dictionary-obscure,4,2026-09-21T20:43:37.257Z
aine,dictionary-obscure,4,2026-09-21T20:43:38.085Z
mazy,dictionary-obscure,4,2026-09-21T20:43:38.842Z
omao,dictionary-obscure,4,2026-09-21T20:43:39.653Z
zati,dictionary-obscure,4,2026-09-21T20:43:39.893Z
hurf,dictionary-obscure,4,2026-09-21T20:43:40.910Z
mast,dictionary-obscure,4,2026-09-21T20:43:41.671Z
jure,dictionary-obscure,4,2026-09-21T20:43:41.923Z
benu,dictionary-obscure,4,2026-09-21T20:43:42.263Z
duci,dictionary-obscure,4,2026-09-21T20:43:43.093Z
kung,dictionary-obscure,4,2026-09-21T20:43:43.402Z
cair,dictionary-obscure,4,2026-09-21T20:43:44.148Z
dika,dictionary-obscure,4,2026-09-21T20:43:44.414Z
myxo,dictionary-obscure,4,2026-09-21T20:43:45.258Z
amps,dictionary-obscure,4,2026-09-21T20:43:45.536Z
regr,dictionary-obscure,4,2026-09-21T20:43:46.371Z
hete,dictionary-obscure,4,2026-09-21T20:43:46.651Z
chen,dictionary-obscure,4,2026-09-21T20:43:47.448Z
vers,dictionary-obscure,4,2026-09-21T20:43:47.551Z
wawl,dictionary-obscure,4,2026-09-21T20:43:48.049Z
ilya,dictionary-obscure,4,2026-09-21T20:43:48.881Z
oyes,dictionary-obscure,4,2026-09-21T20:43:49.697Z
kues,dictionary-obscure,4,2026-09-21T20:43:50.430Z
egad,dictionary-obscure,4,2026-09-21T20:43:51.145Z
hyla,dictionary-obscure,4,2026-09-21T20:43:51.909Z
aaru,dictionary-obscure,4,2026-09-21T20:43:52.146Z
bygo,dictionary-obscure,4,2026-09-21T20:43:53.036Z
fiat,dictionary-obscure,4,2026-09-21T20:43:53.300Z
bchs,dictionary-obscure,4,2026-09-21T20:43:54.168Z
ceca,dictionary-obscure,4,2026-09-21T20:43:54.911Z
reis,dictionary-obscure,4,2026-09-21T20:43:55.202Z
narw,dictionary-obscure,4,2026-09-21T20:43:55.513Z
lati,dictionary-obscure,4,2026-09-21T20:43:56.327Z
aget,dictionary-obscure,4,2026-09-21T20:43:56.596Z
laze,dictionary-obscure,4,2026-09-21T20:43:57.434Z
uric,dictionary-obscure,4,2026-09-21T20:43:57.681Z
abbe,dictionary-obscure,4,2026-09-21T20:43:58.516Z
bret,dictionary-obscure,4,2026-09-21T20:43:59.231Z
oast,dictionary-obscure,4,2026-09-21T20:44:00.072Z
steg,dictionary-obscure,4,2026-09-21T20:44:00.828Z
acpt,dictionary-obscure,4,2026-09-21T20:44:01.565Z
nesh,dictionary-obscure,4,2026-09-21T20:44:01.841Z
yous,dictionary-obscure,4,2026-09-21T20:44:02.703Z
ayme,dictionary-obscure,4,2026-09-21T20:44:02.961Z
yoks,dictionary-obscure,4,2026-09-21T20:44:03.310Z
wips,dictionary-obscure,4,2026-09-21T20:44:04.165Z
cere,dictionary-obscure,4,2026-09-21T20:44:04.418Z
sorb,dictionary-obscure,4,2026-09-21T20:44:05.405Z
ogam,dictionary-obscure,4,2026-09-21T20:44:05.678Z
impv,dictionary-obscure,4,2026-09-21T20:44:06.529Z
nasa,dictionary-obscure,4,2026-09-21T20:44:06.819Z
axes,dictionary-obscure,4,2026-09-21T20:44:07.616Z
dura,dictionary-obscure,4,2026-09-21T20:44:08.346Z
avar,dictionary-obscure,4,2026-09-21T20:44:09.138Z
poky,dictionary-obscure,4,2026-09-21T20:44:09.403Z
grig,dictionary-obscure,4,2026-09-21T20:44:10.194Z
silt,dictionary-obscure,4,2026-09-21T20:44:11.022Z
alew,dictionary-obscure,4,2026-09-21T20:44:11.792Z
tope,dictionary-obscure,4,2026-09-21T20:44:12.536Z
emes,dictionary-obscure,4,2026-09-21T20:44:12.789Z
wuff,dictionary-obscure,4,2026-09-21T20:44:13.618Z
dmod,dictionary-obscure,4,2026-09-21T20:44:14.325Z
flav,dictionary-obscure,4,2026-09-21T20:44:14.621Z
elev,dictionary-obscure,4,2026-09-21T20:44:14.920Z
gony,dictionary-obscure,4,2026-09-21T20:44:15.946Z
nato,dictionary-obscure,4,2026-09-21T20:44:16.809Z
dupe,dictionary-obscure,4,2026-09-21T20:44:17.075Z
atte,dictionary-obscure,4,2026-09-21T20:44:17.934Z
ezba,dictionary-obscure,4,2026-09-21T20:44:18.201Z
waws,dictionary-obscure,4,2026-09-21T20:44:19.118Z
wouf,dictionary-obscure,4,2026-09-21T20:44:19.178Z
xosa,dictionary-obscure,4,2026-09-21T20:44:20.278Z
omit,dictionary-obscure,4,2026-09-21T20:44:21.073Z
jaunt,dictionary2,5,2026-09-21T20:44:21.881Z
foamy,dictionary2,5,2026-09-21T20:44:22.150Z
dregs,dictionary2,5,2026-09-21T20:44:23.035Z
awful,dictionary2,5,2026-09-21T20:44:23.830Z
posse,dictionary2,5,2026-09-21T20:44:24.090Z
bigot,dictionary2,5,2026-09-21T20:44:24.956Z
local,dictionary2,5,2026-09-21T20:44:25.750Z
sharp,dictionary2,5,2026-09-21T20:44:26.009Z
ahead,dictionary2,5,2026-09-21T20:44:26.846Z
sadly,dictionary2,5,2026-09-21T20:44:27.574Z
becks,dictionary2,5,2026-09-21T20:44:27.824Z
track,dictionary2,5,2026-09-21T20:44:28.724Z
fritz,dictionary2,5,2026-09-21T20:44:29.483Z
sorts,dictionary2,5,2026-09-21T20:44:30.306Z
goons,dictionary2,5,2026-09-21T20:44:31.126Z
jesse,dictionary2,5,2026-09-21T20:44:31.890Z
curse,dictionary2,5,2026-09-21T20:44:32.694Z
prank,dictionary2,5,2026-09-21T20:44:33.484Z
synch,dictionary2,5,2026-09-21T20:44:34.380Z
pinch,dictionary2,5,2026-09-21T20:44:35.197Z
lewis,dictionary2,5,2026-09-21T20:44:35.990Z
prove,dictionary2,5,2026-09-21T20:44:36.784Z
fable,dictionary2,5,2026-09-21T20:44:37.533Z
molds,dictionary2,5,2026-09-21T20:44:38.292Z
blast,dictionary2,5,2026-09-21T20:44:39.037Z
eaves,dictionary2,5,2026-09-21T20:44:39.829Z
winks,dictionary2,5,2026-09-21T20:44:40.656Z
photo,dictionary2,5,2026-09-21T20:44:40.914Z
model,dictionary2,5,2026-09-21T20:44:41.699Z
chief,dictionary2,5,2026-09-21T20:44:42.485Z
sweep,dictionary2,5,2026-09-21T20:44:43.235Z
count,dictionary2,5,2026-09-21T20:44:43.948Z
opted,dictionary2,5,2026-09-21T20:44:44.640Z
leper,dictionary2,5,2026-09-21T20:44:45.411Z
tuxes,dictionary2,5,2026-09-21T20:44:46.143Z
louse,dictionary2,5,2026-09-21T20:44:46.963Z
digit,dictionary2,5,2026-09-21T20:44:47.254Z
cutie,dictionary2,5,2026-09-21T20:44:47.555Z
rises,dictionary2,5,2026-09-21T20:44:48.496Z
bloke,dictionary2,5,2026-09-21T20:44:48.752Z
brown,dictionary2,5,2026-09-21T20:44:49.633Z
liked,dictionary2,5,2026-09-21T20:44:49.900Z
tapas,dictionary2,5,2026-09-21T20:44:50.771Z
scald,dictionary2,5,2026-09-21T20:44:50.844Z
punch,dictionary2,5,2026-09-21T20:44:51.954Z
coral,dictionary2,5,2026-09-21T20:44:52.226Z
teary,dictionary2,5,2026-09-21T20:44:52.538Z
banal,dictionary2,5,2026-09-21T20:44:52.887Z
pound,dictionary2,5,2026-09-21T20:44:53.775Z
plank,dictionary2,5,2026-09-21T20:44:54.034Z
loins,dictionary2,5,2026-09-21T20:44:54.907Z
elude,dictionary2,5,2026-09-21T20:44:55.739Z
holly,dictionary2,5,2026-09-21T20:44:56.524Z
fishy,dictionary2,5,2026-09-21T20:44:57.278Z
nance,dictionary2,5,2026-09-21T20:44:58.040Z
hairs,dictionary2,5,2026-09-21T20:44:58.960Z
binge,dictionary2,5,2026-09-21T20:44:59.229Z
arrow,dictionary2,5,2026-09-21T20:45:00.065Z
clock,dictionary2,5,2026-09-21T20:45:00.329Z
glove,dictionary2,5,2026-09-21T20:45:00.683Z
dairy,dictionary2,5,2026-09-21T20:45:01.576Z
stare,dictionary2,5,2026-09-21T20:45:02.309Z
curie,dictionary2,5,2026-09-21T20:45:03.077Z
kooks,dictionary2,5,2026-09-21T20:45:03.892Z
waken,dictionary2,5,2026-09-21T20:45:04.155Z
rains,dictionary2,5,2026-09-21T20:45:05.055Z
drown,dictionary2,5,2026-09-21T20:45:05.315Z
girly,dictionary2,5,2026-09-21T20:45:06.217Z
lusts,dictionary2,5,2026-09-21T20:45:07.006Z
panel,dictionary2,5,2026-09-21T20:45:07.809Z
sales,dictionary2,5,2026-09-21T20:45:08.545Z
faked,dictionary2,5,2026-09-21T20:45:08.790Z
gulch,dictionary2,5,2026-09-21T20:45:09.142Z
blank,dictionary2,5,2026-09-21T20:45:10.001Z
annoy,dictionary2,5,2026-09-21T20:45:10.286Z
money,dictionary2,5,2026-09-21T20:45:11.110Z
yards,dictionary2,5,2026-09-21T20:45:11.894Z
geeks,dictionary2,5,2026-09-21T20:45:12.805Z
fitch,dictionary2,5,2026-09-21T20:45:13.592Z
cissy,dictionary2,5,2026-09-21T20:45:13.870Z
laser,dictionary2,5,2026-09-21T20:45:14.197Z
mayor,dictionary2,5,2026-09-21T20:45:15.109Z
rants,dictionary2,5,2026-09-21T20:45:15.374Z
clunk,dictionary2,5,2026-09-21T20:45:16.226Z
quota,dictionary2,5,2026-09-21T20:45:16.485Z
given,dictionary2,5,2026-09-21T20:45:17.457Z
foods,dictionary2,5,2026-09-21T20:45:18.209Z
herbs,dictionary2,5,2026-09-21T20:45:18.494Z
shift,dictionary2,5,2026-09-21T20:45:18.821Z
trays,dictionary2,5,2026-09-21T20:45:19.617Z
ranch,dictionary2,5,2026-09-21T20:45:20.415Z
flown,dictionary2,5,2026-09-21T20:45:21.186Z
weeny,dictionary2,5,2026-09-21T20:45:21.436Z
taste,dictionary2,5,2026-09-21T20:45:22.341Z
pinto,dictionary2,5,2026-09-21T20:45:22.417Z
craps,dictionary2,5,2026-09-21T20:45:23.461Z
genre,dictionary2,5,2026-09-21T20:45:23.731Z
adept,dictionary2,5,2026-09-21T20:45:24.041Z
lotte,dictionary2,5,2026-09-21T20:45:24.372Z
brand,dictionary2,5,2026-09-21T20:45:25.259Z
mixed,dictionary2,5,2026-09-21T20:45:25.510Z
walls,dictionary2,5,2026-09-21T20:45:25.879Z
couch,dictionary2,5,2026-09-21T20:45:26.191Z
fails,dictionary2,5,2026-09-21T20:45:27.026Z
whale,dictionary2,5,2026-09-21T20:45:27.298Z
lorry,dictionary2,5,2026-09-21T20:45:28.099Z
proof,dictionary2,5,2026-09-21T20:45:28.357Z
robot,dictionary2,5,2026-09-21T20:45:29.203Z
warts,dictionary2,5,2026-09-21T20:45:29.481Z
whirl,dictionary2,5,2026-09-21T20:45:30.312Z
twits,dictionary2,5,2026-09-21T20:45:31.088Z
beeps,dictionary2,5,2026-09-21T20:45:31.376Z
sally,dictionary2,5,2026-09-21T20:45:32.237Z
heals,dictionary2,5,2026-09-21T20:45:32.967Z
vodka,dictionary2,5,2026-09-21T20:45:33.695Z
paths,dictionary2,5,2026-09-21T20:45:33.981Z
cages,dictionary2,5,2026-09-21T20:45:34.769Z
mouth,dictionary2,5,2026-09-21T20:45:35.123Z
being,dictionary2,5,2026-09-21T20:45:35.960Z
heats,dictionary2,5,2026-09-21T20:45:36.767Z
satin,dictionary2,5,2026-09-21T20:45:37.589Z
bozos,dictionary2,5,2026-09-21T20:45:37.914Z
coupe,dictionary2,5,2026-09-21T20:45:38.682Z
suave,dictionary2,5,2026-09-21T20:45:38.941Z
muggy,dictionary2,5,2026-09-21T20:45:39.868Z
drugs,dictionary2,5,2026-09-21T20:45:40.628Z
motto,dictionary2,5,2026-09-21T20:45:41.390Z
shunt,dictionary2,5,2026-09-21T20:45:42.235Z
misty,dictionary2,5,2026-09-21T20:45:43.004Z
zones,dictionary2,5,2026-09-21T20:45:43.817Z
baked,dictionary2,5,2026-09-21T20:45:44.785Z
fanny,dictionary2,5,2026-09-21T20:45:45.031Z
meaty,dictionary2,5,2026-09-21T20:45:45.391Z
oiled,dictionary2,5,2026-09-21T20:45:45.710Z
after,dictionary2,5,2026-09-21T20:45:46.567Z
edges,dictionary2,5,2026-09-21T20:45:47.406Z
image,dictionary2,5,2026-09-21T20:45:48.174Z
rolls,dictionary2,5,2026-09-21T20:45:48.448Z
icons,dictionary2,5,2026-09-21T20:45:48.769Z
backs,dictionary2,5,2026-09-21T20:45:49.631Z
tombs,dictionary2,5,2026-09-21T20:45:49.911Z
sword,dictionary2,5,2026-09-21T20:45:50.225Z
spree,dictionary2,5,2026-09-21T20:45:51.122Z
stays,dictionary2,5,2026-09-21T20:45:51.399Z
harps,dictionary2,5,2026-09-21T20:45:52.217Z
rooms,dictionary2,5,2026-09-21T20:45:53.010Z
warms,dictionary2,5,2026-09-21T20:45:53.814Z
torch,dictionary2,5,2026-09-21T20:45:53.905Z
sucks,dictionary2,5,2026-09-21T20:45:54.428Z
foxes,dictionary2,5,2026-09-21T20:45:54.732Z
pours,dictionary2,5,2026-09-21T20:45:55.070Z
jawed,dictionary2,5,2026-09-21T20:45:55.996Z
arose,dictionary2,5,2026-09-21T20:45:56.340Z
satyr,dictionary2,5,2026-09-21T20:45:57.160Z
timed,dictionary2,5,2026-09-21T20:45:57.437Z
sperm,dictionary2,5,2026-09-21T20:45:58.285Z
incur,dictionary2,5,2026-09-21T20:45:58.561Z
bored,dictionary2,5,2026-09-21T20:45:59.436Z
downs,dictionary2,5,2026-09-21T20:46:00.203Z
hawks,dictionary2,5,2026-09-21T20:46:00.974Z
ether,dictionary2,5,2026-09-21T20:46:01.827Z
moors,dictionary2,5,2026-09-21T20:46:02.584Z
fills,dictionary2,5,2026-09-21T20:46:02.862Z
large,dictionary2,5,2026-09-21T20:46:03.200Z
trail,dictionary2,5,2026-09-21T20:46:04.105Z
kudos,dictionary2,5,2026-09-21T20:46:04.914Z
lined,dictionary2,5,2026-09-21T20:46:05.172Z
quark,dictionary2,5,2026-09-21T20:46:06.021Z
spend,dictionary2,5,2026-09-21T20:46:06.889Z
lefts,dictionary2,5,2026-09-21T20:46:07.679Z
pests,dictionary2,5,2026-09-21T20:46:07.930Z
vivid,dictionary2,5,2026-09-21T20:46:08.281Z
sting,dictionary2,5,2026-09-21T20:46:08.635Z
vents,dictionary2,5,2026-09-21T20:46:09.452Z
towel,dictionary2,5,2026-09-21T20:46:10.206Z
fatso,dictionary2,5,2026-09-21T20:46:10.981Z
jerks,dictionary2,5,2026-09-21T20:46:11.765Z
fetch,dictionary2,5,2026-09-21T20:46:12.615Z
hutch,dictionary2,5,2026-09-21T20:46:13.456Z
genes,dictionary2,5,2026-09-21T20:46:14.303Z
busts,dictionary2,5,2026-09-21T20:46:15.205Z
reefs,dictionary2,5,2026-09-21T20:46:16.000Z
enact,dictionary2,5,2026-09-21T20:46:16.760Z
table,dictionary2,5,2026-09-21T20:46:17.465Z
crimp,dictionary2,5,2026-09-21T20:46:18.347Z
songs,dictionary2,5,2026-09-21T20:46:19.216Z
peace,dictionary2,5,2026-09-21T20:46:19.475Z
ought,dictionary2,5,2026-09-21T20:46:20.316Z
santo,dictionary2,5,2026-09-21T20:46:21.095Z
print,dictionary2,5,2026-09-21T20:46:21.378Z
sheen,dictionary2,5,2026-09-21T20:46:22.230Z
baste,dictionary2,5,2026-09-21T20:46:23.113Z
dense,dictionary2,5,2026-09-21T20:46:23.880Z
waves,dictionary2,5,2026-09-21T20:46:24.665Z
sleek,dictionary2,5,2026-09-21T20:46:25.630Z
dolly,dictionary2,5,2026-09-21T20:46:25.191Z
fault,dictionary2,5,2026-09-21T20:46:26.230Z
cuffs,dictionary2,5,2026-09-21T20:46:26.555Z
dials,dictionary2,5,2026-09-21T20:46:27.344Z
deeds,dictionary2,5,2026-09-21T20:46:28.161Z
noisy,dictionary2,5,2026-09-21T20:46:29.026Z
moods,dictionary2,5,2026-09-21T20:46:29.819Z
bijou,dictionary2,5,2026-09-21T20:46:30.699Z
flack,dictionary2,5,2026-09-21T20:46:31.511Z
marks,dictionary2,5,2026-09-21T20:46:32.310Z
fines,dictionary2,5,2026-09-21T20:46:32.565Z
tuned,dictionary2,5,2026-09-21T20:46:33.469Z
armor,dictionary2,5,2026-09-21T20:46:33.728Z
slime,dictionary2,5,2026-09-21T20:46:34.075Z
hitch,dictionary2,5,2026-09-21T20:46:34.950Z
close,dictionary2,5,2026-09-21T20:46:35.729Z
fangs,dictionary2,5,2026-09-21T20:46:36.599Z
hoped,dictionary2,5,2026-09-21T20:46:37.425Z
forms,dictionary2,5,2026-09-21T20:46:38.219Z
icing,dictionary2,5,2026-09-21T20:46:39.047Z
dudes,dictionary2,5,2026-09-21T20:46:39.372Z
churn,dictionary2,5,2026-09-21T20:46:40.190Z
discs,dictionary2,5,2026-09-21T20:46:40.961Z
scale,dictionary2,5,2026-09-21T20:46:41.735Z
braid,dictionary2,5,2026-09-21T20:46:42.455Z
epoxy,dictionary2,5,2026-09-21T20:46:43.276Z
gamut,dictionary2,5,2026-09-21T20:46:44.076Z
abuse,dictionary2,5,2026-09-21T20:46:44.801Z
juror,dictionary2,5,2026-09-21T20:46:45.535Z
again,dictionary2,5,2026-09-21T20:46:45.802Z
troop,dictionary2,5,2026-09-21T20:46:46.151Z
blink,dictionary2,5,2026-09-21T20:46:46.932Z
clasp,dictionary2,5,2026-09-21T20:46:47.799Z
manor,dictionary2,5,2026-09-21T20:46:48.582Z
aspen,dictionary2,5,2026-09-21T20:46:48.871Z
calms,dictionary2,5,2026-09-21T20:46:49.172Z
tiles,dictionary2,5,2026-09-21T20:46:50.025Z
rapid,dictionary2,5,2026-09-21T20:46:50.757Z
loose,dictionary2,5,2026-09-21T20:46:51.544Z
crest,dictionary2,5,2026-09-21T20:46:52.371Z
maple,dictionary2,5,2026-09-21T20:46:53.169Z
hippo,dictionary2,5,2026-09-21T20:46:54.056Z
coals,dictionary2,5,2026-09-21T20:46:54.307Z
indie,dictionary2,5,2026-09-21T20:46:54.656Z
hurts,dictionary2,5,2026-09-21T20:46:54.994Z
error,dictionary2,5,2026-09-21T20:46:55.891Z
reach,dictionary2,5,2026-09-21T20:46:56.165Z
aptly,dictionary2,5,2026-09-21T20:46:57.004Z
belle,dictionary2,5,2026-09-21T20:46:57.103Z
infra,dictionary2,5,2026-09-21T20:46:58.127Z
moths,dictionary2,5,2026-09-21T20:46:58.390Z
winds,dictionary2,5,2026-09-21T20:46:58.719Z
licks,dictionary2,5,2026-09-21T20:46:59.066Z
fruit,dictionary2,5,2026-09-21T20:46:59.442Z
sniff,dictionary2,5,2026-09-21T20:47:00.237Z
cunts,dictionary2,5,2026-09-21T20:47:00.502Z
saves,dictionary2,5,2026-09-21T20:47:01.322Z
piggy,dictionary2,5,2026-09-21T20:47:02.121Z
reply,dictionary2,5,2026-09-21T20:47:02.387Z
scars,dictionary2,5,2026-09-21T20:47:02.737Z
boats,dictionary2,5,2026-09-21T20:47:03.632Z
drawn,dictionary2,5,2026-09-21T20:47:04.574Z
lathe,dictionary2,5,2026-09-21T20:47:05.306Z
swept,dictionary2,5,2026-09-21T20:47:05.653Z
study,dictionary2,5,2026-09-21T20:47:06.437Z
plans,dictionary2,5,2026-09-21T20:47:06.771Z
tears,dictionary2,5,2026-09-21T20:47:07.049Z
kabob,dictionary2,5,2026-09-21T20:47:07.448Z
upset,dictionary2,5,2026-09-21T20:47:08.283Z
lists,dictionary2,5,2026-09-21T20:47:08.540Z
spurt,dictionary2,5,2026-09-21T20:47:09.490Z
words,dictionary2,5,2026-09-21T20:47:09.796Z
lupus,dictionary2,5,2026-09-21T20:47:10.118Z
pluck,dictionary2,5,2026-09-21T20:47:10.432Z
toast,dictionary2,5,2026-09-21T20:47:11.361Z
swamp,dictionary2,5,2026-09-21T20:47:12.211Z
offer,dictionary2,5,2026-09-21T20:47:13.040Z
sandy,dictionary2,5,2026-09-21T20:47:14.074Z
canal,dictionary2,5,2026-09-21T20:47:14.514Z
yacht,dictionary2,5,2026-09-21T20:47:14.936Z
apply,dictionary2,5,2026-09-21T20:47:15.810Z
badly,dictionary2,5,2026-09-21T20:47:16.087Z
fussy,dictionary2,5,2026-09-21T20:47:17.023Z
bless,dictionary2,5,2026-09-21T20:47:17.338Z
reeks,dictionary2,5,2026-09-21T20:47:17.651Z
oddly,dictionary2,5,2026-09-21T20:47:18.510Z
cooks,dictionary2,5,2026-09-21T20:47:19.347Z
mules,dictionary2,5,2026-09-21T20:47:20.039Z
henry,dictionary2,5,2026-09-21T20:47:20.302Z
anise,dictionary2,5,2026-09-21T20:47:21.205Z
hacks,dictionary2,5,2026-09-21T20:47:21.545Z
limey,dictionary2,5,2026-09-21T20:47:22.370Z
decks,dictionary2,5,2026-09-21T20:47:22.672Z
jumps,dictionary2,5,2026-09-21T20:47:22.943Z
butts,dictionary2,5,2026-09-21T20:47:23.296Z
swill,dictionary2,5,2026-09-21T20:47:24.258Z
truck,dictionary2,5,2026-09-21T20:47:24.520Z
tacks,dictionary2,5,2026-09-21T20:47:25.425Z
diner,dictionary2,5,2026-09-21T20:47:25.708Z
slush,dictionary2,5,2026-09-21T20:47:26.077Z
swing,dictionary2,5,2026-09-21T20:47:26.842Z
tarts,dictionary2,5,2026-09-21T20:47:27.106Z
thief,dictionary2,5,2026-09-21T20:47:28.008Z
arson,dictionary2,5,2026-09-21T20:47:28.753Z
runny,dictionary2,5,2026-09-21T20:47:28.833Z
beams,dictionary2,5,2026-09-21T20:47:29.878Z
woody,dictionary2,5,2026-09-21T20:47:30.611Z
hater,dictionary2,5,2026-09-21T20:47:30.926Z
highs,dictionary2,5,2026-09-21T20:47:31.354Z
trade,dictionary2,5,2026-09-21T20:47:32.222Z
cited,dictionary2,5,2026-09-21T20:47:33.002Z
bogus,dictionary2,5,2026-09-21T20:47:33.953Z
ninth,dictionary2,5,2026-09-21T20:47:34.273Z
gault,dictionary2,5,2026-09-21T20:47:35.059Z
evict,dictionary2,5,2026-09-21T20:47:35.843Z
dilly,dictionary2,5,2026-09-21T20:47:36.640Z
droop,dictionary2,5,2026-09-21T20:47:36.894Z
dress,dictionary2,5,2026-09-21T20:47:37.703Z
vista,dictionary2,5,2026-09-21T20:47:38.543Z
untie,dictionary2,5,2026-09-21T20:47:38.829Z
oldie,dictionary2,5,2026-09-21T20:47:39.141Z
jimmy,dictionary2,5,2026-09-21T20:47:39.947Z
dweeb,dictionary2,5,2026-09-21T20:47:40.761Z
raped,dictionary2,5,2026-09-21T20:47:41.084Z
syrup,dictionary2,5,2026-09-21T20:47:41.394Z
cargo,dictionary2,5,2026-09-21T20:47:42.167Z
roach,dictionary2,5,2026-09-21T20:47:43.025Z
trace,dictionary2,5,2026-09-21T20:47:43.283Z
young,dictionary2,5,2026-09-21T20:47:43.623Z
porno,dictionary2,5,2026-09-21T20:47:43.939Z
every,dictionary2,5,2026-09-21T20:47:44.763Z
bagel,dictionary2,5,2026-09-21T20:47:45.654Z
jaded,dictionary2,5,2026-09-21T20:47:46.408Z
bowls,dictionary2,5,2026-09-21T20:47:47.201Z
vogue,dictionary2,5,2026-09-21T20:47:47.560Z
limps,dictionary2,5,2026-09-21T20:47:47.873Z
board,dictionary2,5,2026-09-21T20:47:48.645Z
dicey,dictionary2,5,2026-09-21T20:47:49.535Z
books,dictionary2,5,2026-09-21T20:47:49.812Z
carol,dictionary2,5,2026-09-21T20:47:50.137Z
momma,dictionary2,5,2026-09-21T20:47:51.073Z
metro,dictionary2,5,2026-09-21T20:47:51.834Z
nelly,dictionary2,5,2026-09-21T20:47:52.593Z
holds,dictionary2,5,2026-09-21T20:47:53.326Z
boobs,dictionary2,5,2026-09-21T20:47:54.022Z
picky,dictionary2,5,2026-09-21T20:47:54.360Z
pedal,dictionary2,5,2026-09-21T20:47:55.229Z
drier,dictionary2,5,2026-09-21T20:47:56.070Z
steep,dictionary2,5,2026-09-21T20:47:56.331Z
birch,dictionary2,5,2026-09-21T20:47:56.654Z
nicks,dictionary2,5,2026-09-21T20:47:57.002Z
zeros,dictionary2,5,2026-09-21T20:47:57.392Z
divas,dictionary2,5,2026-09-21T20:47:58.342Z
manly,dictionary2,5,2026-09-21T20:47:59.224Z
ebony,dictionary2,5,2026-09-21T20:47:59.534Z
macho,dictionary2,5,2026-09-21T20:47:59.822Z
spike,dictionary2,5,2026-09-21T20:48:00.684Z
sassy,dictionary2,5,2026-09-21T20:48:01.579Z
laden,dictionary2,5,2026-09-21T20:48:02.385Z
tower,dictionary2,5,2026-09-21T20:48:03.120Z
shine,dictionary2,5,2026-09-21T20:48:03.890Z
poach,dictionary2,5,2026-09-21T20:48:04.722Z
stein,dictionary2,5,2026-09-21T20:48:05.514Z
saver,dictionary2,5,2026-09-21T20:48:06.617Z
tutor,dictionary2,5,2026-09-21T20:48:07.637Z
creak,dictionary2,5,2026-09-21T20:48:08.461Z
bongo,dictionary2,5,2026-09-21T20:48:09.265Z
blues,dictionary2,5,2026-09-21T20:48:09.512Z
hardy,dictionary2,5,2026-09-21T20:48:10.413Z
wonky,dictionary2,5,2026-09-21T20:48:10.732Z
twigs,dictionary2,5,2026-09-21T20:48:11.018Z
hubby,dictionary2,5,2026-09-21T20:48:11.838Z
feats,dictionary2,5,2026-09-21T20:48:12.684Z
nancy,dictionary2,5,2026-09-21T20:48:13.006Z
coles,dictionary2,5,2026-09-21T20:48:13.293Z
whiny,dictionary2,5,2026-09-21T20:48:14.299Z
grips,dictionary2,5,2026-09-21T20:48:15.188Z
dimly,dictionary2,5,2026-09-21T20:48:15.456Z
fence,dictionary2,5,2026-09-21T20:48:15.812Z
gourd,dictionary2,5,2026-09-21T20:48:16.234Z
feels,dictionary2,5,2026-09-21T20:48:17.013Z
hefty,dictionary2,5,2026-09-21T20:48:17.955Z
babes,dictionary2,5,2026-09-21T20:48:18.224Z
soapy,dictionary2,5,2026-09-21T20:48:19.164Z
petty,dictionary2,5,2026-09-21T20:48:19.488Z
loner,dictionary2,5,2026-09-21T20:48:19.797Z
badge,dictionary2,5,2026-09-21T20:48:20.633Z
plait,dictionary2,5,2026-09-21T20:48:20.944Z
poked,dictionary2,5,2026-09-21T20:48:21.791Z
beefy,dictionary2,5,2026-09-21T20:48:22.105Z
stash,dictionary2,5,2026-09-21T20:48:22.905Z
stuck,dictionary2,5,2026-09-21T20:48:23.162Z
raked,dictionary2,5,2026-09-21T20:48:24.029Z
girls,dictionary2,5,2026-09-21T20:48:24.302Z
panic,dictionary2,5,2026-09-21T20:48:25.268Z
alone,dictionary2,5,2026-09-21T20:48:26.069Z
moist,dictionary2,5,2026-09-21T20:48:26.487Z
polar,dictionary2,5,2026-09-21T20:48:27.260Z
chair,dictionary2,5,2026-09-21T20:48:28.023Z
rider,dictionary2,5,2026-09-21T20:48:28.317Z
mecca,dictionary2,5,2026-09-21T20:48:28.633Z
palms,dictionary2,5,2026-09-21T20:48:28.958Z
lobby,dictionary2,5,2026-09-21T20:48:29.828Z
dairi,dictionary-obscure,5,2026-09-21T20:48:30.606Z
shivs,dictionary-obscure,5,2026-09-21T20:48:30.873Z
redan,dictionary-obscure,5,2026-09-21T20:48:31.206Z
novum,dictionary-obscure,5,2026-09-21T20:48:31.456Z
parao,dictionary-obscure,5,2026-09-21T20:48:32.498Z
fanum,dictionary-obscure,5,2026-09-21T20:48:33.444Z
omits,dictionary-obscure,5,2026-09-21T20:48:34.284Z
stipe,dictionary-obscure,5,2026-09-21T20:48:34.595Z
alvus,dictionary-obscure,5,2026-09-21T20:48:34.926Z
mysis,dictionary-obscure,5,2026-09-21T20:48:35.727Z
pipet,dictionary-obscure,5,2026-09-21T20:48:36.569Z
tryma,dictionary-obscure,5,2026-09-21T20:48:36.897Z
ephas,dictionary-obscure,5,2026-09-21T20:48:37.781Z
syrma,dictionary-obscure,5,2026-09-21T20:48:38.729Z
cuvee,dictionary-obscure,5,2026-09-21T20:48:39.592Z
brosy,dictionary-obscure,5,2026-09-21T20:48:40.414Z
oaten,dictionary-obscure,5,2026-09-21T20:48:41.300Z
cuyas,dictionary-obscure,5,2026-09-21T20:48:41.591Z
kolis,dictionary-obscure,5,2026-09-21T20:48:42.391Z
rynds,dictionary-obscure,5,2026-09-21T20:48:43.196Z
venal,dictionary-obscure,5,2026-09-21T20:48:44.022Z
slonk,dictionary-obscure,5,2026-09-21T20:48:44.788Z
tutus,dictionary-obscure,5,2026-09-21T20:48:45.050Z
glomi,dictionary-obscure,5,2026-09-21T20:48:45.874Z
toric,dictionary-obscure,5,2026-09-21T20:48:46.701Z
desyl,dictionary-obscure,5,2026-09-21T20:48:47.793Z
holks,dictionary-obscure,5,2026-09-21T20:48:49.431Z
erick,dictionary-obscure,5,2026-09-21T20:48:49.730Z
abede,dictionary-obscure,5,2026-09-21T20:48:50.577Z
haikh,dictionary-obscure,5,2026-09-21T20:48:50.862Z
troft,dictionary-obscure,5,2026-09-21T20:48:51.193Z
nutsy,dictionary-obscure,5,2026-09-21T20:48:51.976Z
agons,dictionary-obscure,5,2026-09-21T20:48:52.769Z
blear,dictionary-obscure,5,2026-09-21T20:48:53.034Z
misce,dictionary-obscure,5,2026-09-21T20:48:53.950Z
festa,dictionary-obscure,5,2026-09-21T20:48:54.247Z
admrx,dictionary-obscure,5,2026-09-21T20:48:55.062Z
raper,dictionary-obscure,5,2026-09-21T20:48:55.772Z
fasts,dictionary-obscure,5,2026-09-21T20:48:56.148Z
aurae,dictionary-obscure,5,2026-09-21T20:48:56.671Z
loric,dictionary-obscure,5,2026-09-21T20:48:57.508Z
akund,dictionary-obscure,5,2026-09-21T20:48:58.245Z
crete,dictionary-obscure,5,2026-09-21T20:48:59.077Z
snugs,dictionary-obscure,5,2026-09-21T20:49:00.603Z
leany,dictionary-obscure,5,2026-09-21T20:49:01.378Z
typer,dictionary-obscure,5,2026-09-21T20:49:02.216Z
senti,dictionary-obscure,5,2026-09-21T20:49:03.054Z
cotch,dictionary-obscure,5,2026-09-21T20:49:03.158Z
scrod,dictionary-obscure,5,2026-09-21T20:49:04.197Z
sclat,dictionary-obscure,5,2026-09-21T20:49:04.457Z
faugh,dictionary-obscure,5,2026-09-21T20:49:04.838Z
durum,dictionary-obscure,5,2026-09-21T20:49:05.753Z
whart,dictionary-obscure,5,2026-09-21T20:49:06.023Z
couac,dictionary-obscure,5,2026-09-21T20:49:06.964Z
dungy,dictionary-obscure,5,2026-09-21T20:49:07.801Z
spahi,dictionary-obscure,5,2026-09-21T20:49:08.553Z
rajab,dictionary-obscure,5,2026-09-21T20:49:09.319Z
doser,dictionary-obscure,5,2026-09-21T20:49:10.071Z
arcae,dictionary-obscure,5,2026-09-21T20:49:10.343Z
haori,dictionary-obscure,5,2026-09-21T20:49:11.256Z
waxer,dictionary-obscure,5,2026-09-21T20:49:12.196Z
cloop,dictionary-obscure,5,2026-09-21T20:49:13.006Z
flubs,dictionary-obscure,5,2026-09-21T20:49:13.974Z
baloo,dictionary-obscure,5,2026-09-21T20:49:15.147Z
cocus,dictionary-obscure,5,2026-09-21T20:49:15.986Z
kubba,dictionary-obscure,5,2026-09-21T20:49:16.264Z
calve,dictionary-obscure,5,2026-09-21T20:49:17.058Z
andes,dictionary-obscure,5,2026-09-21T20:49:17.323Z
toile,dictionary-obscure,5,2026-09-21T20:49:18.116Z
genii,dictionary-obscure,5,2026-09-21T20:49:18.420Z
abrus,dictionary-obscure,5,2026-09-21T20:49:19.283Z
hetty,dictionary-obscure,5,2026-09-21T20:49:20.251Z
moroc,dictionary-obscure,5,2026-09-21T20:49:21.193Z
claik,dictionary-obscure,5,2026-09-21T20:49:22.030Z
slunk,dictionary-obscure,5,2026-09-21T20:49:23.092Z
poxed,dictionary-obscure,5,2026-09-21T20:49:23.392Z
eleme,dictionary-obscure,5,2026-09-21T20:49:23.701Z
mists,dictionary-obscure,5,2026-09-21T20:49:24.664Z
abave,dictionary-obscure,5,2026-09-21T20:49:25.377Z
bruit,dictionary-obscure,5,2026-09-21T20:49:26.155Z
aglow,dictionary-obscure,5,2026-09-21T20:49:27.015Z
nidge,dictionary-obscure,5,2026-09-21T20:49:27.809Z
shend,dictionary-obscure,5,2026-09-21T20:49:28.216Z
antal,dictionary-obscure,5,2026-09-21T20:49:29.788Z
amant,dictionary-obscure,5,2026-09-21T20:49:30.194Z
blore,dictionary-obscure,5,2026-09-21T20:49:31.133Z
sanit,dictionary-obscure,5,2026-09-21T20:49:31.911Z
sapek,dictionary-obscure,5,2026-09-21T20:49:32.753Z
theer,dictionary-obscure,5,2026-09-21T20:49:33.031Z
boffo,dictionary-obscure,5,2026-09-21T20:49:33.928Z
yipes,dictionary-obscure,5,2026-09-21T20:49:34.635Z
marok,dictionary-obscure,5,2026-09-21T20:49:34.925Z
goofs,dictionary-obscure,5,2026-09-21T20:49:35.132Z
taupe,dictionary-obscure,5,2026-09-21T20:49:35.557Z
aitch,dictionary-obscure,5,2026-09-21T20:49:36.379Z
whids,dictionary-obscure,5,2026-09-21T20:49:36.637Z
choux,dictionary-obscure,5,2026-09-21T20:49:36.980Z
leant,dictionary-obscure,5,2026-09-21T20:49:37.909Z
epact,dictionary-obscure,5,2026-09-21T20:49:38.293Z
sices,dictionary-obscure,5,2026-09-21T20:49:39.038Z
zaque,dictionary-obscure,5,2026-09-21T20:49:40.854Z
veiny,dictionary-obscure,5,2026-09-21T20:49:42.573Z
aleck,dictionary-obscure,5,2026-09-21T20:49:42.903Z
taver,dictionary-obscure,5,2026-09-21T20:49:43.786Z
ameen,dictionary-obscure,5,2026-09-21T20:49:44.216Z
hilda,dictionary-obscure,5,2026-09-21T20:49:45.152Z
sopor,dictionary-obscure,5,2026-09-21T20:49:46.005Z
autor,dictionary-obscure,5,2026-09-21T20:49:46.262Z
breba,dictionary-obscure,5,2026-09-21T20:49:46.598Z
yarry,dictionary-obscure,5,2026-09-21T20:49:47.496Z
hadji,dictionary-obscure,5,2026-09-21T20:49:48.354Z
kazoo,dictionary-obscure,5,2026-09-21T20:49:49.286Z
doray,dictionary-obscure,5,2026-09-21T20:49:50.122Z
shiah,dictionary-obscure,5,2026-09-21T20:49:51.062Z
urian,dictionary-obscure,5,2026-09-21T20:49:51.377Z
reich,dictionary-obscure,5,2026-09-21T20:49:51.664Z
ennia,dictionary-obscure,5,2026-09-21T20:49:52.016Z
walsh,dictionary-obscure,5,2026-09-21T20:49:52.887Z
maleo,dictionary-obscure,5,2026-09-21T20:49:53.248Z
piute,dictionary-obscure,5,2026-09-21T20:49:54.150Z
simia,dictionary-obscure,5,2026-09-21T20:49:54.422Z
dompt,dictionary-obscure,5,2026-09-21T20:49:55.381Z
cooty,dictionary-obscure,5,2026-09-21T20:49:55.678Z
forts,dictionary-obscure,5,2026-09-21T20:49:56.499Z
laton,dictionary-obscure,5,2026-09-21T20:49:56.794Z
hinny,dictionary-obscure,5,2026-09-21T20:49:57.751Z
tabut,dictionary-obscure,5,2026-09-21T20:49:58.019Z
celom,dictionary-obscure,5,2026-09-21T20:49:58.349Z
dioxy,dictionary-obscure,5,2026-09-21T20:49:59.213Z
domed,dictionary-obscure,5,2026-09-21T20:50:00.137Z
tamed,dictionary-obscure,5,2026-09-21T20:50:00.418Z
strey,dictionary-obscure,5,2026-09-21T20:50:02.240Z
genae,dictionary-obscure,5,2026-09-21T20:50:02.561Z
decyl,dictionary-obscure,5,2026-09-21T20:50:03.379Z
sisal,dictionary-obscure,5,2026-09-21T20:50:03.661Z
rhoda,dictionary-obscure,5,2026-09-21T20:50:04.509Z
palea,dictionary-obscure,5,2026-09-21T20:50:05.236Z
pones,dictionary-obscure,5,2026-09-21T20:50:05.507Z
bolos,dictionary-obscure,5,2026-09-21T20:50:06.506Z
rehid,dictionary-obscure,5,2026-09-21T20:50:07.111Z
kokan,dictionary-obscure,5,2026-09-21T20:50:07.442Z
zolle,dictionary-obscure,5,2026-09-21T20:50:08.310Z
aigre,dictionary-obscure,5,2026-09-21T20:50:09.207Z
atman,dictionary-obscure,5,2026-09-21T20:50:10.044Z
yogis,dictionary-obscure,5,2026-09-21T20:50:10.813Z
bunns,dictionary-obscure,5,2026-09-21T20:50:11.622Z
kleig,dictionary-obscure,5,2026-09-21T20:50:12.438Z
yechy,dictionary-obscure,5,2026-09-21T20:50:12.768Z
lodha,dictionary-obscure,5,2026-09-21T20:50:13.187Z
ponto,dictionary-obscure,5,2026-09-21T20:50:14.093Z
unbag,dictionary-obscure,5,2026-09-21T20:50:14.947Z
farad,dictionary-obscure,5,2026-09-21T20:50:15.760Z
cuffy,dictionary-obscure,5,2026-09-21T20:50:16.024Z
zarfs,dictionary-obscure,5,2026-09-21T20:50:17.980Z
dorab,dictionary-obscure,5,2026-09-21T20:50:18.795Z
stoss,dictionary-obscure,5,2026-09-21T20:50:19.052Z
animi,dictionary-obscure,5,2026-09-21T20:50:19.855Z
sinal,dictionary-obscure,5,2026-09-21T20:50:20.674Z
longa,dictionary-obscure,5,2026-09-21T20:50:20.941Z
oxbow,dictionary-obscure,5,2026-09-21T20:50:21.830Z
snirl,dictionary-obscure,5,2026-09-21T20:50:22.595Z
gully,dictionary-obscure,5,2026-09-21T20:50:24.134Z
malva,dictionary-obscure,5,2026-09-21T20:50:24.898Z
skald,dictionary-obscure,5,2026-09-21T20:50:25.143Z
cavea,dictionary-obscure,5,2026-09-21T20:50:25.983Z
emory,dictionary-obscure,5,2026-09-21T20:50:26.236Z
slite,dictionary-obscure,5,2026-09-21T20:50:27.059Z
mazel,dictionary-obscure,5,2026-09-21T20:50:27.321Z
popsy,dictionary-obscure,5,2026-09-21T20:50:28.193Z
abune,dictionary-obscure,5,2026-09-21T20:50:28.900Z
osset,dictionary-obscure,5,2026-09-21T20:50:29.651Z
skeel,dictionary-obscure,5,2026-09-21T20:50:30.393Z
shyer,dictionary-obscure,5,2026-09-21T20:50:31.182Z
juris,dictionary-obscure,5,2026-09-21T20:50:32.027Z
scoon,dictionary-obscure,5,2026-09-21T20:50:32.898Z
dalis,dictionary-obscure,5,2026-09-21T20:50:34.511Z
adeps,dictionary-obscure,5,2026-09-21T20:50:35.303Z
udder,dictionary-obscure,5,2026-09-21T20:50:36.102Z
kyrie,dictionary-obscure,5,2026-09-21T20:50:36.861Z
ketyl,dictionary-obscure,5,2026-09-21T20:50:37.739Z
saiid,dictionary-obscure,5,2026-09-21T20:50:37.830Z
wited,dictionary-obscure,5,2026-09-21T20:50:38.361Z
swack,dictionary-obscure,5,2026-09-21T20:50:39.133Z
dilis,dictionary-obscure,5,2026-09-21T20:50:39.979Z
entre,dictionary-obscure,5,2026-09-21T20:50:40.249Z
tucum,dictionary-obscure,5,2026-09-21T20:50:40.610Z
bodle,dictionary-obscure,5,2026-09-21T20:50:41.423Z
couth,dictionary-obscure,5,2026-09-21T20:50:41.730Z
suras,dictionary-obscure,5,2026-09-21T20:50:42.601Z
muter,dictionary-obscure,5,2026-09-21T20:50:43.544Z
sussy,dictionary-obscure,5,2026-09-21T20:50:43.806Z
askos,dictionary-obscure,5,2026-09-21T20:50:44.758Z
rusin,dictionary-obscure,5,2026-09-21T20:50:45.014Z
coxal,dictionary-obscure,5,2026-09-21T20:50:45.937Z
balor,dictionary-obscure,5,2026-09-21T20:50:46.818Z
taish,dictionary-obscure,5,2026-09-21T20:50:47.611Z
spere,dictionary-obscure,5,2026-09-21T20:50:49.410Z
wanky,dictionary-obscure,5,2026-09-21T20:50:49.677Z
barbu,dictionary-obscure,5,2026-09-21T20:50:50.540Z
chubb,dictionary-obscure,5,2026-09-21T20:50:50.792Z
genny,dictionary-obscure,5,2026-09-21T20:50:51.641Z
juvia,dictionary-obscure,5,2026-09-21T20:50:52.502Z
blebs,dictionary-obscure,5,2026-09-21T20:50:53.285Z
hakka,dictionary-obscure,5,2026-09-21T20:50:53.611Z
thorp,dictionary-obscure,5,2026-09-21T20:50:53.927Z
oleum,dictionary-obscure,5,2026-09-21T20:50:54.770Z
vijay,dictionary-obscure,5,2026-09-21T20:50:55.514Z
talas,dictionary-obscure,5,2026-09-21T20:50:55.818Z
email,dictionary-obscure,5,2026-09-21T20:50:56.225Z
abidi,dictionary-obscure,5,2026-09-21T20:50:56.642Z
fuzil,dictionary-obscure,5,2026-09-21T20:50:56.971Z
blimy,dictionary-obscure,5,2026-09-21T20:50:57.810Z
icker,dictionary-obscure,5,2026-09-21T20:50:58.075Z
drogh,dictionary-obscure,5,2026-09-21T20:50:59.067Z
qanat,dictionary-obscure,5,2026-09-21T20:50:59.807Z
avgas,dictionary-obscure,5,2026-09-21T20:51:00.067Z
grith,dictionary-obscure,5,2026-09-21T20:51:00.393Z
ducat,dictionary-obscure,5,2026-09-21T20:51:00.718Z
lotta,dictionary-obscure,5,2026-09-21T20:51:01.069Z
pimps,dictionary-obscure,5,2026-09-21T20:51:01.907Z
sures,dictionary-obscure,5,2026-09-21T20:51:03.470Z
artic,dictionary-obscure,5,2026-09-21T20:51:04.267Z
acost,dictionary-obscure,5,2026-09-21T20:51:05.896Z
dolia,dictionary-obscure,5,2026-09-21T20:51:06.159Z
idaho,dictionary-obscure,5,2026-09-21T20:51:06.487Z
twill,dictionary-obscure,5,2026-09-21T20:51:07.439Z
steri,dictionary-obscure,5,2026-09-21T20:51:08.329Z
vadis,dictionary-obscure,5,2026-09-21T20:51:08.618Z
rakis,dictionary-obscure,5,2026-09-21T20:51:08.914Z
kotal,dictionary-obscure,5,2026-09-21T20:51:09.142Z
prote,dictionary-obscure,5,2026-09-21T20:51:10.152Z
coxes,dictionary-obscure,5,2026-09-21T20:51:10.988Z
knute,dictionary-obscure,5,2026-09-21T20:51:11.270Z
alida,dictionary-obscure,5,2026-09-21T20:51:12.208Z
pawky,dictionary-obscure,5,2026-09-21T20:51:12.512Z
taluk,dictionary-obscure,5,2026-09-21T20:51:12.801Z
raser,dictionary-obscure,5,2026-09-21T20:51:13.132Z
platy,dictionary-obscure,5,2026-09-21T20:51:13.923Z
sophs,dictionary-obscure,5,2026-09-21T20:51:14.748Z
cyrus,dictionary-obscure,5,2026-09-21T20:51:15.841Z
matti,dictionary-obscure,5,2026-09-21T20:51:16.597Z
sayee,dictionary-obscure,5,2026-09-21T20:51:16.855Z
fordo,dictionary-obscure,5,2026-09-21T20:51:17.670Z
twilt,dictionary-obscure,5,2026-09-21T20:51:17.985Z
theet,dictionary-obscure,5,2026-09-21T20:51:19.128Z
mysid,dictionary-obscure,5,2026-09-21T20:51:19.424Z
beice,dictionary-obscure,5,2026-09-21T20:51:20.317Z
exlex,dictionary-obscure,5,2026-09-21T20:51:21.152Z
bovid,dictionary-obscure,5,2026-09-21T20:51:21.966Z
erron,dictionary-obscure,5,2026-09-21T20:51:22.742Z
judah,dictionary-obscure,5,2026-09-21T20:51:23.015Z
sitch,dictionary-obscure,5,2026-09-21T20:51:23.835Z
fifer,dictionary-obscure,5,2026-09-21T20:51:24.612Z
slype,dictionary-obscure,5,2026-09-21T20:51:24.893Z
essed,dictionary-obscure,5,2026-09-21T20:51:25.229Z
voles,dictionary-obscure,5,2026-09-21T20:51:25.557Z
zebus,dictionary-obscure,5,2026-09-21T20:51:26.352Z
chive,dictionary-obscure,5,2026-09-21T20:51:27.113Z
grapy,dictionary-obscure,5,2026-09-21T20:51:27.889Z
okehs,dictionary-obscure,5,2026-09-21T20:51:28.630Z
trawl,dictionary-obscure,5,2026-09-21T20:51:29.436Z
macer,dictionary-obscure,5,2026-09-21T20:51:30.180Z
newer,dictionary-obscure,5,2026-09-21T20:51:30.491Z
pharm,dictionary-obscure,5,2026-09-21T20:51:31.361Z
carid,dictionary-obscure,5,2026-09-21T20:51:32.096Z
gluck,dictionary-obscure,5,2026-09-21T20:51:32.854Z
brome,dictionary-obscure,5,2026-09-21T20:51:33.127Z
rozum,dictionary-obscure,5,2026-09-21T20:51:33.448Z
rizar,dictionary-obscure,5,2026-09-21T20:51:33.813Z
amman,dictionary-obscure,5,2026-09-21T20:51:34.124Z
beeth,dictionary-obscure,5,2026-09-21T20:51:34.982Z
babas,dictionary-obscure,5,2026-09-21T20:51:36.631Z
agast,dictionary-obscure,5,2026-09-21T20:51:37.340Z
isize,dictionary-obscure,5,2026-09-21T20:51:38.143Z
hylas,dictionary-obscure,5,2026-09-21T20:51:38.967Z
rebox,dictionary-obscure,5,2026-09-21T20:51:39.854Z
knick,dictionary-obscure,5,2026-09-21T20:51:40.700Z
kenaf,dictionary-obscure,5,2026-09-21T20:51:40.974Z
kendy,dictionary-obscure,5,2026-09-21T20:51:40.664Z
garse,dictionary-obscure,5,2026-09-21T20:51:42.175Z
cupel,dictionary-obscure,5,2026-09-21T20:51:42.418Z
trull,dictionary-obscure,5,2026-09-21T20:51:43.270Z
matai,dictionary-obscure,5,2026-09-21T20:51:44.036Z
orlos,dictionary-obscure,5,2026-09-21T20:51:44.324Z
bajra,dictionary-obscure,5,2026-09-21T20:51:44.638Z
ploat,dictionary-obscure,5,2026-09-21T20:51:45.609Z
ripal,dictionary-obscure,5,2026-09-21T20:51:46.333Z
soths,dictionary-obscure,5,2026-09-21T20:51:47.139Z
tibet,dictionary-obscure,5,2026-09-21T20:51:47.755Z
jiggy,dictionary-obscure,5,2026-09-21T20:51:48.609Z
sough,dictionary-obscure,5,2026-09-21T20:51:48.892Z
fodge,dictionary-obscure,5,2026-09-21T20:51:49.716Z
impot,dictionary-obscure,5,2026-09-21T20:51:50.487Z
amlet,dictionary-obscure,5,2026-09-21T20:51:50.757Z
galax,dictionary-obscure,5,2026-09-21T20:51:51.655Z
czars,dictionary-obscure,5,2026-09-21T20:51:52.487Z
gledy,dictionary-obscure,5,2026-09-21T20:51:53.307Z
arrau,dictionary-obscure,5,2026-09-21T20:51:54.166Z
glaux,dictionary-obscure,5,2026-09-21T20:51:54.960Z
uncow,dictionary-obscure,5,2026-09-21T20:51:56.120Z
india,dictionary-obscure,5,2026-09-21T20:51:56.909Z
teugh,dictionary-obscure,5,2026-09-21T20:51:57.706Z
gulps,dictionary-obscure,5,2026-09-21T20:51:58.560Z
teise,dictionary-obscure,5,2026-09-21T20:51:59.380Z
coude,dictionary-obscure,5,2026-09-21T20:52:00.188Z
soddy,dictionary-obscure,5,2026-09-21T20:52:00.478Z
scrip,dictionary-obscure,5,2026-09-21T20:52:01.276Z
limbi,dictionary-obscure,5,2026-09-21T20:52:02.040Z
ignaw,dictionary-obscure,5,2026-09-21T20:52:02.820Z
yasna,dictionary-obscure,5,2026-09-21T20:52:03.621Z
durax,dictionary-obscure,5,2026-09-21T20:52:04.509Z
lukan,dictionary-obscure,5,2026-09-21T20:52:05.340Z
poter,dictionary-obscure,5,2026-09-21T20:52:06.100Z
opsin,dictionary-obscure,5,2026-09-21T20:52:06.950Z
darky,dictionary-obscure,5,2026-09-21T20:52:07.662Z
mesne,dictionary-obscure,5,2026-09-21T20:52:08.390Z
bundy,dictionary-obscure,5,2026-09-21T20:52:08.680Z
emden,dictionary-obscure,5,2026-09-21T20:52:09.426Z
looey,dictionary-obscure,5,2026-09-21T20:52:10.193Z
beala,dictionary-obscure,5,2026-09-21T20:52:11.121Z
atame,dictionary-obscure,5,2026-09-21T20:52:11.937Z
warns,dictionary-obscure,5,2026-09-21T20:52:12.216Z
recce,dictionary-obscure,5,2026-09-21T20:52:12.555Z
cokey,dictionary-obscure,5,2026-09-21T20:52:12.693Z
foots,dictionary-obscure,5,2026-09-21T20:52:13.743Z
anlia,dictionary-obscure,5,2026-09-21T20:52:14.520Z
bigam,dictionary-obscure,5,2026-09-21T20:52:14.799Z
alpen,dictionary-obscure,5,2026-09-21T20:52:15.580Z
feres,dictionary-obscure,5,2026-09-21T20:52:15.858Z
cahuy,dictionary-obscure,5,2026-09-21T20:52:16.714Z
phose,dictionary-obscure,5,2026-09-21T20:52:17.515Z
ebbed,dictionary-obscure,5,2026-09-21T20:52:18.351Z
bubos,dictionary-obscure,5,2026-09-21T20:52:18.606Z
amula,dictionary-obscure,5,2026-09-21T20:52:18.950Z
mammy,dictionary-obscure,5,2026-09-21T20:52:19.283Z
sieva,dictionary-obscure,5,2026-09-21T20:52:20.130Z
ellen,dictionary-obscure,5,2026-09-21T20:52:20.964Z
runsy,dictionary-obscure,5,2026-09-21T20:52:21.731Z
largo,dictionary-obscure,5,2026-09-21T20:52:22.469Z
geast,dictionary-obscure,5,2026-09-21T20:52:23.218Z
skive,dictionary-obscure,5,2026-09-21T20:52:23.469Z
himne,dictionary-obscure,5,2026-09-21T20:52:24.320Z
panos,dictionary-obscure,5,2026-09-21T20:52:24.604Z
agoho,dictionary-obscure,5,2026-09-21T20:52:25.458Z
abdal,dictionary-obscure,5,2026-09-21T20:52:25.697Z
beety,dictionary-obscure,5,2026-09-21T20:52:26.581Z
debat,dictionary-obscure,5,2026-09-21T20:52:27.389Z
possy,dictionary-obscure,5,2026-09-21T20:52:28.154Z
adrip,dictionary-obscure,5,2026-09-21T20:52:29.036Z
pocky,dictionary-obscure,5,2026-09-21T20:52:29.888Z
hopak,dictionary-obscure,5,2026-09-21T20:52:30.656Z
sueve,dictionary-obscure,5,2026-09-21T20:52:31.394Z
rewan,dictionary-obscure,5,2026-09-21T20:52:32.265Z
jeton,dictionary-obscure,5,2026-09-21T20:52:33.145Z
didal,dictionary-obscure,5,2026-09-21T20:52:34.034Z
harst,dictionary-obscure,5,2026-09-21T20:52:34.325Z
ceiba,dictionary-obscure,5,2026-09-21T20:52:35.101Z
adams,dictionary-obscure,5,2026-09-21T20:52:35.867Z
elaic,dictionary-obscure,5,2026-09-21T20:52:36.220Z
fream,dictionary-obscure,5,2026-09-21T20:52:36.510Z
toffs,dictionary-obscure,5,2026-09-21T20:52:36.818Z
rexen,dictionary-obscure,5,2026-09-21T20:52:37.708Z
lipan,dictionary-obscure,5,2026-09-21T20:52:37.963Z
leste,dictionary-obscure,5,2026-09-21T20:52:38.799Z
jisms,dictionary-obscure,5,2026-09-21T20:52:39.603Z
spass,dictionary-obscure,5,2026-09-21T20:52:40.379Z
repot,dictionary-obscure,5,2026-09-21T20:52:41.214Z
soyas,dictionary-obscure,5,2026-09-21T20:52:41.484Z
salal,dictionary-obscure,5,2026-09-21T20:52:42.287Z
recks,dictionary-obscure,5,2026-09-21T20:52:42.550Z
foute,dictionary-obscure,5,2026-09-21T20:52:44.160Z
renig,dictionary-obscure,5,2026-09-21T20:52:44.258Z
dalai,dictionary-obscure,5,2026-09-21T20:52:45.273Z
calor,dictionary-obscure,5,2026-09-21T20:52:46.091Z
liest,dictionary-obscure,5,2026-09-21T20:52:46.864Z
wytes,dictionary-obscure,5,2026-09-21T20:52:47.606Z
virid,dictionary-obscure,5,2026-09-21T20:52:48.391Z
townie,dictionary2,6,2026-09-21T20:52:49.208Z
nation,dictionary2,6,2026-09-21T20:52:49.471Z
canvas,dictionary2,6,2026-09-21T20:52:50.301Z
screwy,dictionary2,6,2026-09-21T20:52:51.140Z
barren,dictionary2,6,2026-09-21T20:52:51.873Z
angles,dictionary2,6,2026-09-21T20:52:52.619Z
vessel,dictionary2,6,2026-09-21T20:52:52.964Z
boners,dictionary2,6,2026-09-21T20:52:53.678Z
roving,dictionary2,6,2026-09-21T20:52:54.481Z
sitter,dictionary2,6,2026-09-21T20:52:55.271Z
prunes,dictionary2,6,2026-09-21T20:52:55.540Z
suburb,dictionary2,6,2026-09-21T20:52:55.915Z
mouths,dictionary2,6,2026-09-21T20:52:56.703Z
unsure,dictionary2,6,2026-09-21T20:52:57.539Z
tryout,dictionary2,6,2026-09-21T20:52:57.793Z
studly,dictionary2,6,2026-09-21T20:52:58.125Z
shoddy,dictionary2,6,2026-09-21T20:52:59.001Z
smiley,dictionary2,6,2026-09-21T20:52:59.250Z
holden,dictionary2,6,2026-09-21T20:52:59.605Z
treads,dictionary2,6,2026-09-21T20:53:00.370Z
crotch,dictionary2,6,2026-09-21T20:53:01.172Z
obtuse,dictionary2,6,2026-09-21T20:53:01.999Z
wilder,dictionary2,6,2026-09-21T20:53:02.248Z
olives,dictionary2,6,2026-09-21T20:53:02.576Z
gather,dictionary2,6,2026-09-21T20:53:02.935Z
brumby,dictionary2,6,2026-09-21T20:53:03.759Z
sevens,dictionary2,6,2026-09-21T20:53:04.597Z
report,dictionary2,6,2026-09-21T20:53:04.883Z
center,dictionary2,6,2026-09-21T20:53:05.168Z
scores,dictionary2,6,2026-09-21T20:53:06.048Z
steppe,dictionary2,6,2026-09-21T20:53:06.297Z
equals,dictionary2,6,2026-09-21T20:53:07.204Z
throne,dictionary2,6,2026-09-21T20:53:07.456Z
jersey,dictionary2,6,2026-09-21T20:53:07.808Z
dollop,dictionary2,6,2026-09-21T20:53:08.122Z
nudist,dictionary2,6,2026-09-21T20:53:08.934Z
missus,dictionary2,6,2026-09-21T20:53:09.726Z
locale,dictionary2,6,2026-09-21T20:53:09.984Z
hiccup,dictionary2,6,2026-09-21T20:53:10.990Z
embody,dictionary2,6,2026-09-21T20:53:11.800Z
flecks,dictionary2,6,2026-09-21T20:53:12.047Z
herald,dictionary2,6,2026-09-21T20:53:12.839Z
former,dictionary2,6,2026-09-21T20:53:13.601Z
browns,dictionary2,6,2026-09-21T20:53:13.860Z
franks,dictionary2,6,2026-09-21T20:53:14.227Z
bagman,dictionary2,6,2026-09-21T20:53:15.076Z
cooing,dictionary2,6,2026-09-21T20:53:15.796Z
hobble,dictionary2,6,2026-09-21T20:53:15.389Z
riders,dictionary2,6,2026-09-21T20:53:16.821Z
apollo,dictionary2,6,2026-09-21T20:53:17.587Z
walker,dictionary2,6,2026-09-21T20:53:17.878Z
fooled,dictionary2,6,2026-09-21T20:53:19.115Z
riding,dictionary2,6,2026-09-21T20:53:19.944Z
liking,dictionary2,6,2026-09-21T20:53:20.735Z
sprint,dictionary2,6,2026-09-21T20:53:21.057Z
pastor,dictionary2,6,2026-09-21T20:53:22.209Z
uneasy,dictionary2,6,2026-09-21T20:53:22.462Z
mosque,dictionary2,6,2026-09-21T20:53:23.377Z
narrow,dictionary2,6,2026-09-21T20:53:23.635Z
timing,dictionary2,6,2026-09-21T20:53:24.485Z
learnt,dictionary2,6,2026-09-21T20:53:24.736Z
expect,dictionary2,6,2026-09-21T20:53:25.091Z
pusher,dictionary2,6,2026-09-21T20:53:25.408Z
heinie,dictionary2,6,2026-09-21T20:53:25.752Z
barrel,dictionary2,6,2026-09-21T20:53:26.065Z
raised,dictionary2,6,2026-09-21T20:53:26.873Z
albino,dictionary2,6,2026-09-21T20:53:27.724Z
clumps,dictionary2,6,2026-09-21T20:53:28.493Z
zipper,dictionary2,6,2026-09-21T20:53:29.233Z
blacks,dictionary2,6,2026-09-21T20:53:30.006Z
medics,dictionary2,6,2026-09-21T20:53:30.771Z
minors,dictionary2,6,2026-09-21T20:53:31.071Z
creeds,dictionary2,6,2026-09-21T20:53:31.353Z
clumsy,dictionary2,6,2026-09-21T20:53:32.165Z
perish,dictionary2,6,2026-09-21T20:53:32.422Z
hairdo,dictionary2,6,2026-09-21T20:53:32.760Z
crater,dictionary2,6,2026-09-21T20:53:33.114Z
impala,dictionary2,6,2026-09-21T20:53:33.432Z
lawmen,dictionary2,6,2026-09-21T20:53:33.763Z
swoops,dictionary2,6,2026-09-21T20:53:34.681Z
aspect,dictionary2,6,2026-09-21T20:53:35.473Z
moloch,dictionary2,6,2026-09-21T20:53:36.276Z
mousse,dictionary2,6,2026-09-21T20:53:36.558Z
target,dictionary2,6,2026-09-21T20:53:37.433Z
archer,dictionary2,6,2026-09-21T20:53:37.697Z
orgasm,dictionary2,6,2026-09-21T20:53:38.026Z
ferret,dictionary2,6,2026-09-21T20:53:38.874Z
wished,dictionary2,6,2026-09-21T20:53:39.708Z
repent,dictionary2,6,2026-09-21T20:53:39.958Z
gopher,dictionary2,6,2026-09-21T20:53:40.762Z
unplug,dictionary2,6,2026-09-21T20:53:41.008Z
resist,dictionary2,6,2026-09-21T20:53:41.872Z
manual,dictionary2,6,2026-09-21T20:53:42.163Z
frying,dictionary2,6,2026-09-21T20:53:43.025Z
mainly,dictionary2,6,2026-09-21T20:53:43.749Z
danger,dictionary2,6,2026-09-21T20:53:44.542Z
custom,dictionary2,6,2026-09-21T20:53:45.357Z
turner,dictionary2,6,2026-09-21T20:53:46.194Z
revive,dictionary2,6,2026-09-21T20:53:46.974Z
warmer,dictionary2,6,2026-09-21T20:53:47.029Z
cruise,dictionary2,6,2026-09-21T20:53:48.464Z
cherry,dictionary2,6,2026-09-21T20:53:49.175Z
scouts,dictionary2,6,2026-09-21T20:53:49.448Z
result,dictionary2,6,2026-09-21T20:53:50.307Z
fruits,dictionary2,6,2026-09-21T20:53:51.030Z
utopia,dictionary2,6,2026-09-21T20:53:51.900Z
cordon,dictionary2,6,2026-09-21T20:53:52.157Z
closer,dictionary2,6,2026-09-21T20:53:52.497Z
bowman,dictionary2,6,2026-09-21T20:53:53.385Z
armour,dictionary2,6,2026-09-21T20:53:54.240Z
shards,dictionary2,6,2026-09-21T20:53:54.511Z
malice,dictionary2,6,2026-09-21T20:53:54.844Z
graced,dictionary2,6,2026-09-21T20:53:55.165Z
gypped,dictionary2,6,2026-09-21T20:53:55.511Z
second,dictionary2,6,2026-09-21T20:53:55.842Z
mowers,dictionary2,6,2026-09-21T20:53:56.663Z
plight,dictionary2,6,2026-09-21T20:53:57.474Z
cleats,dictionary2,6,2026-09-21T20:53:58.328Z
relish,dictionary2,6,2026-09-21T20:53:58.576Z
advice,dictionary2,6,2026-09-21T20:53:58.921Z
pronto,dictionary2,6,2026-09-21T20:53:59.769Z
gently,dictionary2,6,2026-09-21T20:54:00.550Z
helmet,dictionary2,6,2026-09-21T20:54:00.845Z
doping,dictionary2,6,2026-09-21T20:54:01.173Z
tweeze,dictionary2,6,2026-09-21T20:54:02.052Z
naught,dictionary2,6,2026-09-21T20:54:02.786Z
kicked,dictionary2,6,2026-09-21T20:54:03.545Z
fester,dictionary2,6,2026-09-21T20:54:03.815Z
parted,dictionary2,6,2026-09-21T20:54:04.661Z
unduly,dictionary2,6,2026-09-21T20:54:04.938Z
soared,dictionary2,6,2026-09-21T20:54:05.749Z
coffee,dictionary2,6,2026-09-21T20:54:06.531Z
writes,dictionary2,6,2026-09-21T20:54:07.261Z
gamble,dictionary2,6,2026-09-21T20:54:07.528Z
struck,dictionary2,6,2026-09-21T20:54:07.856Z
seduce,dictionary2,6,2026-09-21T20:54:08.715Z
snobby,dictionary2,6,2026-09-21T20:54:09.465Z
knifed,dictionary2,6,2026-09-21T20:54:09.708Z
covert,dictionary2,6,2026-09-21T20:54:10.622Z
aliens,dictionary2,6,2026-09-21T20:54:10.882Z
routes,dictionary2,6,2026-09-21T20:54:11.867Z
cleave,dictionary2,6,2026-09-21T20:54:12.662Z
tucked,dictionary2,6,2026-09-21T20:54:12.904Z
darken,dictionary2,6,2026-09-21T20:54:13.836Z
asylum,dictionary2,6,2026-09-21T20:54:14.108Z
idling,dictionary2,6,2026-09-21T20:54:14.428Z
amoral,dictionary2,6,2026-09-21T20:54:14.757Z
cutest,dictionary2,6,2026-09-21T20:54:15.087Z
groove,dictionary2,6,2026-09-21T20:54:15.925Z
trades,dictionary2,6,2026-09-21T20:54:16.740Z
invade,dictionary2,6,2026-09-21T20:54:17.480Z
depend,dictionary2,6,2026-09-21T20:54:18.268Z
skewed,dictionary2,6,2026-09-21T20:54:18.562Z
luring,dictionary2,6,2026-09-21T20:54:18.868Z
seaman,dictionary2,6,2026-09-21T20:54:18.996Z
retake,dictionary2,6,2026-09-21T20:54:19.566Z
raisin,dictionary2,6,2026-09-21T20:54:19.858Z
shoots,dictionary2,6,2026-09-21T20:54:20.202Z
leaver,dictionary2,6,2026-09-21T20:54:21.017Z
tracer,dictionary2,6,2026-09-21T20:54:21.815Z
grovel,dictionary2,6,2026-09-21T20:54:22.110Z
beacon,dictionary2,6,2026-09-21T20:54:22.938Z
preppy,dictionary2,6,2026-09-21T20:54:23.706Z
nelson,dictionary2,6,2026-09-21T20:54:24.533Z
hunter,dictionary2,6,2026-09-21T20:54:25.231Z
openly,dictionary2,6,2026-09-21T20:54:26.019Z
villas,dictionary2,6,2026-09-21T20:54:26.863Z
rented,dictionary2,6,2026-09-21T20:54:27.131Z
prance,dictionary2,6,2026-09-21T20:54:27.971Z
topics,dictionary2,6,2026-09-21T20:54:28.735Z
rabies,dictionary2,6,2026-09-21T20:54:29.019Z
gasses,dictionary2,6,2026-09-21T20:54:29.888Z
shaggy,dictionary2,6,2026-09-21T20:54:30.664Z
liquor,dictionary2,6,2026-09-21T20:54:31.378Z
facing,dictionary2,6,2026-09-21T20:54:31.658Z
unveil,dictionary2,6,2026-09-21T20:54:32.512Z
citrus,dictionary2,6,2026-09-21T20:54:32.775Z
giving,dictionary2,6,2026-09-21T20:54:33.107Z
hankie,dictionary2,6,2026-09-21T20:54:33.963Z
geezer,dictionary2,6,2026-09-21T20:54:34.218Z
tanner,dictionary2,6,2026-09-21T20:54:34.560Z
unseat,dictionary2,6,2026-09-21T20:54:35.474Z
crepes,dictionary2,6,2026-09-21T20:54:36.220Z
crikey,dictionary2,6,2026-09-21T20:54:36.971Z
bagged,dictionary2,6,2026-09-21T20:54:37.691Z
postal,dictionary2,6,2026-09-21T20:54:38.482Z
amazed,dictionary2,6,2026-09-21T20:54:39.275Z
pamper,dictionary2,6,2026-09-21T20:54:39.547Z
gotten,dictionary2,6,2026-09-21T20:54:40.428Z
twinge,dictionary2,6,2026-09-21T20:54:41.171Z
grange,dictionary2,6,2026-09-21T20:54:41.422Z
mayors,dictionary2,6,2026-09-21T20:54:42.221Z
flared,dictionary2,6,2026-09-21T20:54:42.947Z
nieces,dictionary2,6,2026-09-21T20:54:43.228Z
jagger,dictionary2,6,2026-09-21T20:54:43.555Z
remedy,dictionary2,6,2026-09-21T20:54:44.343Z
capper,dictionary2,6,2026-09-21T20:54:44.613Z
queers,dictionary2,6,2026-09-21T20:54:44.930Z
header,dictionary2,6,2026-09-21T20:54:45.774Z
gimbal,dictionary2,6,2026-09-21T20:54:46.543Z
stairs,dictionary2,6,2026-09-21T20:54:47.375Z
morris,dictionary2,6,2026-09-21T20:54:47.644Z
headed,dictionary2,6,2026-09-21T20:54:48.436Z
looney,dictionary2,6,2026-09-21T20:54:49.199Z
source,dictionary2,6,2026-09-21T20:54:50.024Z
khakis,dictionary2,6,2026-09-21T20:54:50.292Z
points,dictionary2,6,2026-09-21T20:54:50.466Z
helper,dictionary2,6,2026-09-21T20:54:51.594Z
season,dictionary2,6,2026-09-21T20:54:52.307Z
ulcers,dictionary2,6,2026-09-21T20:54:52.587Z
opener,dictionary2,6,2026-09-21T20:54:53.364Z
moneys,dictionary2,6,2026-09-21T20:54:53.624Z
spotty,dictionary2,6,2026-09-21T20:54:54.494Z
verbal,dictionary2,6,2026-09-21T20:54:55.253Z
crunch,dictionary2,6,2026-09-21T20:54:55.514Z
crying,dictionary2,6,2026-09-21T20:54:55.851Z
pained,dictionary2,6,2026-09-21T20:54:56.164Z
patois,dictionary2,6,2026-09-21T20:54:57.046Z
zander,dictionary2,6,2026-09-21T20:54:57.860Z
gaggle,dictionary2,6,2026-09-21T20:54:58.649Z
unions,dictionary2,6,2026-09-21T20:54:58.921Z
pinkie,dictionary2,6,2026-09-21T20:54:59.250Z
accept,dictionary2,6,2026-09-21T20:55:00.090Z
pencil,dictionary2,6,2026-09-21T20:55:00.356Z
swivel,dictionary2,6,2026-09-21T20:55:01.194Z
yachts,dictionary2,6,2026-09-21T20:55:02.057Z
copter,dictionary2,6,2026-09-21T20:55:02.871Z
leaned,dictionary2,6,2026-09-21T20:55:03.138Z
grazed,dictionary2,6,2026-09-21T20:55:03.465Z
rogues,dictionary2,6,2026-09-21T20:55:03.797Z
snooze,dictionary2,6,2026-09-21T20:55:04.618Z
wormed,dictionary2,6,2026-09-21T20:55:05.396Z
defies,dictionary2,6,2026-09-21T20:55:06.191Z
edible,dictionary2,6,2026-09-21T20:55:06.924Z
rabble,dictionary2,6,2026-09-21T20:55:07.201Z
laurel,dictionary2,6,2026-09-21T20:55:07.544Z
phobia,dictionary2,6,2026-09-21T20:55:07.854Z
gagged,dictionary2,6,2026-09-21T20:55:08.175Z
impart,dictionary2,6,2026-09-21T20:55:08.513Z
fellah,dictionary2,6,2026-09-21T20:55:09.436Z
couple,dictionary2,6,2026-09-21T20:55:10.277Z
voyeur,dictionary2,6,2026-09-21T20:55:10.553Z
fought,dictionary2,6,2026-09-21T20:55:11.315Z
molten,dictionary2,6,2026-09-21T20:55:11.566Z
muskie,dictionary2,6,2026-09-21T20:55:12.526Z
zonked,dictionary2,6,2026-09-21T20:55:13.350Z
walked,dictionary2,6,2026-09-21T20:55:14.086Z
within,dictionary2,6,2026-09-21T20:55:14.919Z
lichen,dictionary2,6,2026-09-21T20:55:15.182Z
slogan,dictionary2,6,2026-09-21T20:55:16.127Z
wiping,dictionary2,6,2026-09-21T20:55:16.418Z
blokes,dictionary2,6,2026-09-21T20:55:17.327Z
hiring,dictionary2,6,2026-09-21T20:55:17.595Z
fierce,dictionary2,6,2026-09-21T20:55:18.524Z
actual,dictionary2,6,2026-09-21T20:55:18.760Z
ornate,dictionary2,6,2026-09-21T20:55:19.100Z
system,dictionary2,6,2026-09-21T20:55:19.460Z
virgin,dictionary2,6,2026-09-21T20:55:19.780Z
sucked,dictionary2,6,2026-09-21T20:55:20.693Z
around,dictionary2,6,2026-09-21T20:55:21.486Z
beaded,dictionary2,6,2026-09-21T20:55:21.747Z
crisps,dictionary2,6,2026-09-21T20:55:22.000Z
bertha,dictionary2,6,2026-09-21T20:55:22.961Z
fiasco,dictionary2,6,2026-09-21T20:55:23.237Z
novels,dictionary2,6,2026-09-21T20:55:23.568Z
melody,dictionary2,6,2026-09-21T20:55:23.888Z
extent,dictionary2,6,2026-09-21T20:55:24.688Z
amazes,dictionary2,6,2026-09-21T20:55:24.934Z
awakes,dictionary2,6,2026-09-21T20:55:25.714Z
dorsal,dictionary2,6,2026-09-21T20:55:25.961Z
vulgar,dictionary2,6,2026-09-21T20:55:26.922Z
exited,dictionary2,6,2026-09-21T20:55:27.741Z
endive,dictionary2,6,2026-09-21T20:55:28.028Z
goddam,dictionary2,6,2026-09-21T20:55:28.889Z
heeled,dictionary2,6,2026-09-21T20:55:29.680Z
firmer,dictionary2,6,2026-09-21T20:55:29.963Z
bamboo,dictionary2,6,2026-09-21T20:55:30.731Z
joyful,dictionary2,6,2026-09-21T20:55:30.992Z
differ,dictionary2,6,2026-09-21T20:55:31.354Z
saloon,dictionary2,6,2026-09-21T20:55:32.208Z
rancid,dictionary2,6,2026-09-21T20:55:32.937Z
dangle,dictionary2,6,2026-09-21T20:55:33.698Z
snacks,dictionary2,6,2026-09-21T20:55:34.519Z
plains,dictionary2,6,2026-09-21T20:55:34.810Z
affair,dictionary2,6,2026-09-21T20:55:35.102Z
drippy,dictionary2,6,2026-09-21T20:55:35.455Z
sicken,dictionary2,6,2026-09-21T20:55:36.265Z
spooky,dictionary2,6,2026-09-21T20:55:37.043Z
mutant,dictionary2,6,2026-09-21T20:55:37.298Z
chaser,dictionary2,6,2026-09-21T20:55:37.639Z
latent,dictionary2,6,2026-09-21T20:55:38.471Z
quahog,dictionary2,6,2026-09-21T20:55:39.202Z
safely,dictionary2,6,2026-09-21T20:55:39.944Z
toddle,dictionary2,6,2026-09-21T20:55:40.798Z
frigid,dictionary2,6,2026-09-21T20:55:41.531Z
litter,dictionary2,6,2026-09-21T20:55:41.786Z
meaner,dictionary2,6,2026-09-21T20:55:42.126Z
fulfil,dictionary2,6,2026-09-21T20:55:43.015Z
pedals,dictionary2,6,2026-09-21T20:55:43.336Z
morbid,dictionary2,6,2026-09-21T20:55:44.097Z
burden,dictionary2,6,2026-09-21T20:55:44.837Z
breezy,dictionary2,6,2026-09-21T20:55:45.629Z
dinero,dictionary2,6,2026-09-21T20:55:45.890Z
vocals,dictionary2,6,2026-09-21T20:55:46.733Z
coolly,dictionary2,6,2026-09-21T20:55:46.998Z
carvel,dictionary2,6,2026-09-21T20:55:47.336Z
molded,dictionary2,6,2026-09-21T20:55:47.670Z
argyle,dictionary2,6,2026-09-21T20:55:48.028Z
tricky,dictionary2,6,2026-09-21T20:55:48.334Z
anemic,dictionary2,6,2026-09-21T20:55:49.208Z
biking,dictionary2,6,2026-09-21T20:55:49.474Z
bowler,dictionary2,6,2026-09-21T20:55:49.792Z
wobble,dictionary2,6,2026-09-21T20:55:50.723Z
hyphen,dictionary2,6,2026-09-21T20:55:51.491Z
sipped,dictionary2,6,2026-09-21T20:55:52.236Z
market,dictionary2,6,2026-09-21T20:55:52.964Z
begged,dictionary2,6,2026-09-21T20:55:53.728Z
mowing,dictionary2,6,2026-09-21T20:55:53.271Z
lifted,dictionary2,6,2026-09-21T20:55:54.943Z
poured,dictionary2,6,2026-09-21T20:55:55.711Z
mortal,dictionary2,6,2026-09-21T20:55:55.958Z
ginger,dictionary2,6,2026-09-21T20:55:56.789Z
beanie,dictionary2,6,2026-09-21T20:55:57.543Z
thrash,dictionary2,6,2026-09-21T20:55:58.352Z
obsess,dictionary2,6,2026-09-21T20:55:59.061Z
unsafe,dictionary2,6,2026-09-21T20:55:59.790Z
asking,dictionary2,6,2026-09-21T20:56:00.035Z
choker,dictionary2,6,2026-09-21T20:56:00.871Z
patter,dictionary2,6,2026-09-21T20:56:01.147Z
forged,dictionary2,6,2026-09-21T20:56:01.456Z
intake,dictionary2,6,2026-09-21T20:56:02.303Z
cranks,dictionary2,6,2026-09-21T20:56:03.187Z
yokels,dictionary2,6,2026-09-21T20:56:03.427Z
quiche,dictionary2,6,2026-09-21T20:56:04.317Z
blames,dictionary2,6,2026-09-21T20:56:05.126Z
stilts,dictionary2,6,2026-09-21T20:56:05.414Z
leased,dictionary2,6,2026-09-21T20:56:06.288Z
fright,dictionary2,6,2026-09-21T20:56:07.062Z
motels,dictionary2,6,2026-09-21T20:56:07.353Z
barker,dictionary2,6,2026-09-21T20:56:08.144Z
hooter,dictionary2,6,2026-09-21T20:56:08.969Z
routed,dictionary2,6,2026-09-21T20:56:09.232Z
shaver,dictionary2,6,2026-09-21T20:56:09.569Z
coding,dictionary2,6,2026-09-21T20:56:10.372Z
choirs,dictionary2,6,2026-09-21T20:56:11.195Z
operas,dictionary2,6,2026-09-21T20:56:11.989Z
silver,dictionary2,6,2026-09-21T20:56:12.244Z
whoops,dictionary2,6,2026-09-21T20:56:13.145Z
beagle,dictionary2,6,2026-09-21T20:56:13.862Z
burlap,dictionary2,6,2026-09-21T20:56:14.597Z
become,dictionary2,6,2026-09-21T20:56:15.377Z
fitted,dictionary2,6,2026-09-21T20:56:16.115Z
struts,dictionary2,6,2026-09-21T20:56:16.844Z
ignore,dictionary2,6,2026-09-21T20:56:17.104Z
public,dictionary2,6,2026-09-21T20:56:17.442Z
jacket,dictionary2,6,2026-09-21T20:56:18.400Z
humane,dictionary2,6,2026-09-21T20:56:18.660Z
santos,dictionary2,6,2026-09-21T20:56:19.507Z
stares,dictionary2,6,2026-09-21T20:56:20.309Z
gripes,dictionary2,6,2026-09-21T20:56:20.570Z
devise,dictionary2,6,2026-09-21T20:56:21.400Z
ravine,dictionary2,6,2026-09-21T20:56:22.114Z
chunks,dictionary2,6,2026-09-21T20:56:22.802Z
snails,dictionary2,6,2026-09-21T20:56:23.043Z
wholly,dictionary2,6,2026-09-21T20:56:23.380Z
marker,dictionary2,6,2026-09-21T20:56:24.298Z
arrest,dictionary2,6,2026-09-21T20:56:24.590Z
joking,dictionary2,6,2026-09-21T20:56:24.932Z
bylaws,dictionary2,6,2026-09-21T20:56:25.052Z
buffer,dictionary2,6,2026-09-21T20:56:26.065Z
dancer,dictionary2,6,2026-09-21T20:56:26.790Z
wallow,dictionary2,6,2026-09-21T20:56:27.558Z
ironed,dictionary2,6,2026-09-21T20:56:28.383Z
trance,dictionary2,6,2026-09-21T20:56:29.145Z
teamed,dictionary2,6,2026-09-21T20:56:29.975Z
mashed,dictionary2,6,2026-09-21T20:56:30.218Z
smears,dictionary2,6,2026-09-21T20:56:30.564Z
heresy,dictionary2,6,2026-09-21T20:56:31.374Z
chokes,dictionary2,6,2026-09-21T20:56:32.122Z
visits,dictionary2,6,2026-09-21T20:56:32.910Z
petrol,dictionary2,6,2026-09-21T20:56:33.187Z
retard,dictionary2,6,2026-09-21T20:56:33.514Z
cranny,dictionary2,6,2026-09-21T20:56:34.342Z
bisque,dictionary2,6,2026-09-21T20:56:35.097Z
teensy,dictionary2,6,2026-09-21T20:56:35.816Z
famine,dictionary2,6,2026-09-21T20:56:36.622Z
filter,dictionary2,6,2026-09-21T20:56:37.408Z
doofus,dictionary2,6,2026-09-21T20:56:37.684Z
saying,dictionary2,6,2026-09-21T20:56:38.475Z
blooms,dictionary2,6,2026-09-21T20:56:39.273Z
relies,dictionary2,6,2026-09-21T20:56:39.531Z
redeem,dictionary2,6,2026-09-21T20:56:40.324Z
satire,dictionary2,6,2026-09-21T20:56:41.081Z
causes,dictionary2,6,2026-09-21T20:56:41.329Z
plowed,dictionary2,6,2026-09-21T20:56:42.171Z
toasty,dictionary2,6,2026-09-21T20:56:42.936Z
leered,dictionary-obscure,6,2026-09-21T20:56:43.677Z
bahera,dictionary-obscure,6,2026-09-21T20:56:44.411Z
jambul,dictionary-obscure,6,2026-09-21T20:56:46.816Z
poland,dictionary-obscure,6,2026-09-21T20:56:47.595Z
manent,dictionary-obscure,6,2026-09-21T20:56:49.488Z
discos,dictionary-obscure,6,2026-09-21T20:56:50.937Z
brawer,dictionary-obscure,6,2026-09-21T20:56:51.714Z
yapons,dictionary-obscure,6,2026-09-21T20:56:52.469Z
shivoo,dictionary-obscure,6,2026-09-21T20:56:53.477Z
batons,dictionary-obscure,6,2026-09-21T20:56:53.815Z
kialee,dictionary-obscure,6,2026-09-21T20:56:54.615Z
yawner,dictionary-obscure,6,2026-09-21T20:56:56.451Z
yarest,dictionary-obscure,6,2026-09-21T20:56:58.680Z
pacane,dictionary-obscure,6,2026-09-21T20:56:59.456Z
speers,dictionary-obscure,6,2026-09-21T20:57:00.622Z
atorai,dictionary-obscure,6,2026-09-21T20:57:01.512Z
exilic,dictionary-obscure,6,2026-09-21T20:57:02.350Z
axilla,dictionary-obscure,6,2026-09-21T20:57:03.179Z
cendre,dictionary-obscure,6,2026-09-21T20:57:05.069Z
nachus,dictionary-obscure,6,2026-09-21T20:57:05.357Z
curtis,dictionary-obscure,6,2026-09-21T20:57:07.747Z
flytes,dictionary-obscure,6,2026-09-21T20:57:08.493Z
rouble,dictionary-obscure,6,2026-09-21T20:57:10.175Z
steeks,dictionary-obscure,6,2026-09-21T20:57:11.156Z
winces,dictionary-obscure,6,2026-09-21T20:57:12.062Z
kanwar,dictionary-obscure,6,2026-09-21T20:57:12.868Z
incept,dictionary-obscure,6,2026-09-21T20:57:13.629Z
stamba,dictionary-obscure,6,2026-09-21T20:57:13.884Z
barboy,dictionary-obscure,6,2026-09-21T20:57:14.690Z
mongol,dictionary-obscure,6,2026-09-21T20:57:16.289Z
batule,dictionary-obscure,6,2026-09-21T20:57:16.538Z
llanos,dictionary-obscure,6,2026-09-21T20:57:17.687Z
pluton,dictionary-obscure,6,2026-09-21T20:57:18.519Z
mazuca,dictionary-obscure,6,2026-09-21T20:57:19.261Z
fanion,dictionary-obscure,6,2026-09-21T20:57:20.300Z
rapter,dictionary-obscure,6,2026-09-21T20:57:22.288Z
arbust,dictionary-obscure,6,2026-09-21T20:57:23.488Z
granes,dictionary-obscure,6,2026-09-21T20:57:23.766Z
donnie,dictionary-obscure,6,2026-09-21T20:57:24.442Z
bodoni,dictionary-obscure,6,2026-09-21T20:57:26.092Z
ramusi,dictionary-obscure,6,2026-09-21T20:57:26.858Z
vineal,dictionary-obscure,6,2026-09-21T20:57:27.153Z
jarble,dictionary-obscure,6,2026-09-21T20:57:28.013Z
harris,dictionary-obscure,6,2026-09-21T20:57:29.033Z
yareta,dictionary-obscure,6,2026-09-21T20:57:31.281Z
bomble,dictionary-obscure,6,2026-09-21T20:57:32.454Z
tiered,dictionary-obscure,6,2026-09-21T20:57:34.344Z
ungull,dictionary-obscure,6,2026-09-21T20:57:34.596Z
logoes,dictionary-obscure,6,2026-09-21T20:57:34.930Z
hanker,dictionary-obscure,6,2026-09-21T20:57:35.289Z
igloos,dictionary-obscure,6,2026-09-21T20:57:36.166Z
cobias,dictionary-obscure,6,2026-09-21T20:57:36.932Z
clarre,dictionary-obscure,6,2026-09-21T20:57:37.823Z
kurung,dictionary-obscure,6,2026-09-21T20:57:38.125Z
innage,dictionary-obscure,6,2026-09-21T20:57:38.422Z
shiloh,dictionary-obscure,6,2026-09-21T20:57:39.209Z
zafree,dictionary-obscure,6,2026-09-21T20:57:39.929Z
upflow,dictionary-obscure,6,2026-09-21T20:57:42.278Z
morels,dictionary-obscure,6,2026-09-21T20:57:43.130Z
anomic,dictionary-obscure,6,2026-09-21T20:57:43.406Z
blanco,dictionary-obscure,6,2026-09-21T20:57:43.749Z
momism,dictionary-obscure,6,2026-09-21T20:57:45.319Z
aumous,dictionary-obscure,6,2026-09-21T20:57:46.116Z
melded,dictionary-obscure,6,2026-09-21T20:57:46.914Z
weirdy,dictionary-obscure,6,2026-09-21T20:57:47.190Z
amides,dictionary-obscure,6,2026-09-21T20:57:49.611Z
decess,dictionary-obscure,6,2026-09-21T20:57:49.864Z
cogmen,dictionary-obscure,6,2026-09-21T20:57:50.747Z
phosis,dictionary-obscure,6,2026-09-21T20:57:52.118Z
baroko,dictionary-obscure,6,2026-09-21T20:57:52.443Z
simiid,dictionary-obscure,6,2026-09-21T20:57:53.328Z
fungin,dictionary-obscure,6,2026-09-21T20:57:53.593Z
remuda,dictionary-obscure,6,2026-09-21T20:57:54.426Z
driegh,dictionary-obscure,6,2026-09-21T20:57:55.256Z
anteal,dictionary-obscure,6,2026-09-21T20:57:55.544Z
venomy,dictionary-obscure,6,2026-09-21T20:57:57.258Z
brelan,dictionary-obscure,6,2026-09-21T20:57:58.039Z
eroded,dictionary-obscure,6,2026-09-21T20:57:58.322Z
meisje,dictionary-obscure,6,2026-09-21T20:57:58.695Z
kanone,dictionary-obscure,6,2026-09-21T20:57:59.441Z
scouse,dictionary-obscure,6,2026-09-21T20:57:59.533Z
wilily,dictionary-obscure,6,2026-09-21T20:58:00.568Z
tannin,dictionary-obscure,6,2026-09-21T20:58:01.997Z
pawnie,dictionary-obscure,6,2026-09-21T20:58:03.861Z
sofane,dictionary-obscure,6,2026-09-21T20:58:04.127Z
stroky,dictionary-obscure,6,2026-09-21T20:58:05.771Z
popode,dictionary-obscure,6,2026-09-21T20:58:06.023Z
guyers,dictionary-obscure,6,2026-09-21T20:58:06.884Z
aidful,dictionary-obscure,6,2026-09-21T20:58:07.635Z
baroto,dictionary-obscure,6,2026-09-21T20:58:08.664Z
skeipp,dictionary-obscure,6,2026-09-21T20:58:09.011Z
pythic,dictionary-obscure,6,2026-09-21T20:58:09.993Z
dielec,dictionary-obscure,6,2026-09-21T20:58:10.265Z
dowlas,dictionary-obscure,6,2026-09-21T20:58:11.131Z
fumant,dictionary-obscure,6,2026-09-21T20:58:12.659Z
netops,dictionary-obscure,6,2026-09-21T20:58:13.348Z
merles,dictionary-obscure,6,2026-09-21T20:58:14.119Z
corser,dictionary-obscure,6,2026-09-21T20:58:15.984Z
sriram,dictionary-obscure,6,2026-09-21T20:58:16.803Z
fanout,dictionary-obscure,6,2026-09-21T20:58:17.068Z
nabber,dictionary-obscure,6,2026-09-21T20:58:19.125Z
mopsey,dictionary-obscure,6,2026-09-21T20:58:19.911Z
tartro,dictionary-obscure,6,2026-09-21T20:58:20.159Z
sassak,dictionary-obscure,6,2026-09-21T20:58:21.365Z
morada,dictionary-obscure,6,2026-09-21T20:58:22.152Z
kuruma,dictionary-obscure,6,2026-09-21T20:58:22.859Z
tweest,dictionary-obscure,6,2026-09-21T20:58:24.435Z
claire,dictionary-obscure,6,2026-09-21T20:58:26.719Z
melled,dictionary-obscure,6,2026-09-21T20:58:26.982Z
beseem,dictionary-obscure,6,2026-09-21T20:58:27.855Z
syrups,dictionary-obscure,6,2026-09-21T20:58:29.405Z
rerate,dictionary-obscure,6,2026-09-21T20:58:30.200Z
rilles,dictionary-obscure,6,2026-09-21T20:58:30.461Z
pretry,dictionary-obscure,6,2026-09-21T20:58:31.622Z
chomps,dictionary-obscure,6,2026-09-21T20:58:31.302Z
kakapo,dictionary-obscure,6,2026-09-21T20:58:32.120Z
schuit,dictionary-obscure,6,2026-09-21T20:58:32.881Z
shires,dictionary-obscure,6,2026-09-21T20:58:33.666Z
pyrite,dictionary-obscure,6,2026-09-21T20:58:33.923Z
auteur,dictionary-obscure,6,2026-09-21T20:58:35.623Z
cincha,dictionary-obscure,6,2026-09-21T20:58:36.452Z
dodges,dictionary-obscure,6,2026-09-21T20:58:37.216Z
aidman,dictionary-obscure,6,2026-09-21T20:58:37.487Z
expone,dictionary-obscure,6,2026-09-21T20:58:37.814Z
sonant,dictionary-obscure,6,2026-09-21T20:58:38.621Z
premit,dictionary-obscure,6,2026-09-21T20:58:38.894Z
hemmed,dictionary-obscure,6,2026-09-21T20:58:39.211Z
adipsy,dictionary-obscure,6,2026-09-21T20:58:40.081Z
polars,dictionary-obscure,6,2026-09-21T20:58:40.845Z
baffle,dictionary-obscure,6,2026-09-21T20:58:41.106Z
romane,dictionary-obscure,6,2026-09-21T20:58:41.943Z
biller,dictionary-obscure,6,2026-09-21T20:58:42.718Z
cyanid,dictionary-obscure,6,2026-09-21T20:58:43.504Z
ponces,dictionary-obscure,6,2026-09-21T20:58:44.284Z
lustly,dictionary-obscure,6,2026-09-21T20:58:45.085Z
tegmen,dictionary-obscure,6,2026-09-21T20:58:45.824Z
alines,dictionary-obscure,6,2026-09-21T20:58:46.095Z
gandum,dictionary-obscure,6,2026-09-21T20:58:46.410Z
semian,dictionary-obscure,6,2026-09-21T20:58:47.889Z
violan,dictionary-obscure,6,2026-09-21T20:58:48.222Z
humate,dictionary-obscure,6,2026-09-21T20:58:49.166Z
spadix,dictionary-obscure,6,2026-09-21T20:58:49.996Z
tumbly,dictionary-obscure,6,2026-09-21T20:58:51.470Z
milchy,dictionary-obscure,6,2026-09-21T20:58:52.320Z
boldin,dictionary-obscure,6,2026-09-21T20:58:53.100Z
gawney,dictionary-obscure,6,2026-09-21T20:58:53.852Z
mayvin,dictionary-obscure,6,2026-09-21T20:58:54.603Z
repale,dictionary-obscure,6,2026-09-21T20:58:55.458Z
gubbin,dictionary-obscure,6,2026-09-21T20:58:56.185Z
aliped,dictionary-obscure,6,2026-09-21T20:58:56.980Z
ashery,dictionary-obscure,6,2026-09-21T20:58:57.244Z
cornea,dictionary-obscure,6,2026-09-21T20:58:57.563Z
yacata,dictionary-obscure,6,2026-09-21T20:58:57.899Z
sudors,dictionary-obscure,6,2026-09-21T20:58:58.765Z
cogito,dictionary-obscure,6,2026-09-21T20:58:59.487Z
uncage,dictionary-obscure,6,2026-09-21T20:59:00.265Z
eaglet,dictionary-obscure,6,2026-09-21T20:59:01.111Z
splite,dictionary-obscure,6,2026-09-21T20:59:01.892Z
tarvia,dictionary-obscure,6,2026-09-21T20:59:02.167Z
tumboa,dictionary-obscure,6,2026-09-21T20:59:03.021Z
quieti,dictionary-obscure,6,2026-09-21T20:59:02.920Z
gutser,dictionary-obscure,6,2026-09-21T20:59:03.873Z
alumin,dictionary-obscure,6,2026-09-21T20:59:04.660Z
messor,dictionary-obscure,6,2026-09-21T20:59:05.431Z
aphids,dictionary-obscure,6,2026-09-21T20:59:05.700Z
corita,dictionary-obscure,6,2026-09-21T20:59:06.505Z
morsal,dictionary-obscure,6,2026-09-21T20:59:07.271Z
sobful,dictionary-obscure,6,2026-09-21T20:59:07.541Z
giunta,dictionary-obscure,6,2026-09-21T20:59:07.872Z
wigher,dictionary-obscure,6,2026-09-21T20:59:08.792Z
bulger,dictionary-obscure,6,2026-09-21T20:59:10.265Z
repipe,dictionary-obscure,6,2026-09-21T20:59:11.123Z
pantun,dictionary-obscure,6,2026-09-21T20:59:11.364Z
bucker,dictionary-obscure,6,2026-09-21T20:59:11.731Z
sacken,dictionary-obscure,6,2026-09-21T20:59:12.637Z
revues,dictionary-obscure,6,2026-09-21T20:59:13.664Z
matina,dictionary-obscure,6,2026-09-21T20:59:14.332Z
mehtar,dictionary-obscure,6,2026-09-21T20:59:15.226Z
baymen,dictionary-obscure,6,2026-09-21T20:59:16.012Z
heynne,dictionary-obscure,6,2026-09-21T20:59:16.781Z
venule,dictionary-obscure,6,2026-09-21T20:59:18.336Z
raters,dictionary-obscure,6,2026-09-21T20:59:19.420Z
astore,dictionary-obscure,6,2026-09-21T20:59:20.189Z
lilied,dictionary-obscure,6,2026-09-21T20:59:21.988Z
quinta,dictionary-obscure,6,2026-09-21T20:59:22.318Z
linget,dictionary-obscure,6,2026-09-21T20:59:23.211Z
phorid,dictionary-obscure,6,2026-09-21T20:59:24.304Z
bateau,dictionary-obscure,6,2026-09-21T20:59:25.105Z
clefts,dictionary-obscure,6,2026-09-21T20:59:26.763Z
tottie,dictionary-obscure,6,2026-09-21T20:59:27.021Z
atolls,dictionary-obscure,6,2026-09-21T20:59:27.800Z
lyings,dictionary-obscure,6,2026-09-21T20:59:28.608Z
cocain,dictionary-obscure,6,2026-09-21T20:59:28.862Z
selter,dictionary-obscure,6,2026-09-21T20:59:29.661Z
willey,dictionary-obscure,6,2026-09-21T20:59:31.225Z
zincky,dictionary-obscure,6,2026-09-21T20:59:32.065Z
spinor,dictionary-obscure,6,2026-09-21T20:59:32.312Z
neslia,dictionary-obscure,6,2026-09-21T20:59:33.188Z
liefer,dictionary-obscure,6,2026-09-21T20:59:34.246Z
overed,dictionary-obscure,6,2026-09-21T20:59:34.496Z
gandul,dictionary-obscure,6,2026-09-21T20:59:34.509Z
maclib,dictionary-obscure,6,2026-09-21T20:59:35.730Z
kuttar,dictionary-obscure,6,2026-09-21T20:59:35.989Z
tasset,dictionary-obscure,6,2026-09-21T20:59:37.072Z
acinic,dictionary-obscure,6,2026-09-21T20:59:37.409Z
barras,dictionary-obscure,6,2026-09-21T20:59:38.252Z
blamer,dictionary-obscure,6,2026-09-21T20:59:38.504Z
toyish,dictionary-obscure,6,2026-09-21T20:59:39.591Z
amyous,dictionary-obscure,6,2026-09-21T20:59:39.928Z
carica,dictionary-obscure,6,2026-09-21T20:59:40.739Z
antica,dictionary-obscure,6,2026-09-21T20:59:41.578Z
bowsie,dictionary-obscure,6,2026-09-21T20:59:42.294Z
foetid,dictionary-obscure,6,2026-09-21T20:59:44.145Z
oxland,dictionary-obscure,6,2026-09-21T20:59:44.950Z
chenet,dictionary-obscure,6,2026-09-21T20:59:46.448Z
hyping,dictionary-obscure,6,2026-09-21T20:59:48.000Z
shying,dictionary-obscure,6,2026-09-21T20:59:48.715Z
untrim,dictionary-obscure,6,2026-09-21T20:59:49.518Z
attune,dictionary-obscure,6,2026-09-21T20:59:49.797Z
casefy,dictionary-obscure,6,2026-09-21T20:59:50.154Z
smegma,dictionary-obscure,6,2026-09-21T20:59:52.345Z
amical,dictionary-obscure,6,2026-09-21T20:59:52.610Z
septal,dictionary-obscure,6,2026-09-21T20:59:53.476Z
viands,dictionary-obscure,6,2026-09-21T20:59:53.740Z
tripod,dictionary-obscure,6,2026-09-21T20:59:54.547Z
damans,dictionary-obscure,6,2026-09-21T20:59:55.148Z
retape,dictionary-obscure,6,2026-09-21T20:59:55.510Z
prewar,dictionary-obscure,6,2026-09-21T20:59:55.831Z
cocuyo,dictionary-obscure,6,2026-09-21T20:59:57.337Z
unible,dictionary-obscure,6,2026-09-21T20:59:59.143Z
pantas,dictionary-obscure,6,2026-09-21T20:59:59.540Z
hisser,dictionary-obscure,6,2026-09-21T20:59:59.827Z
effete,dictionary-obscure,6,2026-09-21T21:00:00.623Z
vaunts,dictionary-obscure,6,2026-09-21T21:00:00.915Z
marian,dictionary-obscure,6,2026-09-21T21:00:01.248Z
ambers,dictionary-obscure,6,2026-09-21T21:00:02.439Z
jesper,dictionary-obscure,6,2026-09-21T21:00:03.261Z
smilax,dictionary-obscure,6,2026-09-21T21:00:04.878Z
rewire,dictionary-obscure,6,2026-09-21T21:00:05.217Z
resees,dictionary-obscure,6,2026-09-21T21:00:06.040Z
bandhu,dictionary-obscure,6,2026-09-21T21:00:06.202Z
gourdy,dictionary-obscure,6,2026-09-21T21:00:07.134Z
mashal,dictionary-obscure,6,2026-09-21T21:00:07.424Z
lazuli,dictionary-obscure,6,2026-09-21T21:00:08.317Z
umbras,dictionary-obscure,6,2026-09-21T21:00:09.135Z
hostly,dictionary-obscure,6,2026-09-21T21:00:09.892Z
pennis,dictionary-obscure,6,2026-09-21T21:00:10.632Z
devoto,dictionary-obscure,6,2026-09-21T21:00:11.494Z
urushi,dictionary-obscure,6,2026-09-21T21:00:11.749Z
extoll,dictionary-obscure,6,2026-09-21T21:00:13.685Z
stylet,dictionary-obscure,6,2026-09-21T21:00:13.990Z
yeming,dictionary-obscure,6,2026-09-21T21:00:14.820Z
domett,dictionary-obscure,6,2026-09-21T21:00:15.615Z
pinier,dictionary-obscure,6,2026-09-21T21:00:16.963Z
redare,dictionary-obscure,6,2026-09-21T21:00:17.936Z
lewist,dictionary-obscure,6,2026-09-21T21:00:19.387Z
ogrish,dictionary-obscure,6,2026-09-21T21:00:19.644Z
bigwig,dictionary-obscure,6,2026-09-21T21:00:19.991Z
leucin,dictionary-obscure,6,2026-09-21T21:00:20.790Z
katsup,dictionary-obscure,6,2026-09-21T21:00:21.566Z
rondos,dictionary-obscure,6,2026-09-21T21:00:22.708Z
purpie,dictionary-obscure,6,2026-09-21T21:00:22.982Z
tweeny,dictionary-obscure,6,2026-09-21T21:00:23.810Z
amusia,dictionary-obscure,6,2026-09-21T21:00:24.562Z
ceases,dictionary-obscure,6,2026-09-21T21:00:26.706Z
finned,dictionary-obscure,6,2026-09-21T21:00:28.956Z
nasion,dictionary-obscure,6,2026-09-21T21:00:29.960Z
basque,dictionary-obscure,6,2026-09-21T21:00:31.085Z
shrive,dictionary-obscure,6,2026-09-21T21:00:32.196Z
meowed,dictionary-obscure,6,2026-09-21T21:00:33.008Z
townee,dictionary-obscure,6,2026-09-21T21:00:33.761Z
hermai,dictionary-obscure,6,2026-09-21T21:00:34.510Z
flaker,dictionary-obscure,6,2026-09-21T21:00:35.270Z
togaed,dictionary-obscure,6,2026-09-21T21:00:36.044Z
muskeg,dictionary-obscure,6,2026-09-21T21:00:37.638Z
courbe,dictionary-obscure,6,2026-09-21T21:00:37.893Z
durrin,dictionary-obscure,6,2026-09-21T21:00:38.074Z
justen,dictionary-obscure,6,2026-09-21T21:00:39.116Z
omegas,dictionary-obscure,6,2026-09-21T21:00:40.773Z
fuzzle,dictionary-obscure,6,2026-09-21T21:00:41.866Z
lefsen,dictionary-obscure,6,2026-09-21T21:00:42.646Z
goofer,dictionary-obscure,6,2026-09-21T21:00:42.906Z
skerry,dictionary-obscure,6,2026-09-21T21:00:43.743Z
jutted,dictionary-obscure,6,2026-09-21T21:00:44.003Z
bedrel,dictionary-obscure,6,2026-09-21T21:00:45.074Z
hyahya,dictionary-obscure,6,2026-09-21T21:00:45.909Z
espial,dictionary-obscure,6,2026-09-21T21:00:46.716Z
corsos,dictionary-obscure,6,2026-09-21T21:00:46.972Z
chamos,dictionary-obscure,6,2026-09-21T21:00:47.777Z
surahi,dictionary-obscure,6,2026-09-21T21:00:48.342Z
hurling,dictionary2,7,2026-09-21T21:00:49.589Z
receipt,dictionary2,7,2026-09-21T21:00:49.873Z
slasher,dictionary2,7,2026-09-21T21:00:50.959Z
blankly,dictionary2,7,2026-09-21T21:00:51.257Z
haywire,dictionary2,7,2026-09-21T21:00:52.146Z
maidens,dictionary2,7,2026-09-21T21:00:52.398Z
crowded,dictionary2,7,2026-09-21T21:00:53.243Z
worming,dictionary2,7,2026-09-21T21:00:53.497Z
germans,dictionary2,7,2026-09-21T21:00:54.363Z
magnify,dictionary2,7,2026-09-21T21:00:55.139Z
housing,dictionary2,7,2026-09-21T21:00:55.893Z
vertigo,dictionary2,7,2026-09-21T21:00:56.167Z
spectre,dictionary2,7,2026-09-21T21:00:57.071Z
brewery,dictionary2,7,2026-09-21T21:00:57.836Z
council,dictionary2,7,2026-09-21T21:00:58.532Z
brioche,dictionary2,7,2026-09-21T21:00:58.781Z
hosting,dictionary2,7,2026-09-21T21:00:59.135Z
pouting,dictionary2,7,2026-09-21T21:00:59.466Z
trouser,dictionary2,7,2026-09-21T21:00:59.789Z
notches,dictionary2,7,2026-09-21T21:01:00.128Z
pollute,dictionary2,7,2026-09-21T21:01:00.492Z
anthrax,dictionary2,7,2026-09-21T21:01:00.806Z
morello,dictionary2,7,2026-09-21T21:01:01.635Z
groupie,dictionary2,7,2026-09-21T21:01:02.420Z
stumble,dictionary2,7,2026-09-21T21:01:03.159Z
loudest,dictionary2,7,2026-09-21T21:01:03.887Z
library,dictionary2,7,2026-09-21T21:01:04.678Z
willful,dictionary2,7,2026-09-21T21:01:05.474Z
notably,dictionary2,7,2026-09-21T21:01:05.743Z
testing,dictionary2,7,2026-09-21T21:01:06.601Z
welling,dictionary2,7,2026-09-21T21:01:07.313Z
savored,dictionary2,7,2026-09-21T21:01:08.147Z
turbine,dictionary2,7,2026-09-21T21:01:09.012Z
mansion,dictionary2,7,2026-09-21T21:01:09.292Z
motives,dictionary2,7,2026-09-21T21:01:09.519Z
retinal,dictionary2,7,2026-09-21T21:01:10.528Z
prepare,dictionary2,7,2026-09-21T21:01:11.373Z
confide,dictionary2,7,2026-09-21T21:01:12.189Z
lodging,dictionary2,7,2026-09-21T21:01:12.454Z
concert,dictionary2,7,2026-09-21T21:01:13.375Z
cartoon,dictionary2,7,2026-09-21T21:01:13.623Z
belabor,dictionary2,7,2026-09-21T21:01:14.474Z
marches,dictionary2,7,2026-09-21T21:01:15.286Z
seeking,dictionary2,7,2026-09-21T21:01:15.574Z
chooses,dictionary2,7,2026-09-21T21:01:15.872Z
disease,dictionary2,7,2026-09-21T21:01:16.221Z
puberty,dictionary2,7,2026-09-21T21:01:17.128Z
infects,dictionary2,7,2026-09-21T21:01:17.881Z
payroll,dictionary2,7,2026-09-21T21:01:18.639Z
harshly,dictionary2,7,2026-09-21T21:01:19.452Z
shading,dictionary2,7,2026-09-21T21:01:19.704Z
granger,dictionary2,7,2026-09-21T21:01:20.557Z
bellman,dictionary2,7,2026-09-21T21:01:21.253Z
quantum,dictionary2,7,2026-09-21T21:01:21.526Z
plaster,dictionary2,7,2026-09-21T21:01:22.367Z
natives,dictionary2,7,2026-09-21T21:01:22.644Z
combust,dictionary2,7,2026-09-21T21:01:23.484Z
trifled,dictionary2,7,2026-09-21T21:01:24.304Z
ottoman,dictionary2,7,2026-09-21T21:01:24.576Z
revised,dictionary2,7,2026-09-21T21:01:25.338Z
cheerio,dictionary2,7,2026-09-21T21:01:26.123Z
studios,dictionary2,7,2026-09-21T21:01:26.426Z
liftoff,dictionary2,7,2026-09-21T21:01:27.251Z
adopted,dictionary2,7,2026-09-21T21:01:27.507Z
ticking,dictionary2,7,2026-09-21T21:01:28.531Z
pollard,dictionary2,7,2026-09-21T21:01:29.332Z
coffins,dictionary2,7,2026-09-21T21:01:29.578Z
desktop,dictionary2,7,2026-09-21T21:01:30.462Z
midtown,dictionary2,7,2026-09-21T21:01:31.323Z
parlour,dictionary2,7,2026-09-21T21:01:31.915Z
swooped,dictionary2,7,2026-09-21T21:01:32.780Z
doggone,dictionary2,7,2026-09-21T21:01:33.565Z
bonfire,dictionary2,7,2026-09-21T21:01:34.265Z
shooter,dictionary2,7,2026-09-21T21:01:35.048Z
western,dictionary2,7,2026-09-21T21:01:35.327Z
trouper,dictionary2,7,2026-09-21T21:01:36.161Z
garnish,dictionary2,7,2026-09-21T21:01:36.424Z
scenery,dictionary2,7,2026-09-21T21:01:37.092Z
snoring,dictionary2,7,2026-09-21T21:01:37.426Z
jubilee,dictionary2,7,2026-09-21T21:01:38.257Z
sundown,dictionary2,7,2026-09-21T21:01:39.060Z
obscene,dictionary2,7,2026-09-21T21:01:39.768Z
essence,dictionary2,7,2026-09-21T21:01:40.018Z
smoochy,dictionary2,7,2026-09-21T21:01:40.804Z
elegant,dictionary2,7,2026-09-21T21:01:40.857Z
herring,dictionary2,7,2026-09-21T21:01:41.476Z
longest,dictionary2,7,2026-09-21T21:01:41.747Z
chemist,dictionary2,7,2026-09-21T21:01:42.577Z
enchant,dictionary2,7,2026-09-21T21:01:43.398Z
coolers,dictionary2,7,2026-09-21T21:01:44.164Z
dangled,dictionary2,7,2026-09-21T21:01:44.414Z
resumes,dictionary2,7,2026-09-21T21:01:44.750Z
glucose,dictionary2,7,2026-09-21T21:01:45.090Z
guarded,dictionary2,7,2026-09-21T21:01:45.444Z
kitchen,dictionary2,7,2026-09-21T21:01:46.258Z
headset,dictionary2,7,2026-09-21T21:01:46.959Z
parsons,dictionary2,7,2026-09-21T21:01:47.217Z
caliber,dictionary2,7,2026-09-21T21:01:48.048Z
roadies,dictionary2,7,2026-09-21T21:01:48.882Z
clunker,dictionary2,7,2026-09-21T21:01:49.657Z
sinking,dictionary2,7,2026-09-21T21:01:49.926Z
discuss,dictionary2,7,2026-09-21T21:01:50.257Z
ivories,dictionary2,7,2026-09-21T21:01:50.596Z
papayas,dictionary2,7,2026-09-21T21:01:51.442Z
hearsay,dictionary2,7,2026-09-21T21:01:52.205Z
fulcrum,dictionary2,7,2026-09-21T21:01:52.971Z
renting,dictionary2,7,2026-09-21T21:01:53.243Z
inflame,dictionary2,7,2026-09-21T21:01:54.076Z
trashed,dictionary2,7,2026-09-21T21:01:54.344Z
sirloin,dictionary2,7,2026-09-21T21:01:55.227Z
rumored,dictionary2,7,2026-09-21T21:01:55.965Z
locking,dictionary2,7,2026-09-21T21:01:56.709Z
shocked,dictionary2,7,2026-09-21T21:01:56.956Z
sticker,dictionary2,7,2026-09-21T21:01:57.313Z
truffle,dictionary2,7,2026-09-21T21:01:57.621Z
tippers,dictionary2,7,2026-09-21T21:01:58.485Z
nirvana,dictionary2,7,2026-09-21T21:01:58.738Z
accents,dictionary2,7,2026-09-21T21:01:59.078Z
poverty,dictionary2,7,2026-09-21T21:01:59.945Z
canines,dictionary2,7,2026-09-21T21:02:00.776Z
rangers,dictionary2,7,2026-09-21T21:02:01.042Z
poisons,dictionary2,7,2026-09-21T21:02:01.905Z
modeled,dictionary2,7,2026-09-21T21:02:02.186Z
antacid,dictionary2,7,2026-09-21T21:02:02.540Z
rookies,dictionary2,7,2026-09-21T21:02:03.328Z
slogans,dictionary2,7,2026-09-21T21:02:03.609Z
quitter,dictionary2,7,2026-09-21T21:02:04.402Z
pushers,dictionary2,7,2026-09-21T21:02:04.702Z
muffler,dictionary2,7,2026-09-21T21:02:05.512Z
singing,dictionary2,7,2026-09-21T21:02:05.749Z
dormant,dictionary2,7,2026-09-21T21:02:06.620Z
trustee,dictionary2,7,2026-09-21T21:02:07.421Z
harmful,dictionary2,7,2026-09-21T21:02:07.686Z
raptors,dictionary2,7,2026-09-21T21:02:08.529Z
bullied,dictionary2,7,2026-09-21T21:02:08.790Z
vamoose,dictionary2,7,2026-09-21T21:02:09.107Z
tamales,dictionary2,7,2026-09-21T21:02:09.485Z
chatted,dictionary2,7,2026-09-21T21:02:10.362Z
violent,dictionary2,7,2026-09-21T21:02:10.615Z
bubbies,dictionary2,7,2026-09-21T21:02:10.961Z
inspect,dictionary2,7,2026-09-21T21:02:11.303Z
belated,dictionary2,7,2026-09-21T21:02:11.637Z
cunning,dictionary2,7,2026-09-21T21:02:11.959Z
academy,dictionary2,7,2026-09-21T21:02:12.108Z
succeed,dictionary2,7,2026-09-21T21:02:13.162Z
subbing,dictionary2,7,2026-09-21T21:02:13.967Z
upwards,dictionary2,7,2026-09-21T21:02:14.220Z
locusts,dictionary2,7,2026-09-21T21:02:15.018Z
neutral,dictionary2,7,2026-09-21T21:02:15.856Z
masking,dictionary2,7,2026-09-21T21:02:16.108Z
amorous,dictionary2,7,2026-09-21T21:02:16.439Z
bummers,dictionary2,7,2026-09-21T21:02:17.343Z
cannery,dictionary2,7,2026-09-21T21:02:17.633Z
shipped,dictionary2,7,2026-09-21T21:02:18.509Z
serpent,dictionary2,7,2026-09-21T21:02:19.336Z
torches,dictionary2,7,2026-09-21T21:02:20.135Z
cushion,dictionary2,7,2026-09-21T21:02:20.826Z
spinner,dictionary2,7,2026-09-21T21:02:21.092Z
portray,dictionary2,7,2026-09-21T21:02:21.936Z
bikinis,dictionary2,7,2026-09-21T21:02:22.668Z
longing,dictionary2,7,2026-09-21T21:02:23.437Z
pompous,dictionary2,7,2026-09-21T21:02:24.172Z
obscure,dictionary2,7,2026-09-21T21:02:24.895Z
piddles,dictionary2,7,2026-09-21T21:02:25.161Z
shopper,dictionary2,7,2026-09-21T21:02:25.502Z
scratch,dictionary2,7,2026-09-21T21:02:25.833Z
courier,dictionary2,7,2026-09-21T21:02:26.172Z
smoking,dictionary2,7,2026-09-21T21:02:27.011Z
traitor,dictionary2,7,2026-09-21T21:02:27.782Z
arrange,dictionary2,7,2026-09-21T21:02:28.043Z
alastor,dictionary2,7,2026-09-21T21:02:28.841Z
legends,dictionary2,7,2026-09-21T21:02:29.194Z
pothead,dictionary2,7,2026-09-21T21:02:29.976Z
sedated,dictionary2,7,2026-09-21T21:02:30.764Z
crystal,dictionary2,7,2026-09-21T21:02:31.586Z
dynasty,dictionary2,7,2026-09-21T21:02:32.332Z
daddies,dictionary2,7,2026-09-21T21:02:33.258Z
dangers,dictionary2,7,2026-09-21T21:02:33.519Z
robbery,dictionary2,7,2026-09-21T21:02:34.383Z
differs,dictionary2,7,2026-09-21T21:02:34.629Z
giblets,dictionary2,7,2026-09-21T21:02:34.993Z
huddled,dictionary2,7,2026-09-21T21:02:35.327Z
realize,dictionary2,7,2026-09-21T21:02:35.653Z
recover,dictionary2,7,2026-09-21T21:02:35.989Z
darling,dictionary2,7,2026-09-21T21:02:36.837Z
shifter,dictionary2,7,2026-09-21T21:02:37.112Z
hottest,dictionary2,7,2026-09-21T21:02:37.979Z
boiling,dictionary2,7,2026-09-21T21:02:38.252Z
worship,dictionary2,7,2026-09-21T21:02:39.108Z
sequins,dictionary2,7,2026-09-21T21:02:39.354Z
punches,dictionary2,7,2026-09-21T21:02:39.708Z
broader,dictionary2,7,2026-09-21T21:02:40.039Z
relaxed,dictionary2,7,2026-09-21T21:02:40.957Z
accused,dictionary2,7,2026-09-21T21:02:41.260Z
legwork,dictionary2,7,2026-09-21T21:02:42.016Z
puzzles,dictionary2,7,2026-09-21T21:02:42.272Z
dumbest,dictionary2,7,2026-09-21T21:02:43.071Z
dodgers,dictionary2,7,2026-09-21T21:02:43.789Z
freight,dictionary2,7,2026-09-21T21:02:43.882Z
correct,dictionary2,7,2026-09-21T21:02:44.896Z
magical,dictionary2,7,2026-09-21T21:02:45.185Z
chapped,dictionary2,7,2026-09-21T21:02:46.116Z
burdens,dictionary2,7,2026-09-21T21:02:46.904Z
giddyup,dictionary2,7,2026-09-21T21:02:47.715Z
charley,dictionary2,7,2026-09-21T21:02:48.548Z
sighing,dictionary2,7,2026-09-21T21:02:49.378Z
stately,dictionary2,7,2026-09-21T21:02:50.143Z
killers,dictionary2,7,2026-09-21T21:02:50.884Z
ripples,dictionary2,7,2026-09-21T21:02:51.700Z
lending,dictionary2,7,2026-09-21T21:02:52.035Z
bashing,dictionary2,7,2026-09-21T21:02:52.296Z
garbage,dictionary2,7,2026-09-21T21:02:54.250Z
gondola,dictionary2,7,2026-09-21T21:02:55.011Z
slapped,dictionary2,7,2026-09-21T21:02:55.762Z
stubble,dictionary2,7,2026-09-21T21:02:56.575Z
dimpled,dictionary2,7,2026-09-21T21:02:56.843Z
wetting,dictionary2,7,2026-09-21T21:02:57.216Z
stalked,dictionary2,7,2026-09-21T21:02:58.067Z
roaming,dictionary2,7,2026-09-21T21:02:58.939Z
phonies,dictionary2,7,2026-09-21T21:02:59.771Z
corpses,dictionary2,7,2026-09-21T21:03:00.599Z
bighorn,dictionary2,7,2026-09-21T21:03:01.366Z
clothed,dictionary2,7,2026-09-21T21:03:02.442Z
despise,dictionary2,7,2026-09-21T21:03:03.267Z
numbers,dictionary2,7,2026-09-21T21:03:03.536Z
dialect,dictionary2,7,2026-09-21T21:03:04.431Z
coconut,dictionary2,7,2026-09-21T21:03:05.177Z
syringe,dictionary2,7,2026-09-21T21:03:05.935Z
hilltop,dictionary2,7,2026-09-21T21:03:06.194Z
untamed,dictionary2,7,2026-09-21T21:03:06.517Z
blaring,dictionary2,7,2026-09-21T21:03:07.485Z
granite,dictionary2,7,2026-09-21T21:03:08.250Z
bearing,dictionary2,7,2026-09-21T21:03:08.963Z
charged,dictionary2,7,2026-09-21T21:03:09.229Z
ruffled,dictionary2,7,2026-09-21T21:03:09.551Z
gangway,dictionary2,7,2026-09-21T21:03:09.880Z
package,dictionary2,7,2026-09-21T21:03:10.222Z
anytime,dictionary2,7,2026-09-21T21:03:10.553Z
critter,dictionary2,7,2026-09-21T21:03:11.380Z
boarded,dictionary2,7,2026-09-21T21:03:11.634Z
artwork,dictionary2,7,2026-09-21T21:03:11.987Z
tanning,dictionary2,7,2026-09-21T21:03:12.314Z
chimera,dictionary2,7,2026-09-21T21:03:13.201Z
horizon,dictionary2,7,2026-09-21T21:03:13.444Z
purging,dictionary2,7,2026-09-21T21:03:14.306Z
collide,dictionary2,7,2026-09-21T21:03:14.572Z
dodging,dictionary2,7,2026-09-21T21:03:15.424Z
rejects,dictionary2,7,2026-09-21T21:03:15.693Z
assault,dictionary2,7,2026-09-21T21:03:15.821Z
placate,dictionary2,7,2026-09-21T21:03:16.799Z
boombox,dictionary2,7,2026-09-21T21:03:17.543Z
shatter,dictionary2,7,2026-09-21T21:03:18.402Z
canyons,dictionary2,7,2026-09-21T21:03:19.160Z
piggies,dictionary2,7,2026-09-21T21:03:19.935Z
glimpse,dictionary2,7,2026-09-21T21:03:20.727Z
hateful,dictionary2,7,2026-09-21T21:03:20.972Z
blurred,dictionary2,7,2026-09-21T21:03:22.698Z
raisins,dictionary2,7,2026-09-21T21:03:23.476Z
quartet,dictionary2,7,2026-09-21T21:03:23.777Z
resumed,dictionary2,7,2026-09-21T21:03:25.303Z
taffeta,dictionary2,7,2026-09-21T21:03:26.114Z
stature,dictionary2,7,2026-09-21T21:03:26.932Z
jerries,dictionary2,7,2026-09-21T21:03:27.713Z
foliage,dictionary2,7,2026-09-21T21:03:28.052Z
cocaine,dictionary2,7,2026-09-21T21:03:29.535Z
herself,dictionary2,7,2026-09-21T21:03:29.777Z
marched,dictionary2,7,2026-09-21T21:03:30.149Z
snifter,dictionary2,7,2026-09-21T21:03:30.454Z
garment,dictionary2,7,2026-09-21T21:03:31.318Z
rifling,dictionary2,7,2026-09-21T21:03:32.090Z
stormed,dictionary2,7,2026-09-21T21:03:32.361Z
squeeze,dictionary2,7,2026-09-21T21:03:33.173Z
stagger,dictionary2,7,2026-09-21T21:03:33.444Z
tankers,dictionary2,7,2026-09-21T21:03:33.754Z
oatmeal,dictionary2,7,2026-09-21T21:03:34.098Z
feeling,dictionary2,7,2026-09-21T21:03:34.412Z
staging,dictionary2,7,2026-09-21T21:03:34.779Z
butters,dictionary2,7,2026-09-21T21:03:35.181Z
hallway,dictionary2,7,2026-09-21T21:03:36.031Z
nuttier,dictionary2,7,2026-09-21T21:03:36.825Z
cheater,dictionary2,7,2026-09-21T21:03:37.605Z
defense,dictionary2,7,2026-09-21T21:03:37.846Z
privacy,dictionary2,7,2026-09-21T21:03:38.746Z
spiders,dictionary2,7,2026-09-21T21:03:39.494Z
admiral,dictionary2,7,2026-09-21T21:03:39.761Z
engages,dictionary2,7,2026-09-21T21:03:40.130Z
coupons,dictionary2,7,2026-09-21T21:03:40.923Z
crafted,dictionary2,7,2026-09-21T21:03:41.187Z
favored,dictionary2,7,2026-09-21T21:03:41.966Z
heaving,dictionary2,7,2026-09-21T21:03:42.757Z
plunder,dictionary2,7,2026-09-21T21:03:43.018Z
awkward,dictionary2,7,2026-09-21T21:03:43.848Z
hacksaw,dictionary2,7,2026-09-21T21:03:44.642Z
bizarre,dictionary2,7,2026-09-21T21:03:45.344Z
wagging,dictionary2,7,2026-09-21T21:03:46.129Z
flapped,dictionary2,7,2026-09-21T21:03:46.413Z
shovels,dictionary2,7,2026-09-21T21:03:46.731Z
overrun,dictionary2,7,2026-09-21T21:03:46.954Z
sampled,dictionary2,7,2026-09-21T21:03:48.156Z
stapler,dictionary2,7,2026-09-21T21:03:48.442Z
stealer,dictionary2,7,2026-09-21T21:03:49.383Z
collins,dictionary2,7,2026-09-21T21:03:49.623Z
publish,dictionary2,7,2026-09-21T21:03:49.968Z
demands,dictionary2,7,2026-09-21T21:03:50.778Z
fleabag,dictionary2,7,2026-09-21T21:03:51.498Z
satanic,dictionary2,7,2026-09-21T21:03:51.769Z
helipad,dictionary2,7,2026-09-21T21:03:52.779Z
kissing,dictionary2,7,2026-09-21T21:03:53.066Z
buffoon,dictionary2,7,2026-09-21T21:03:53.916Z
drought,dictionary2,7,2026-09-21T21:03:54.201Z
cousins,dictionary2,7,2026-09-21T21:03:54.490Z
chipped,dictionary2,7,2026-09-21T21:03:54.858Z
confine,dictionary2,7,2026-09-21T21:03:55.179Z
mystery,dictionary2,7,2026-09-21T21:03:56.033Z
quizzes,dictionary2,7,2026-09-21T21:03:56.767Z
knitted,dictionary2,7,2026-09-21T21:03:57.886Z
wiseass,dictionary2,7,2026-09-21T21:03:58.772Z
expires,dictionary2,7,2026-09-21T21:03:59.035Z
ability,dictionary2,7,2026-09-21T21:03:59.356Z
kindest,dictionary2,7,2026-09-21T21:04:00.202Z
seduced,dictionary2,7,2026-09-21T21:04:00.960Z
marking,dictionary2,7,2026-09-21T21:04:01.220Z
sterile,dictionary2,7,2026-09-21T21:04:02.087Z
utility,dictionary2,7,2026-09-21T21:04:02.836Z
rivalry,dictionary2,7,2026-09-21T21:04:03.630Z
reduced,dictionary2,7,2026-09-21T21:04:04.358Z
therapy,dictionary2,7,2026-09-21T21:04:05.182Z
nuptial,dictionary2,7,2026-09-21T21:04:05.896Z
natural,dictionary2,7,2026-09-21T21:04:06.686Z
godlike,dictionary2,7,2026-09-21T21:04:06.943Z
steamed,dictionary2,7,2026-09-21T21:04:07.717Z
hatchet,dictionary2,7,2026-09-21T21:04:07.957Z
algebra,dictionary2,7,2026-09-21T21:04:08.291Z
bowling,dictionary2,7,2026-09-21T21:04:09.123Z
teaming,dictionary2,7,2026-09-21T21:04:09.910Z
drifter,dictionary2,7,2026-09-21T21:04:10.164Z
pissant,dictionary2,7,2026-09-21T21:04:11.035Z
whacked,dictionary2,7,2026-09-21T21:04:11.315Z
pierced,dictionary2,7,2026-09-21T21:04:11.621Z
patient,dictionary2,7,2026-09-21T21:04:11.958Z
wayside,dictionary2,7,2026-09-21T21:04:12.313Z
scalpel,dictionary2,7,2026-09-21T21:04:12.633Z
shuttle,dictionary2,7,2026-09-21T21:04:13.534Z
passing,dictionary2,7,2026-09-21T21:04:13.766Z
hackman,dictionary2,7,2026-09-21T21:04:14.144Z
answers,dictionary2,7,2026-09-21T21:04:15.111Z
heading,dictionary2,7,2026-09-21T21:04:15.911Z
enabled,dictionary2,7,2026-09-21T21:04:16.738Z
thanked,dictionary2,7,2026-09-21T21:04:17.510Z
slowest,dictionary2,7,2026-09-21T21:04:17.773Z
nominal,dictionary2,7,2026-09-21T21:04:18.095Z
advisor,dictionary2,7,2026-09-21T21:04:18.455Z
heroics,dictionary2,7,2026-09-21T21:04:18.816Z
reverts,dictionary2,7,2026-09-21T21:04:19.050Z
symptom,dictionary2,7,2026-09-21T21:04:19.929Z
reroute,dictionary2,7,2026-09-21T21:04:20.239Z
therein,dictionary2,7,2026-09-21T21:04:21.065Z
hippies,dictionary2,7,2026-09-21T21:04:21.313Z
factory,dictionary2,7,2026-09-21T21:04:21.668Z
present,dictionary2,7,2026-09-21T21:04:22.002Z
sandman,dictionary2,7,2026-09-21T21:04:22.327Z
baboons,dictionary2,7,2026-09-21T21:04:23.160Z
briefed,dictionary2,7,2026-09-21T21:04:23.427Z
magnets,dictionary2,7,2026-09-21T21:04:24.231Z
nitrous,dictionary2,7,2026-09-21T21:04:25.011Z
seminal,dictionary2,7,2026-09-21T21:04:25.827Z
replace,dictionary2,7,2026-09-21T21:04:26.087Z
defaced,dictionary2,7,2026-09-21T21:04:26.985Z
hitched,dictionary2,7,2026-09-21T21:04:27.823Z
swallow,dictionary2,7,2026-09-21T21:04:28.613Z
chimney,dictionary2,7,2026-09-21T21:04:28.906Z
sisters,dictionary2,7,2026-09-21T21:04:29.206Z
scouted,dictionary2,7,2026-09-21T21:04:30.044Z
seizing,dictionary2,7,2026-09-21T21:04:30.780Z
costing,dictionary2,7,2026-09-21T21:04:31.577Z
vouched,dictionary2,7,2026-09-21T21:04:32.402Z
alright,dictionary2,7,2026-09-21T21:04:33.143Z
triumph,dictionary2,7,2026-09-21T21:04:33.391Z
columns,dictionary2,7,2026-09-21T21:04:34.300Z
onstage,dictionary2,7,2026-09-21T21:04:35.248Z
gallant,dictionary2,7,2026-09-21T21:04:36.097Z
related,dictionary2,7,2026-09-21T21:04:36.361Z
logical,dictionary2,7,2026-09-21T21:04:37.367Z
wedgies,dictionary2,7,2026-09-21T21:04:38.098Z
coverup,dictionary2,7,2026-09-21T21:04:38.877Z
lecture,dictionary2,7,2026-09-21T21:04:39.665Z
paragon,dictionary2,7,2026-09-21T21:04:40.655Z
hexapod,dictionary-obscure,7,2026-09-21T21:04:44.150Z
antlers,dictionary-obscure,7,2026-09-21T21:04:46.797Z
metrist,dictionary-obscure,7,2026-09-21T21:04:47.647Z
blunted,dictionary-obscure,7,2026-09-21T21:04:48.842Z
othmany,dictionary-obscure,7,2026-09-21T21:04:49.106Z
insaner,dictionary-obscure,7,2026-09-21T21:04:49.902Z
hunkers,dictionary-obscure,7,2026-09-21T21:04:50.277Z
peabody,dictionary-obscure,7,2026-09-21T21:04:52.995Z
grieved,dictionary-obscure,7,2026-09-21T21:04:54.776Z
dinnery,dictionary-obscure,7,2026-09-21T21:04:55.582Z
carsick,dictionary-obscure,7,2026-09-21T21:04:58.715Z
typists,dictionary-obscure,7,2026-09-21T21:04:59.539Z
havened,dictionary-obscure,7,2026-09-21T21:04:59.797Z
zairian,dictionary-obscure,7,2026-09-21T21:05:00.147Z
misaims,dictionary-obscure,7,2026-09-21T21:05:03.757Z
bubinga,dictionary-obscure,7,2026-09-21T21:05:05.389Z
knappan,dictionary-obscure,7,2026-09-21T21:05:06.387Z
stickel,dictionary-obscure,7,2026-09-21T21:05:09.230Z
crittur,dictionary-obscure,7,2026-09-21T21:05:09.533Z
helenin,dictionary-obscure,7,2026-09-21T21:05:11.066Z
roberto,dictionary-obscure,7,2026-09-21T21:05:11.795Z
nullism,dictionary-obscure,7,2026-09-21T21:05:13.557Z
tedders,dictionary-obscure,7,2026-09-21T21:05:14.367Z
patonce,dictionary-obscure,7,2026-09-21T21:05:14.954Z
rolando,dictionary-obscure,7,2026-09-21T21:05:15.812Z
sherpas,dictionary-obscure,7,2026-09-21T21:05:16.083Z
julidan,dictionary-obscure,7,2026-09-21T21:05:16.947Z
quakers,dictionary-obscure,7,2026-09-21T21:05:17.197Z
jailage,dictionary-obscure,7,2026-09-21T21:05:19.169Z
pipings,dictionary-obscure,7,2026-09-21T21:05:19.478Z
tigrish,dictionary-obscure,7,2026-09-21T21:05:20.097Z
spaniol,dictionary-obscure,7,2026-09-21T21:05:20.984Z
cultish,dictionary-obscure,7,2026-09-21T21:05:21.786Z
wangala,dictionary-obscure,7,2026-09-21T21:05:24.484Z
stearin,dictionary-obscure,7,2026-09-21T21:05:24.729Z
gaspers,dictionary-obscure,7,2026-09-21T21:05:25.074Z
descant,dictionary-obscure,7,2026-09-21T21:05:26.804Z
weasons,dictionary-obscure,7,2026-09-21T21:05:27.898Z
dismays,dictionary-obscure,7,2026-09-21T21:05:28.198Z
kahunas,dictionary-obscure,7,2026-09-21T21:05:29.016Z
milvago,dictionary-obscure,7,2026-09-21T21:05:29.868Z
fruiter,dictionary-obscure,7,2026-09-21T21:05:30.118Z
skelper,dictionary-obscure,7,2026-09-21T21:05:30.940Z
mucking,dictionary-obscure,7,2026-09-21T21:05:31.726Z
bundook,dictionary-obscure,7,2026-09-21T21:05:34.220Z
bluffly,dictionary-obscure,7,2026-09-21T21:05:35.066Z
spathic,dictionary-obscure,7,2026-09-21T21:05:36.542Z
miskeep,dictionary-obscure,7,2026-09-21T21:05:36.841Z
sprawls,dictionary-obscure,7,2026-09-21T21:05:37.156Z
doubler,dictionary-obscure,7,2026-09-21T21:05:37.505Z
reglair,dictionary-obscure,7,2026-09-21T21:05:37.806Z
jacinth,dictionary-obscure,7,2026-09-21T21:05:38.599Z
wapatoo,dictionary-obscure,7,2026-09-21T21:05:38.884Z
alaster,dictionary-obscure,7,2026-09-21T21:05:40.060Z
disrate,dictionary-obscure,7,2026-09-21T21:05:40.835Z
barbula,dictionary-obscure,7,2026-09-21T21:05:41.621Z
beauish,dictionary-obscure,7,2026-09-21T21:05:42.635Z
flusher,dictionary-obscure,7,2026-09-21T21:05:43.223Z
voiding,dictionary-obscure,7,2026-09-21T21:05:44.107Z
falutin,dictionary-obscure,7,2026-09-21T21:05:45.523Z
blacker,dictionary-obscure,7,2026-09-21T21:05:46.276Z
ricking,dictionary-obscure,7,2026-09-21T21:05:47.431Z
melange,dictionary-obscure,7,2026-09-21T21:05:47.691Z
termino,dictionary-obscure,7,2026-09-21T21:05:48.567Z
ashfall,dictionary-obscure,7,2026-09-21T21:05:49.851Z
mussier,dictionary-obscure,7,2026-09-21T21:05:50.529Z
cleaved,dictionary-obscure,7,2026-09-21T21:05:51.668Z
choisya,dictionary-obscure,7,2026-09-21T21:05:53.321Z
angolan,dictionary-obscure,7,2026-09-21T21:05:55.325Z
berated,dictionary-obscure,7,2026-09-21T21:05:55.589Z
demurer,dictionary-obscure,7,2026-09-21T21:05:59.492Z
wielder,dictionary-obscure,7,2026-09-21T21:06:00.475Z
acinose,dictionary-obscure,7,2026-09-21T21:06:01.343Z
subsoil,dictionary-obscure,7,2026-09-21T21:06:02.118Z
bulimia,dictionary-obscure,7,2026-09-21T21:06:03.094Z
lenient,dictionary-obscure,7,2026-09-21T21:06:05.662Z
maarten,dictionary-obscure,7,2026-09-21T21:06:09.274Z
beckett,dictionary-obscure,7,2026-09-21T21:06:10.339Z
regalia,dictionary-obscure,7,2026-09-21T21:06:11.154Z
anonyme,dictionary-obscure,7,2026-09-21T21:06:11.851Z
breaden,dictionary-obscure,7,2026-09-21T21:06:12.466Z
bumbler,dictionary-obscure,7,2026-09-21T21:06:13.312Z
padrona,dictionary-obscure,7,2026-09-21T21:06:13.580Z
dewless,dictionary-obscure,7,2026-09-21T21:06:15.111Z
screamy,dictionary-obscure,7,2026-09-21T21:06:16.730Z
jellied,dictionary-obscure,7,2026-09-21T21:06:17.574Z
cynthia,dictionary-obscure,7,2026-09-21T21:06:21.626Z
angevin,dictionary-obscure,7,2026-09-21T21:06:23.094Z
feralin,dictionary-obscure,7,2026-09-21T21:06:23.907Z
gunnels,dictionary-obscure,7,2026-09-21T21:06:25.278Z
chanduy,dictionary-obscure,7,2026-09-21T21:06:26.257Z
eluting,dictionary-obscure,7,2026-09-21T21:06:27.848Z
ranquel,dictionary-obscure,7,2026-09-21T21:06:28.780Z
schrank,dictionary-obscure,7,2026-09-21T21:06:29.203Z
identic,dictionary-obscure,7,2026-09-21T21:06:31.712Z
foremen,dictionary-obscure,7,2026-09-21T21:06:32.074Z
anglish,dictionary-obscure,7,2026-09-21T21:06:32.883Z
stankie,dictionary-obscure,7,2026-09-21T21:06:33.142Z
chicote,dictionary-obscure,7,2026-09-21T21:06:34.027Z
codeina,dictionary-obscure,7,2026-09-21T21:06:34.761Z
huckles,dictionary-obscure,7,2026-09-21T21:06:35.542Z
sharifs,dictionary-obscure,7,2026-09-21T21:06:35.827Z
unicity,dictionary-obscure,7,2026-09-21T21:06:36.660Z
snipped,dictionary-obscure,7,2026-09-21T21:06:40.677Z
tritium,dictionary-obscure,7,2026-09-21T21:06:41.546Z
riffler,dictionary-obscure,7,2026-09-21T21:06:42.386Z
inequal,dictionary-obscure,7,2026-09-21T21:06:44.198Z
aegises,dictionary-obscure,7,2026-09-21T21:06:45.011Z
oculate,dictionary-obscure,7,2026-09-21T21:06:45.761Z
algenib,dictionary-obscure,7,2026-09-21T21:06:46.534Z
dwindle,dictionary-obscure,7,2026-09-21T21:06:46.786Z
extatic,dictionary-obscure,7,2026-09-21T21:06:47.158Z
clausal,dictionary-obscure,7,2026-09-21T21:06:50.680Z
needler,dictionary-obscure,7,2026-09-21T21:06:51.523Z
sthenia,dictionary-obscure,7,2026-09-21T21:06:54.508Z
pillary,dictionary-obscure,7,2026-09-21T21:06:55.385Z
woodlet,dictionary-obscure,7,2026-09-21T21:06:56.861Z
marrier,dictionary-obscure,7,2026-09-21T21:06:59.262Z
lioness,dictionary-obscure,7,2026-09-21T21:07:00.390Z
cordite,dictionary-obscure,7,2026-09-21T21:07:01.162Z
crosier,dictionary-obscure,7,2026-09-21T21:07:01.430Z
degreed,dictionary-obscure,7,2026-09-21T21:07:02.249Z
unlevel,dictionary-obscure,7,2026-09-21T21:07:03.562Z
fermion,dictionary-obscure,7,2026-09-21T21:07:04.774Z
squeezy,dictionary-obscure,7,2026-09-21T21:07:05.055Z
junonia,dictionary-obscure,7,2026-09-21T21:07:08.910Z
severer,dictionary-obscure,7,2026-09-21T21:07:10.706Z
stasima,dictionary-obscure,7,2026-09-21T21:07:11.446Z
limbers,dictionary-obscure,7,2026-09-21T21:07:12.233Z
medials,dictionary-obscure,7,2026-09-21T21:07:13.042Z
kaikara,dictionary-obscure,7,2026-09-21T21:07:14.648Z
paresis,dictionary-obscure,7,2026-09-21T21:07:16.168Z
plovers,dictionary-obscure,7,2026-09-21T21:07:17.520Z
ashrafi,dictionary-obscure,7,2026-09-21T21:07:18.352Z
acridly,dictionary-obscure,7,2026-09-21T21:07:21.626Z
intines,dictionary-obscure,7,2026-09-21T21:07:22.347Z
milkmen,dictionary-obscure,7,2026-09-21T21:07:23.169Z
frontis,dictionary-obscure,7,2026-09-21T21:07:23.902Z
fisting,dictionary-obscure,7,2026-09-21T21:07:25.451Z
absinth,dictionary-obscure,7,2026-09-21T21:07:26.250Z
dimatis,dictionary-obscure,7,2026-09-21T21:07:27.329Z
marilla,dictionary-obscure,7,2026-09-21T21:07:27.594Z
lastage,dictionary-obscure,7,2026-09-21T21:07:28.605Z
immerge,dictionary-obscure,7,2026-09-21T21:07:30.889Z
yawnful,dictionary-obscure,7,2026-09-21T21:07:35.237Z
hornero,dictionary-obscure,7,2026-09-21T21:07:36.274Z
creolin,dictionary-obscure,7,2026-09-21T21:07:37.209Z
rotaman,dictionary-obscure,7,2026-09-21T21:07:37.475Z
frights,dictionary-obscure,7,2026-09-21T21:07:38.513Z
swelter,dictionary-obscure,7,2026-09-21T21:07:39.981Z
audient,dictionary-obscure,7,2026-09-21T21:07:40.968Z
stanley,dictionary-obscure,7,2026-09-21T21:07:43.221Z
kantian,dictionary-obscure,7,2026-09-21T21:07:43.967Z
blocker,dictionary-obscure,7,2026-09-21T21:07:44.746Z
crosser,dictionary-obscure,7,2026-09-21T21:07:45.477Z
glinted,dictionary-obscure,7,2026-09-21T21:07:46.585Z
prebble,dictionary-obscure,7,2026-09-21T21:07:47.262Z
chincha,dictionary-obscure,7,2026-09-21T21:07:50.129Z
sambuca,dictionary-obscure,7,2026-09-21T21:07:52.401Z
abulias,dictionary-obscure,7,2026-09-21T21:07:52.657Z
sifflet,dictionary-obscure,7,2026-09-21T21:07:53.463Z
namaste,dictionary-obscure,7,2026-09-21T21:07:54.223Z
obelias,dictionary-obscure,7,2026-09-21T21:07:55.836Z
disjoin,dictionary-obscure,7,2026-09-21T21:07:56.108Z
pibroch,dictionary-obscure,7,2026-09-21T21:07:57.125Z
pandava,dictionary-obscure,7,2026-09-21T21:07:59.057Z
gunplay,dictionary-obscure,7,2026-09-21T21:08:03.265Z
bezique,dictionary-obscure,7,2026-09-21T21:08:03.853Z
fumbles,dictionary-obscure,7,2026-09-21T21:08:05.667Z
sinoper,dictionary-obscure,7,2026-09-21T21:08:06.788Z
clayish,dictionary-obscure,7,2026-09-21T21:08:07.051Z
reaming,dictionary-obscure,7,2026-09-21T21:08:08.229Z
unright,dictionary-obscure,7,2026-09-21T21:08:09.024Z
abutter,dictionary-obscure,7,2026-09-21T21:08:11.755Z
angeles,dictionary-obscure,7,2026-09-21T21:08:12.492Z
roselet,dictionary-obscure,7,2026-09-21T21:08:15.162Z
pristis,dictionary-obscure,7,2026-09-21T21:08:16.665Z
takelma,dictionary-obscure,7,2026-09-21T21:08:18.166Z
gibbled,dictionary-obscure,7,2026-09-21T21:08:18.950Z
conkers,dictionary-obscure,7,2026-09-21T21:08:23.770Z
gordius,dictionary-obscure,7,2026-09-21T21:08:24.662Z
chesser,dictionary-obscure,7,2026-09-21T21:08:27.000Z
compony,dictionary-obscure,7,2026-09-21T21:08:27.713Z
audibly,dictionary-obscure,7,2026-09-21T21:08:29.120Z
hobnobs,dictionary-obscure,7,2026-09-21T21:08:30.701Z
sapling,dictionary-obscure,7,2026-09-21T21:08:30.947Z
pomeroy,dictionary-obscure,7,2026-09-21T21:08:31.100Z
omalgia,dictionary-obscure,7,2026-09-21T21:08:31.971Z
matchet,dictionary-obscure,7,2026-09-21T21:08:33.213Z
pansies,dictionary-obscure,7,2026-09-21T21:08:34.843Z
familic,dictionary-obscure,7,2026-09-21T21:08:37.274Z
panning,dictionary-obscure,7,2026-09-21T21:08:37.973Z
seniory,dictionary-obscure,7,2026-09-21T21:08:39.501Z
susanee,dictionary-obscure,7,2026-09-21T21:08:40.248Z
cantala,dictionary-obscure,7,2026-09-21T21:08:41.009Z
